match_id,season_year,round,match_date,league_id,home_club,away_club,home_goals,away_goals,ht_home_goals,ht_away_goals
1,2018,1,2018-08-10,1,Man United,Leicester,2,1,1,0
2,2018,1,2018-08-10,5,Marseille,Toulouse,4,0,1,0
3,2018,2,2018-08-11,1,Bournemouth,Cardiff,2,0,1,0
4,2018,2,2018-08-11,1,Fulham,Crystal Palace,0,2,0,1
5,2018,2,2018-08-11,1,Huddersfield,Chelsea,0,3,0,2
6,2018,2,2018-08-11,1,Newcastle,Tottenham,1,2,1,2
7,2018,2,2018-08-11,1,Watford,Brighton,2,0,1,0
8,2018,2,2018-08-11,1,Wolves,Everton,2,2,1,1
9,2018,2,2018-08-11,5,Angers,Nimes,3,4,1,1
10,2018,2,2018-08-11,5,Lille,Rennes,3,1,1,1
11,2018,2,2018-08-11,5,Montpellier,Dijon,1,2,1,0
12,2018,2,2018-08-11,5,Nantes,Monaco,1,3,0,0
13,2018,2,2018-08-11,5,Nice,Reims,0,1,0,1
14,2018,2,2018-08-11,5,St Etienne,Guingamp,2,1,1,0
15,2018,3,2018-08-12,1,Arsenal,Man City,0,2,0,1
16,2018,3,2018-08-12,1,Liverpool,West Ham,4,0,2,0
17,2018,3,2018-08-12,1,Southampton,Burnley,0,0,0,0
18,2018,3,2018-08-12,5,Bordeaux,Strasbourg,0,2,0,0
19,2018,3,2018-08-12,5,Lyon,Amiens,2,0,1,0
20,2018,3,2018-08-12,5,Paris SG,Caen,3,0,2,0
21,2018,1,2018-08-17,2,Betis,Levante,0,3,0,1
22,2018,1,2018-08-17,2,Girona,Valladolid,0,0,0,0
23,2018,4,2018-08-17,5,Reims,Lyon,1,0,1,0
24,2018,4,2018-08-18,1,Cardiff,Newcastle,0,0,0,0
25,2018,4,2018-08-18,1,Chelsea,Arsenal,3,2,2,2
26,2018,4,2018-08-18,1,Everton,Southampton,2,1,2,0
27,2018,4,2018-08-18,1,Leicester,Wolves,2,0,2,0
28,2018,4,2018-08-18,1,Tottenham,Fulham,3,1,1,0
29,2018,4,2018-08-18,1,West Ham,Bournemouth,1,2,1,0
30,2018,2,2018-08-18,2,Barcelona,Alaves,3,0,0,0
31,2018,2,2018-08-18,2,Celta,Espanol,1,1,0,1
32,2018,2,2018-08-18,2,Villarreal,Sociedad,1,2,1,1
33,2018,1,2018-08-18,3,Chievo,Juventus,2,3,1,1
34,2018,1,2018-08-18,3,Lazio,Napoli,1,2,1,1
35,2018,5,2018-08-18,5,Amiens,Montpellier,1,2,0,0
36,2018,5,2018-08-18,5,Caen,Nice,1,1,0,0
37,2018,5,2018-08-18,5,Dijon,Nantes,2,0,1,0
38,2018,5,2018-08-18,5,Guingamp,Paris SG,1,3,1,0
39,2018,5,2018-08-18,5,Monaco,Lille,0,0,0,0
40,2018,5,2018-08-18,5,Rennes,Angers,1,0,0,0
41,2018,5,2018-08-19,1,Brighton,Man United,3,2,3,1
42,2018,5,2018-08-19,1,Burnley,Watford,1,3,1,1
43,2018,5,2018-08-19,1,Man City,Huddersfield,6,1,3,1
44,2018,3,2018-08-19,2,Eibar,Huesca,1,2,0,2
45,2018,3,2018-08-19,2,Real Madrid,Getafe,2,0,1,0
46,2018,3,2018-08-19,2,Vallecano,Sevilla,1,4,0,3
47,2018,2,2018-08-19,3,Bologna,Spal,0,1,0,0
48,2018,2,2018-08-19,3,Empoli,Cagliari,2,0,1,0
49,2018,2,2018-08-19,3,Parma,Udinese,2,2,1,0
50,2018,2,2018-08-19,3,Sassuolo,Inter,1,0,1,0
51,2018,2,2018-08-19,3,Torino,Roma,0,1,0,0
52,2018,6,2018-08-19,5,Nimes,Marseille,3,1,1,0
53,2018,6,2018-08-19,5,Strasbourg,St Etienne,1,1,0,0
54,2018,6,2018-08-19,5,Toulouse,Bordeaux,2,1,1,0
55,2018,6,2018-08-20,1,Crystal Palace,Liverpool,0,2,0,1
56,2018,4,2018-08-20,2,Ath Bilbao,Leganes,2,1,1,1
57,2018,4,2018-08-20,2,Valencia,Ath Madrid,1,1,0,1
58,2018,3,2018-08-20,3,Atalanta,Frosinone,4,0,1,0
59,2018,5,2018-08-24,2,Getafe,Eibar,2,0,1,0
60,2018,5,2018-08-24,2,Leganes,Sociedad,2,2,0,2
61,2018,1,2018-08-24,4,Bayern Munich,Hoffenheim,3,1,1,0
62,2018,7,2018-08-24,5,Lyon,Strasbourg,2,0,1,0
63,2018,7,2018-08-25,1,Arsenal,West Ham,3,1,1,1
64,2018,7,2018-08-25,1,Bournemouth,Everton,2,2,0,0
65,2018,7,2018-08-25,1,Huddersfield,Cardiff,0,0,0,0
66,2018,7,2018-08-25,1,Liverpool,Brighton,1,0,1,0
67,2018,7,2018-08-25,1,Southampton,Leicester,1,2,0,0
68,2018,7,2018-08-25,1,Wolves,Man City,1,1,0,0
69,2018,6,2018-08-25,2,Alaves,Betis,0,0,0,0
70,2018,6,2018-08-25,2,Ath Madrid,Vallecano,1,0,0,0
71,2018,6,2018-08-25,2,Valladolid,Barcelona,0,1,0,0
72,2018,4,2018-08-25,3,Juventus,Lazio,2,0,1,0
73,2018,4,2018-08-25,3,Napoli,Milan,3,2,0,1
74,2018,2,2018-08-25,4,Fortuna Dusseldorf,Augsburg,1,2,1,0
75,2018,2,2018-08-25,4,Freiburg,Ein Frankfurt,0,2,0,1
76,2018,2,2018-08-25,4,Hertha,Nurnberg,1,0,1,0
77,2018,2,2018-08-25,4,M'gladbach,Leverkusen,2,0,0,0
78,2018,2,2018-08-25,4,Werder Bremen,Hannover,1,1,0,0
79,2018,2,2018-08-25,4,Wolfsburg,Schalke 04,2,1,1,0
80,2018,8,2018-08-25,5,Amiens,Reims,4,1,1,0
81,2018,8,2018-08-25,5,Montpellier,St Etienne,0,0,0,0
82,2018,8,2018-08-25,5,Nantes,Caen,1,1,0,1
83,2018,8,2018-08-25,5,Nice,Dijon,0,4,0,0
84,2018,8,2018-08-25,5,Paris SG,Angers,3,1,1,1
85,2018,8,2018-08-25,5,Toulouse,Nimes,1,0,0,0
86,2018,8,2018-08-26,1,Fulham,Burnley,4,2,3,2
87,2018,8,2018-08-26,1,Newcastle,Chelsea,1,2,0,0
88,2018,8,2018-08-26,1,Watford,Crystal Palace,2,1,0,0
89,2018,7,2018-08-26,2,Espanol,Valencia,2,0,0,0
90,2018,7,2018-08-26,2,Girona,Real Madrid,1,4,1,1
91,2018,7,2018-08-26,2,Sevilla,Villarreal,0,0,0,0
92,2018,5,2018-08-26,3,Cagliari,Sassuolo,2,2,1,0
93,2018,5,2018-08-26,3,Fiorentina,Chievo,6,1,2,0
94,2018,5,2018-08-26,3,Frosinone,Bologna,0,0,0,0
95,2018,5,2018-08-26,3,Genoa,Empoli,2,1,2,0
96,2018,5,2018-08-26,3,Inter,Torino,2,2,2,0
97,2018,5,2018-08-26,3,Spal,Parma,1,0,0,0
98,2018,5,2018-08-26,3,Udinese,Sampdoria,1,0,1,0
99,2018,3,2018-08-26,4,Dortmund,RB Leipzig,4,1,3,1
100,2018,3,2018-08-26,4,Mainz,Stuttgart,1,0,0,0
101,2018,9,2018-08-26,5,Bordeaux,Monaco,2,1,0,0
102,2018,9,2018-08-26,5,Lille,Guingamp,3,0,2,0
103,2018,9,2018-08-26,5,Marseille,Rennes,2,2,0,2
104,2018,9,2018-08-27,1,Man United,Tottenham,0,3,0,0
105,2018,8,2018-08-27,2,Ath Bilbao,Huesca,2,2,0,0
106,2018,8,2018-08-27,2,Levante,Celta,1,2,0,2
107,2018,6,2018-08-27,3,Roma,Atalanta,3,3,1,3
108,2018,9,2018-08-31,2,Eibar,Sociedad,2,1,1,1
109,2018,9,2018-08-31,2,Getafe,Valladolid,0,0,0,0
110,2018,9,2018-08-31,2,Villarreal,Girona,0,1,0,0
111,2018,7,2018-08-31,3,Milan,Roma,2,1,1,0
112,2018,4,2018-08-31,4,Hannover,Dortmund,0,0,0,0
113,2018,10,2018-08-31,5,Lyon,Nice,0,1,0,0
114,2018,10,2018-09-01,1,Brighton,Fulham,2,2,0,1
115,2018,10,2018-09-01,1,Chelsea,Bournemouth,2,0,0,0
116,2018,10,2018-09-01,1,Crystal Palace,Southampton,0,2,0,0
117,2018,10,2018-09-01,1,Everton,Huddersfield,1,1,1,1
118,2018,10,2018-09-01,1,Leicester,Liverpool,1,2,0,2
119,2018,10,2018-09-01,1,Man City,Newcastle,2,1,1,1
120,2018,10,2018-09-01,1,West Ham,Wolves,0,1,0,0
121,2018,10,2018-09-01,2,Celta,Ath Madrid,2,0,0,0
122,2018,10,2018-09-01,2,Real Madrid,Leganes,4,1,1,1
123,2018,8,2018-09-01,3,Bologna,Inter,0,3,0,0
124,2018,8,2018-09-01,3,Parma,Juventus,1,2,1,1
125,2018,5,2018-09-01,4,Augsburg,M'gladbach,1,1,1,0
126,2018,5,2018-09-01,4,Ein Frankfurt,Werder Bremen,1,2,0,1
127,2018,5,2018-09-01,4,Hoffenheim,Freiburg,3,1,0,1
128,2018,5,2018-09-01,4,Leverkusen,Wolfsburg,1,3,1,1
129,2018,5,2018-09-01,4,Nurnberg,Mainz,1,1,0,1
130,2018,5,2018-09-01,4,Stuttgart,Bayern Munich,0,3,0,1
131,2018,11,2018-09-01,5,Angers,Lille,1,0,0,0
132,2018,11,2018-09-01,5,Dijon,Caen,0,2,0,1
133,2018,11,2018-09-01,5,Guingamp,Toulouse,1,2,1,2
134,2018,11,2018-09-01,5,Nimes,Paris SG,2,4,0,2
135,2018,11,2018-09-01,5,Reims,Montpellier,0,1,0,0
136,2018,11,2018-09-01,5,Strasbourg,Nantes,2,3,1,2
137,2018,11,2018-09-02,1,Burnley,Man United,0,2,0,2
138,2018,11,2018-09-02,1,Cardiff,Arsenal,2,3,1,1
139,2018,11,2018-09-02,1,Watford,Tottenham,2,1,0,0
140,2018,11,2018-09-02,2,Alaves,Espanol,2,1,0,1
141,2018,11,2018-09-02,2,Barcelona,Huesca,8,2,3,2
142,2018,11,2018-09-02,2,Betis,Sevilla,1,0,0,0
143,2018,11,2018-09-02,2,Levante,Valencia,2,2,2,1
144,2018,9,2018-09-02,3,Atalanta,Cagliari,0,1,0,1
145,2018,9,2018-09-02,3,Chievo,Empoli,0,0,0,0
146,2018,9,2018-09-02,3,Fiorentina,Udinese,1,0,0,0
147,2018,9,2018-09-02,3,Lazio,Frosinone,1,0,0,0
148,2018,9,2018-09-02,3,Sampdoria,Napoli,3,0,2,0
149,2018,9,2018-09-02,3,Sassuolo,Genoa,5,3,4,1
150,2018,9,2018-09-02,3,Torino,Spal,1,0,0,0
151,2018,6,2018-09-02,4,RB Leipzig,Fortuna Dusseldorf,1,1,0,0
152,2018,6,2018-09-02,4,Schalke 04,Hertha,0,2,0,1
153,2018,12,2018-09-02,5,Monaco,Marseille,2,3,0,1
154,2018,12,2018-09-02,5,Rennes,Bordeaux,2,0,2,0
155,2018,12,2018-09-02,5,St Etienne,Amiens,0,0,0,0
156,2018,12,2018-09-14,2,Huesca,Vallecano,0,1,0,1
157,2018,7,2018-09-14,4,Dortmund,Ein Frankfurt,3,1,1,0
158,2018,13,2018-09-14,5,Nice,Rennes,2,1,0,0
159,2018,13,2018-09-14,5,Paris SG,St Etienne,4,0,1,0
160,2018,12,2018-09-15,1,Bournemouth,Leicester,4,2,3,0
161,2018,12,2018-09-15,1,Chelsea,Cardiff,4,1,2,1
162,2018,12,2018-09-15,1,Huddersfield,Crystal Palace,0,1,0,1
163,2018,12,2018-09-15,1,Man City,Fulham,3,0,2,0
164,2018,12,2018-09-15,1,Newcastle,Arsenal,1,2,0,0
165,2018,12,2018-09-15,1,Tottenham,Liverpool,1,2,0,1
166,2018,12,2018-09-15,1,Watford,Man United,1,2,0,2
167,2018,13,2018-09-15,2,Ath Bilbao,Real Madrid,1,1,1,0
168,2018,13,2018-09-15,2,Ath Madrid,Eibar,1,1,0,0
169,2018,13,2018-09-15,2,Sociedad,Barcelona,1,2,1,0
170,2018,13,2018-09-15,2,Valencia,Betis,0,0,0,0
171,2018,10,2018-09-15,3,Frosinone,Sampdoria,0,5,0,1
172,2018,10,2018-09-15,3,Inter,Parma,0,1,0,0
173,2018,10,2018-09-15,3,Napoli,Fiorentina,1,0,0,0
174,2018,8,2018-09-15,4,Bayern Munich,Leverkusen,3,1,2,1
175,2018,8,2018-09-15,4,Fortuna Dusseldorf,Hoffenheim,2,1,1,0
176,2018,8,2018-09-15,4,M'gladbach,Schalke 04,2,1,1,0
177,2018,8,2018-09-15,4,Mainz,Augsburg,2,1,0,0
178,2018,8,2018-09-15,4,RB Leipzig,Hannover,3,2,2,1
179,2018,8,2018-09-15,4,Wolfsburg,Hertha,2,2,0,0
180,2018,14,2018-09-15,5,Amiens,Lille,2,3,0,1
181,2018,14,2018-09-15,5,Caen,Lyon,2,2,0,1
182,2018,14,2018-09-15,5,Dijon,Angers,1,3,1,3
183,2018,14,2018-09-15,5,Montpellier,Strasbourg,1,1,0,0
184,2018,14,2018-09-15,5,Toulouse,Monaco,1,1,0,0
185,2018,13,2018-09-16,1,Everton,West Ham,1,3,1,2
186,2018,13,2018-09-16,1,Wolves,Burnley,1,0,0,0
187,2018,14,2018-09-16,2,Espanol,Levante,1,0,0,0
188,2018,14,2018-09-16,2,Leganes,Villarreal,0,1,0,0
189,2018,14,2018-09-16,2,Sevilla,Getafe,0,2,0,2
190,2018,14,2018-09-16,2,Valladolid,Alaves,0,1,0,0
191,2018,11,2018-09-16,3,Cagliari,Milan,1,1,1,0
192,2018,11,2018-09-16,3,Empoli,Lazio,0,1,0,0
193,2018,11,2018-09-16,3,Genoa,Bologna,1,0,0,0
194,2018,11,2018-09-16,3,Juventus,Sassuolo,2,1,0,0
195,2018,11,2018-09-16,3,Roma,Chievo,2,2,2,0
196,2018,11,2018-09-16,3,Udinese,Torino,1,1,1,0
197,2018,9,2018-09-16,4,Freiburg,Stuttgart,3,3,1,1
198,2018,9,2018-09-16,4,Werder Bremen,Nurnberg,1,1,1,0
199,2018,15,2018-09-16,5,Bordeaux,Nimes,3,3,1,2
200,2018,15,2018-09-16,5,Marseille,Guingamp,4,0,0,0
201,2018,15,2018-09-16,5,Nantes,Reims,0,0,0,0
202,2018,14,2018-09-17,1,Southampton,Brighton,2,2,1,0
203,2018,15,2018-09-17,2,Girona,Celta,3,2,2,1
204,2018,12,2018-09-17,3,Spal,Atalanta,2,0,0,0
205,2018,13,2018-09-19,3,Sampdoria,Fiorentina,1,1,0,1
206,2018,16,2018-09-21,2,Huesca,Sociedad,0,1,0,0
207,2018,14,2018-09-21,3,Sassuolo,Empoli,3,1,1,1
208,2018,10,2018-09-21,4,Stuttgart,Fortuna Dusseldorf,0,0,0,0
209,2018,16,2018-09-21,5,Monaco,Nimes,1,1,1,1
210,2018,15,2018-09-22,1,Brighton,Tottenham,1,2,0,1
211,2018,15,2018-09-22,1,Burnley,Bournemouth,4,0,2,0
212,2018,15,2018-09-22,1,Cardiff,Man City,0,5,0,3
213,2018,15,2018-09-22,1,Crystal Palace,Newcastle,0,0,0,0
214,2018,15,2018-09-22,1,Fulham,Watford,1,1,0,1
215,2018,15,2018-09-22,1,Leicester,Huddersfield,3,1,1,1
216,2018,15,2018-09-22,1,Liverpool,Southampton,3,0,3,0
217,2018,15,2018-09-22,1,Man United,Wolves,1,1,1,0
218,2018,17,2018-09-22,2,Celta,Valladolid,3,3,2,1
219,2018,17,2018-09-22,2,Eibar,Leganes,1,0,0,0
220,2018,17,2018-09-22,2,Getafe,Ath Madrid,0,2,0,1
221,2018,17,2018-09-22,2,Real Madrid,Espanol,1,0,1,0
222,2018,17,2018-09-22,2,Vallecano,Alaves,1,5,1,2
223,2018,15,2018-09-22,3,Fiorentina,Spal,3,0,2,0
224,2018,15,2018-09-22,3,Parma,Cagliari,2,0,1,0
225,2018,15,2018-09-22,3,Sampdoria,Inter,0,1,0,0
226,2018,11,2018-09-22,4,Augsburg,Werder Bremen,2,3,1,2
227,2018,11,2018-09-22,4,Hertha,M'gladbach,4,2,2,1
228,2018,11,2018-09-22,4,Hoffenheim,Dortmund,1,1,1,0
229,2018,11,2018-09-22,4,Nurnberg,Hannover,2,0,0,0
230,2018,11,2018-09-22,4,Schalke 04,Bayern Munich,0,2,0,1
231,2018,11,2018-09-22,4,Wolfsburg,Freiburg,1,3,0,2
232,2018,17,2018-09-22,5,Angers,Toulouse,0,0,0,0
233,2018,17,2018-09-22,5,Lille,Nantes,2,1,1,0
234,2018,17,2018-09-22,5,Montpellier,Nice,1,0,1,0
235,2018,17,2018-09-22,5,Reims,Dijon,0,0,0,0
236,2018,17,2018-09-22,5,St Etienne,Caen,2,1,0,1
237,2018,17,2018-09-22,5,Strasbourg,Amiens,3,1,0,1
238,2018,16,2018-09-23,1,Arsenal,Everton,2,0,0,0
239,2018,16,2018-09-23,1,West Ham,Chelsea,0,0,0,0
240,2018,18,2018-09-23,2,Barcelona,Girona,2,2,1,1
241,2018,18,2018-09-23,2,Betis,Ath Bilbao,2,2,0,2
242,2018,18,2018-09-23,2,Levante,Sevilla,2,6,1,4
243,2018,18,2018-09-23,2,Villarreal,Valencia,0,0,0,0
244,2018,16,2018-09-23,3,Bologna,Roma,2,0,1,0
245,2018,16,2018-09-23,3,Chievo,Udinese,0,2,0,0
246,2018,16,2018-09-23,3,Frosinone,Juventus,0,2,0,0
247,2018,16,2018-09-23,3,Lazio,Genoa,4,1,2,0
248,2018,16,2018-09-23,3,Milan,Atalanta,2,2,1,0
249,2018,16,2018-09-23,3,Torino,Napoli,1,3,0,2
250,2018,12,2018-09-23,4,Ein Frankfurt,RB Leipzig,1,1,1,0
251,2018,12,2018-09-23,4,Leverkusen,Mainz,1,0,0,0
252,2018,18,2018-09-23,5,Guingamp,Bordeaux,1,3,0,0
253,2018,18,2018-09-23,5,Lyon,Marseille,4,2,1,1
254,2018,18,2018-09-23,5,Rennes,Paris SG,1,3,1,1
255,2018,19,2018-09-25,2,Ath Madrid,Huesca,3,0,3,0
256,2018,19,2018-09-25,2,Espanol,Eibar,1,0,0,0
257,2018,19,2018-09-25,2,Sociedad,Vallecano,2,2,1,2
258,2018,17,2018-09-25,3,Inter,Fiorentina,2,1,1,0
259,2018,13,2018-09-25,4,Bayern Munich,Augsburg,1,1,0,0
260,2018,13,2018-09-25,4,Freiburg,Schalke 04,1,0,0,0
261,2018,13,2018-09-25,4,Hannover,Hoffenheim,1,3,0,1
262,2018,13,2018-09-25,4,Werder Bremen,Hertha,3,1,2,0
263,2018,19,2018-09-25,5,Monaco,Angers,0,1,0,1
264,2018,19,2018-09-25,5,Nantes,Nice,1,2,0,1
265,2018,19,2018-09-25,5,Toulouse,St Etienne,2,3,0,1
266,2018,20,2018-09-26,2,Ath Bilbao,Villarreal,0,3,0,0
267,2018,20,2018-09-26,2,Leganes,Barcelona,2,1,0,1
268,2018,20,2018-09-26,2,Sevilla,Real Madrid,3,0,3,0
269,2018,20,2018-09-26,2,Valencia,Celta,1,1,1,0
270,2018,18,2018-09-26,3,Atalanta,Torino,0,0,0,0
271,2018,18,2018-09-26,3,Cagliari,Sampdoria,0,0,0,0
272,2018,18,2018-09-26,3,Genoa,Chievo,2,0,1,0
273,2018,18,2018-09-26,3,Juventus,Bologna,2,0,2,0
274,2018,18,2018-09-26,3,Napoli,Parma,3,0,1,0
275,2018,18,2018-09-26,3,Roma,Frosinone,4,0,3,0
276,2018,18,2018-09-26,3,Udinese,Lazio,1,2,0,0
277,2018,14,2018-09-26,4,Dortmund,Nurnberg,7,0,2,0
278,2018,14,2018-09-26,4,Fortuna Dusseldorf,Leverkusen,1,2,0,0
279,2018,14,2018-09-26,4,M'gladbach,Ein Frankfurt,3,1,0,0
280,2018,14,2018-09-26,4,Mainz,Wolfsburg,0,0,0,0
281,2018,14,2018-09-26,4,RB Leipzig,Stuttgart,2,0,1,0
282,2018,20,2018-09-26,5,Amiens,Rennes,2,1,0,0
283,2018,20,2018-09-26,5,Bordeaux,Lille,1,0,1,0
284,2018,20,2018-09-26,5,Caen,Montpellier,2,2,1,1
285,2018,20,2018-09-26,5,Dijon,Lyon,0,3,0,3
286,2018,20,2018-09-26,5,Marseille,Strasbourg,3,2,2,1
287,2018,20,2018-09-26,5,Nimes,Guingamp,0,0,0,0
288,2018,20,2018-09-26,5,Paris SG,Reims,4,1,3,1
289,2018,21,2018-09-27,2,Alaves,Getafe,1,1,0,0
290,2018,21,2018-09-27,2,Girona,Betis,0,1,0,0
291,2018,21,2018-09-27,2,Valladolid,Levante,2,1,0,0
292,2018,19,2018-09-27,3,Empoli,Milan,1,1,0,1
293,2018,19,2018-09-27,3,Spal,Sassuolo,0,2,0,0
294,2018,22,2018-09-28,2,Vallecano,Espanol,2,2,1,2
295,2018,15,2018-09-28,4,Hertha,Bayern Munich,2,0,2,0
296,2018,21,2018-09-28,5,St Etienne,Monaco,2,0,1,0
297,2018,17,2018-09-29,1,Arsenal,Watford,2,0,0,0
298,2018,17,2018-09-29,1,Chelsea,Liverpool,1,1,1,0
299,2018,17,2018-09-29,1,Everton,Fulham,3,0,0,0
300,2018,17,2018-09-29,1,Huddersfield,Tottenham,0,2,0,2
301,2018,17,2018-09-29,1,Man City,Brighton,2,0,1,0
302,2018,17,2018-09-29,1,Newcastle,Leicester,0,2,0,1
303,2018,17,2018-09-29,1,West Ham,Man United,3,1,2,0
304,2018,17,2018-09-29,1,Wolves,Southampton,2,0,0,0
305,2018,23,2018-09-29,2,Barcelona,Ath Bilbao,1,1,0,1
306,2018,23,2018-09-29,2,Eibar,Sevilla,1,3,0,0
307,2018,23,2018-09-29,2,Real Madrid,Ath Madrid,0,0,0,0
308,2018,23,2018-09-29,2,Sociedad,Valencia,0,1,0,1
309,2018,20,2018-09-29,3,Inter,Cagliari,2,0,1,0
310,2018,20,2018-09-29,3,Juventus,Napoli,3,1,1,1
311,2018,20,2018-09-29,3,Roma,Lazio,3,1,1,0
312,2018,16,2018-09-29,4,Hoffenheim,RB Leipzig,1,2,0,0
313,2018,16,2018-09-29,4,Leverkusen,Dortmund,2,4,2,0
314,2018,16,2018-09-29,4,Nurnberg,Fortuna Dusseldorf,3,0,1,0
315,2018,16,2018-09-29,4,Schalke 04,Mainz,1,0,1,0
316,2018,16,2018-09-29,4,Stuttgart,Werder Bremen,2,1,1,0
317,2018,16,2018-09-29,4,Wolfsburg,M'gladbach,2,2,1,1
318,2018,22,2018-09-29,5,Angers,Guingamp,0,1,0,1
319,2018,22,2018-09-29,5,Caen,Amiens,1,0,1,0
320,2018,22,2018-09-29,5,Lyon,Nantes,1,1,1,0
321,2018,22,2018-09-29,5,Nice,Paris SG,0,3,0,1
322,2018,22,2018-09-29,5,Reims,Bordeaux,0,0,0,0
323,2018,22,2018-09-29,5,Strasbourg,Dijon,3,0,1,0
324,2018,18,2018-09-30,1,Cardiff,Burnley,1,2,0,0
325,2018,24,2018-09-30,2,Betis,Leganes,1,0,0,0
326,2018,24,2018-09-30,2,Huesca,Girona,1,1,0,1
327,2018,24,2018-09-30,2,Levante,Alaves,2,1,2,1
328,2018,24,2018-09-30,2,Villarreal,Valladolid,0,1,0,0
329,2018,21,2018-09-30,3,Bologna,Udinese,2,1,1,1
330,2018,21,2018-09-30,3,Chievo,Torino,0,1,0,0
331,2018,21,2018-09-30,3,Fiorentina,Atalanta,2,0,0,0
332,2018,21,2018-09-30,3,Frosinone,Genoa,1,2,1,2
333,2018,21,2018-09-30,3,Parma,Empoli,1,0,1,0
334,2018,21,2018-09-30,3,Sassuolo,Milan,1,4,0,1
335,2018,17,2018-09-30,4,Augsburg,Freiburg,4,1,2,0
336,2018,17,2018-09-30,4,Ein Frankfurt,Hannover,4,1,2,0
337,2018,23,2018-09-30,5,Lille,Marseille,3,0,0,0
338,2018,23,2018-09-30,5,Montpellier,Nimes,3,0,2,0
339,2018,23,2018-09-30,5,Rennes,Toulouse,1,1,0,0
340,2018,19,2018-10-01,1,Bournemouth,Crystal Palace,2,1,1,0
341,2018,25,2018-10-01,2,Celta,Getafe,1,1,1,0
342,2018,22,2018-10-01,3,Sampdoria,Spal,2,1,1,1
343,2018,20,2018-10-05,1,Brighton,West Ham,1,0,1,0
344,2018,26,2018-10-05,2,Ath Bilbao,Sociedad,1,3,1,1
345,2018,23,2018-10-05,3,Torino,Frosinone,3,2,1,0
346,2018,18,2018-10-05,4,Werder Bremen,Wolfsburg,2,0,1,0
347,2018,24,2018-10-05,5,Toulouse,Nice,1,1,0,1
348,2018,21,2018-10-06,1,Burnley,Huddersfield,1,1,1,0
349,2018,21,2018-10-06,1,Crystal Palace,Wolves,0,1,0,0
350,2018,21,2018-10-06,1,Leicester,Everton,1,2,1,1
351,2018,21,2018-10-06,1,Man United,Newcastle,3,2,0,2
352,2018,21,2018-10-06,1,Tottenham,Cardiff,1,0,1,0
353,2018,21,2018-10-06,1,Watford,Bournemouth,0,4,0,3
354,2018,27,2018-10-06,2,Alaves,Real Madrid,1,0,0,0
355,2018,27,2018-10-06,2,Getafe,Levante,0,1,0,0
356,2018,27,2018-10-06,2,Girona,Eibar,2,3,2,2
357,2018,27,2018-10-06,2,Leganes,Vallecano,1,0,1,0
358,2018,24,2018-10-06,3,Cagliari,Bologna,2,0,1,0
359,2018,24,2018-10-06,3,Empoli,Roma,0,2,0,1
360,2018,24,2018-10-06,3,Udinese,Juventus,0,2,0,2
361,2018,19,2018-10-06,4,Bayern Munich,M'gladbach,0,3,0,2
362,2018,19,2018-10-06,4,Dortmund,Augsburg,4,3,0,1
363,2018,19,2018-10-06,4,Fortuna Dusseldorf,Schalke 04,0,2,0,0
364,2018,19,2018-10-06,4,Hannover,Stuttgart,3,1,2,0
365,2018,19,2018-10-06,4,Mainz,Hertha,0,0,0,0
366,2018,25,2018-10-06,5,Amiens,Dijon,1,0,1,0
367,2018,25,2018-10-06,5,Angers,Strasbourg,2,2,0,2
368,2018,25,2018-10-06,5,Guingamp,Montpellier,1,1,0,1
369,2018,25,2018-10-06,5,Lille,St Etienne,3,1,1,1
370,2018,25,2018-10-06,5,Nimes,Reims,0,0,0,0
371,2018,22,2018-10-07,1,Fulham,Arsenal,1,5,1,1
372,2018,22,2018-10-07,1,Liverpool,Man City,0,0,0,0
373,2018,22,2018-10-07,1,Southampton,Chelsea,0,3,0,1
374,2018,28,2018-10-07,2,Ath Madrid,Betis,1,0,0,0
375,2018,28,2018-10-07,2,Espanol,Villarreal,3,1,1,1
376,2018,28,2018-10-07,2,Sevilla,Celta,2,1,1,0
377,2018,28,2018-10-07,2,Valencia,Barcelona,1,1,1,1
378,2018,28,2018-10-07,2,Valladolid,Huesca,1,0,1,0
379,2018,25,2018-10-07,3,Atalanta,Sampdoria,0,1,0,0
380,2018,25,2018-10-07,3,Genoa,Parma,1,3,1,3
381,2018,25,2018-10-07,3,Lazio,Fiorentina,1,0,1,0
382,2018,25,2018-10-07,3,Milan,Chievo,3,1,2,0
383,2018,25,2018-10-07,3,Napoli,Sassuolo,2,0,1,0
384,2018,25,2018-10-07,3,Spal,Inter,1,2,0,1
385,2018,20,2018-10-07,4,Freiburg,Leverkusen,0,0,0,0
386,2018,20,2018-10-07,4,Hoffenheim,Ein Frankfurt,1,2,0,1
387,2018,20,2018-10-07,4,RB Leipzig,Nurnberg,6,0,4,0
388,2018,26,2018-10-07,5,Bordeaux,Nantes,3,0,3,0
389,2018,26,2018-10-07,5,Marseille,Caen,2,0,2,0
390,2018,26,2018-10-07,5,Monaco,Rennes,1,2,0,1
391,2018,26,2018-10-07,5,Paris SG,Lyon,5,0,1,0
392,2018,29,2018-10-19,2,Celta,Alaves,0,1,0,0
393,2018,21,2018-10-19,4,Ein Frankfurt,Fortuna Dusseldorf,7,1,3,0
394,2018,27,2018-10-19,5,Lyon,Nimes,2,0,1,0
395,2018,23,2018-10-20,1,Bournemouth,Southampton,0,0,0,0
396,2018,23,2018-10-20,1,Cardiff,Fulham,4,2,2,2
397,2018,23,2018-10-20,1,Chelsea,Man United,2,2,1,0
398,2018,23,2018-10-20,1,Huddersfield,Liverpool,0,1,0,1
399,2018,23,2018-10-20,1,Man City,Burnley,5,0,1,0
400,2018,23,2018-10-20,1,Newcastle,Brighton,0,1,0,1
401,2018,23,2018-10-20,1,West Ham,Tottenham,0,1,0,1
402,2018,23,2018-10-20,1,Wolves,Watford,0,2,0,2
403,2018,30,2018-10-20,2,Barcelona,Sevilla,4,2,2,0
404,2018,30,2018-10-20,2,Real Madrid,Levante,1,2,0,2
405,2018,30,2018-10-20,2,Valencia,Leganes,1,1,0,0
406,2018,30,2018-10-20,2,Villarreal,Ath Madrid,1,1,0,0
407,2018,26,2018-10-20,3,Juventus,Genoa,1,1,1,0
408,2018,26,2018-10-20,3,Roma,Spal,0,2,0,1
409,2018,26,2018-10-20,3,Udinese,Napoli,0,3,0,1
410,2018,22,2018-10-20,4,Augsburg,RB Leipzig,0,0,0,0
411,2018,22,2018-10-20,4,Leverkusen,Hannover,2,2,1,1
412,2018,22,2018-10-20,4,Nurnberg,Hoffenheim,1,3,1,0
413,2018,22,2018-10-20,4,Schalke 04,Werder Bremen,0,2,0,1
414,2018,22,2018-10-20,4,Stuttgart,Dortmund,0,4,0,3
415,2018,22,2018-10-20,4,Wolfsburg,Bayern Munich,1,3,0,1
416,2018,28,2018-10-20,5,Caen,Guingamp,0,0,0,0
417,2018,28,2018-10-20,5,Dijon,Lille,1,2,0,2
418,2018,28,2018-10-20,5,Nantes,Toulouse,4,0,2,0
419,2018,28,2018-10-20,5,Paris SG,Amiens,5,0,2,0
420,2018,28,2018-10-20,5,Reims,Angers,1,1,0,1
421,2018,28,2018-10-20,5,Strasbourg,Monaco,2,1,1,0
422,2018,24,2018-10-21,1,Everton,Crystal Palace,2,0,0,0
423,2018,31,2018-10-21,2,Betis,Valladolid,0,1,0,1
424,2018,31,2018-10-21,2,Eibar,Ath Bilbao,1,1,1,1
425,2018,31,2018-10-21,2,Huesca,Espanol,0,2,0,1
426,2018,31,2018-10-21,2,Vallecano,Getafe,1,2,0,0
427,2018,27,2018-10-21,3,Bologna,Torino,2,2,0,1
428,2018,27,2018-10-21,3,Chievo,Atalanta,1,5,0,2
429,2018,27,2018-10-21,3,Fiorentina,Cagliari,1,1,0,0
430,2018,27,2018-10-21,3,Frosinone,Empoli,3,3,1,1
431,2018,27,2018-10-21,3,Inter,Milan,1,0,0,0
432,2018,27,2018-10-21,3,Parma,Lazio,0,2,0,0
433,2018,23,2018-10-21,4,Hertha,Freiburg,1,1,1,1
434,2018,23,2018-10-21,4,M'gladbach,Mainz,4,0,1,0
435,2018,29,2018-10-21,5,Montpellier,Bordeaux,2,0,1,0
436,2018,29,2018-10-21,5,Nice,Marseille,0,1,0,1
437,2018,29,2018-10-21,5,St Etienne,Rennes,1,1,1,1
438,2018,25,2018-10-22,1,Arsenal,Leicester,3,1,1,1
439,2018,32,2018-10-22,2,Sociedad,Girona,0,0,0,0
440,2018,28,2018-10-22,3,Sampdoria,Sassuolo,0,0,0,0
441,2018,33,2018-10-24,2,Vallecano,Ath Bilbao,1,1,1,0
442,2018,34,2018-10-26,2,Valladolid,Espanol,1,1,0,1
443,2018,24,2018-10-26,4,Freiburg,M'gladbach,3,1,1,1
444,2018,30,2018-10-26,5,Nimes,St Etienne,1,1,0,1
445,2018,26,2018-10-27,1,Brighton,Wolves,1,0,0,0
446,2018,26,2018-10-27,1,Fulham,Bournemouth,0,3,0,1
447,2018,26,2018-10-27,1,Leicester,West Ham,1,1,0,1
448,2018,26,2018-10-27,1,Liverpool,Cardiff,4,1,1,0
449,2018,26,2018-10-27,1,Southampton,Newcastle,0,0,0,0
450,2018,26,2018-10-27,1,Watford,Huddersfield,3,0,2,0
451,2018,35,2018-10-27,2,Ath Bilbao,Valencia,0,0,0,0
452,2018,35,2018-10-27,2,Ath Madrid,Sociedad,2,0,1,0
453,2018,35,2018-10-27,2,Celta,Eibar,4,0,2,0
454,2018,35,2018-10-27,2,Girona,Vallecano,2,1,2,0
455,2018,35,2018-10-27,2,Levante,Leganes,2,0,1,0
456,2018,29,2018-10-27,3,Atalanta,Parma,3,0,0,0
457,2018,29,2018-10-27,3,Empoli,Juventus,1,2,1,0
458,2018,29,2018-10-27,3,Torino,Fiorentina,1,1,1,1
459,2018,25,2018-10-27,4,Dortmund,Hertha,2,2,1,1
460,2018,25,2018-10-27,4,Fortuna Dusseldorf,Wolfsburg,0,3,0,1
461,2018,25,2018-10-27,4,Hannover,Augsburg,1,2,0,1
462,2018,25,2018-10-27,4,Hoffenheim,Stuttgart,4,0,0,0
463,2018,25,2018-10-27,4,Mainz,Bayern Munich,1,2,0,1
464,2018,31,2018-10-27,5,Amiens,Nantes,1,2,0,1
465,2018,31,2018-10-27,5,Angers,Lyon,1,2,0,0
466,2018,31,2018-10-27,5,Guingamp,Strasbourg,1,1,1,0
467,2018,31,2018-10-27,5,Lille,Caen,1,0,0,0
468,2018,31,2018-10-27,5,Monaco,Dijon,2,2,1,1
469,2018,31,2018-10-27,5,Toulouse,Montpellier,0,3,0,2
470,2018,27,2018-10-28,1,Burnley,Chelsea,0,4,0,1
471,2018,27,2018-10-28,1,Crystal Palace,Arsenal,2,2,1,0
472,2018,27,2018-10-28,1,Man United,Everton,2,1,1,0
473,2018,36,2018-10-28,2,Alaves,Villarreal,2,1,0,1
474,2018,36,2018-10-28,2,Barcelona,Real Madrid,5,1,2,0
475,2018,36,2018-10-28,2,Getafe,Betis,2,0,0,0
476,2018,36,2018-10-28,2,Sevilla,Huesca,2,1,0,0
477,2018,30,2018-10-28,3,Cagliari,Chievo,2,1,1,0
478,2018,30,2018-10-28,3,Genoa,Udinese,2,2,1,0
479,2018,30,2018-10-28,3,Milan,Sampdoria,3,2,2,2
480,2018,30,2018-10-28,3,Napoli,Roma,1,1,0,1
481,2018,30,2018-10-28,3,Sassuolo,Bologna,2,2,1,1
482,2018,30,2018-10-28,3,Spal,Frosinone,0,3,0,1
483,2018,26,2018-10-28,4,Nurnberg,Ein Frankfurt,1,1,0,0
484,2018,26,2018-10-28,4,RB Leipzig,Schalke 04,0,0,0,0
485,2018,26,2018-10-28,4,Werder Bremen,Leverkusen,2,6,0,3
486,2018,32,2018-10-28,5,Bordeaux,Nice,0,1,0,0
487,2018,32,2018-10-28,5,Marseille,Paris SG,0,2,0,0
488,2018,32,2018-10-28,5,Rennes,Reims,0,2,0,1
489,2018,28,2018-10-29,1,Tottenham,Man City,0,1,0,1
490,2018,31,2018-10-29,3,Lazio,Inter,0,3,0,2
491,2018,32,2018-10-31,3,Milan,Genoa,2,1,1,0
492,2018,33,2018-11-02,3,Napoli,Empoli,5,1,2,0
493,2018,27,2018-11-02,4,Stuttgart,Ein Frankfurt,0,3,0,2
494,2018,33,2018-11-02,5,Paris SG,Lille,2,1,0,0
495,2018,29,2018-11-03,1,Arsenal,Liverpool,1,1,0,0
496,2018,29,2018-11-03,1,Bournemouth,Man United,1,2,1,1
497,2018,29,2018-11-03,1,Cardiff,Leicester,0,1,0,0
498,2018,29,2018-11-03,1,Everton,Brighton,3,1,1,1
499,2018,29,2018-11-03,1,Newcastle,Watford,1,0,0,0
500,2018,29,2018-11-03,1,West Ham,Burnley,4,2,1,1
501,2018,29,2018-11-03,1,Wolves,Tottenham,2,3,0,2
502,2018,37,2018-11-03,2,Leganes,Ath Madrid,1,1,0,0
503,2018,37,2018-11-03,2,Real Madrid,Valladolid,2,0,0,0
504,2018,37,2018-11-03,2,Valencia,Girona,0,1,0,0
505,2018,37,2018-11-03,2,Vallecano,Barcelona,2,3,1,1
506,2018,34,2018-11-03,3,Fiorentina,Roma,1,1,1,0
507,2018,34,2018-11-03,3,Inter,Genoa,5,0,2,0
508,2018,34,2018-11-03,3,Juventus,Cagliari,3,1,2,1
509,2018,28,2018-11-03,4,Augsburg,Nurnberg,2,2,1,0
510,2018,28,2018-11-03,4,Bayern Munich,Freiburg,1,1,0,0
511,2018,28,2018-11-03,4,Hertha,RB Leipzig,0,3,0,1
512,2018,28,2018-11-03,4,Leverkusen,Hoffenheim,1,4,1,2
513,2018,28,2018-11-03,4,Schalke 04,Hannover,3,1,0,0
514,2018,28,2018-11-03,4,Wolfsburg,Dortmund,0,1,0,1
515,2018,34,2018-11-03,5,Caen,Rennes,1,2,0,0
516,2018,34,2018-11-03,5,Dijon,Nimes,0,4,0,2
517,2018,34,2018-11-03,5,Lyon,Bordeaux,1,1,1,0
518,2018,34,2018-11-03,5,Nice,Amiens,1,0,1,0
519,2018,34,2018-11-03,5,Reims,Monaco,1,0,1,0
520,2018,34,2018-11-03,5,Strasbourg,Toulouse,1,1,0,0
521,2018,30,2018-11-04,1,Chelsea,Crystal Palace,3,1,1,0
522,2018,30,2018-11-04,1,Man City,Southampton,6,1,4,1
523,2018,38,2018-11-04,2,Betis,Celta,3,3,1,0
524,2018,38,2018-11-04,2,Eibar,Alaves,2,1,0,1
525,2018,38,2018-11-04,2,Huesca,Getafe,1,1,0,0
526,2018,38,2018-11-04,2,Sociedad,Sevilla,0,0,0,0
527,2018,38,2018-11-04,2,Villarreal,Levante,1,1,0,0
528,2018,35,2018-11-04,3,Bologna,Atalanta,1,2,1,0
529,2018,35,2018-11-04,3,Chievo,Sassuolo,0,2,0,1
530,2018,35,2018-11-04,3,Lazio,Spal,4,1,2,1
531,2018,35,2018-11-04,3,Parma,Frosinone,0,0,0,0
532,2018,35,2018-11-04,3,Sampdoria,Torino,1,4,0,2
533,2018,35,2018-11-04,3,Udinese,Milan,0,1,0,0
534,2018,29,2018-11-04,4,M'gladbach,Fortuna Dusseldorf,3,0,0,0
535,2018,29,2018-11-04,4,Mainz,Werder Bremen,2,1,1,0
536,2018,35,2018-11-04,5,Montpellier,Marseille,3,0,0,0
537,2018,35,2018-11-04,5,Nantes,Guingamp,5,0,1,0
538,2018,35,2018-11-04,5,St Etienne,Angers,4,3,2,2
539,2018,31,2018-11-05,1,Huddersfield,Fulham,1,0,1,0
540,2018,39,2018-11-05,2,Espanol,Ath Bilbao,1,0,1,0
541,2018,40,2018-11-09,2,Levante,Sociedad,1,3,1,0
542,2018,36,2018-11-09,3,Frosinone,Fiorentina,1,1,0,0
543,2018,30,2018-11-09,4,Hannover,Wolfsburg,2,1,1,0
544,2018,36,2018-11-09,5,Lille,Strasbourg,0,0,0,0
545,2018,32,2018-11-10,1,Cardiff,Brighton,2,1,1,1
546,2018,32,2018-11-10,1,Crystal Palace,Tottenham,0,1,0,0
547,2018,32,2018-11-10,1,Huddersfield,West Ham,1,1,1,0
548,2018,32,2018-11-10,1,Leicester,Burnley,0,0,0,0
549,2018,32,2018-11-10,1,Newcastle,Bournemouth,2,1,2,1
550,2018,32,2018-11-10,1,Southampton,Watford,1,1,1,0
551,2018,41,2018-11-10,2,Ath Madrid,Ath Bilbao,3,2,0,1
552,2018,41,2018-11-10,2,Getafe,Valencia,0,1,0,0
553,2018,41,2018-11-10,2,Girona,Leganes,0,0,0,0
554,2018,41,2018-11-10,2,Valladolid,Eibar,0,0,0,0
555,2018,37,2018-11-10,3,Genoa,Napoli,1,2,1,0
556,2018,37,2018-11-10,3,Spal,Cagliari,2,2,1,0
557,2018,37,2018-11-10,3,Torino,Parma,1,2,1,2
558,2018,31,2018-11-10,4,Dortmund,Bayern Munich,3,2,0,1
559,2018,31,2018-11-10,4,Fortuna Dusseldorf,Hertha,4,1,0,0
560,2018,31,2018-11-10,4,Freiburg,Mainz,1,3,0,2
561,2018,31,2018-11-10,4,Hoffenheim,Augsburg,2,1,0,0
562,2018,31,2018-11-10,4,Nurnberg,Stuttgart,0,2,0,0
563,2018,31,2018-11-10,4,Werder Bremen,M'gladbach,1,3,0,1
564,2018,37,2018-11-10,5,Angers,Montpellier,1,0,0,0
565,2018,37,2018-11-10,5,Guingamp,Lyon,2,4,1,0
566,2018,37,2018-11-10,5,Nimes,Nice,0,1,0,0
567,2018,37,2018-11-10,5,St Etienne,Reims,2,0,2,0
568,2018,37,2018-11-10,5,Toulouse,Amiens,0,1,0,1
569,2018,33,2018-11-11,1,Arsenal,Wolves,1,1,0,1
570,2018,33,2018-11-11,1,Chelsea,Everton,0,0,0,0
571,2018,33,2018-11-11,1,Liverpool,Fulham,2,0,1,0
572,2018,33,2018-11-11,1,Man City,Man United,3,1,1,0
573,2018,42,2018-11-11,2,Alaves,Huesca,2,1,1,1
574,2018,42,2018-11-11,2,Barcelona,Betis,3,4,0,2
575,2018,42,2018-11-11,2,Celta,Real Madrid,2,4,0,1
576,2018,42,2018-11-11,2,Sevilla,Espanol,2,1,0,1
577,2018,42,2018-11-11,2,Vallecano,Villarreal,2,2,1,1
578,2018,38,2018-11-11,3,Atalanta,Inter,4,1,1,0
579,2018,38,2018-11-11,3,Chievo,Bologna,2,2,2,1
580,2018,38,2018-11-11,3,Empoli,Udinese,2,1,1,0
581,2018,38,2018-11-11,3,Milan,Juventus,0,2,0,1
582,2018,38,2018-11-11,3,Roma,Sampdoria,4,1,1,0
583,2018,38,2018-11-11,3,Sassuolo,Lazio,1,1,1,1
584,2018,32,2018-11-11,4,Ein Frankfurt,Schalke 04,3,0,0,0
585,2018,32,2018-11-11,4,RB Leipzig,Leverkusen,3,0,1,0
586,2018,38,2018-11-11,5,Bordeaux,Caen,0,0,0,0
587,2018,38,2018-11-11,5,Marseille,Dijon,2,0,1,0
588,2018,38,2018-11-11,5,Monaco,Paris SG,0,4,0,2
589,2018,38,2018-11-11,5,Rennes,Nantes,1,1,1,1
590,2018,43,2018-11-23,2,Leganes,Alaves,1,0,1,0
591,2018,33,2018-11-23,4,Leverkusen,Stuttgart,2,0,0,0
592,2018,39,2018-11-23,5,Lyon,St Etienne,1,0,0,0
593,2018,34,2018-11-24,1,Brighton,Leicester,1,1,1,0
594,2018,34,2018-11-24,1,Everton,Cardiff,1,0,0,0
595,2018,34,2018-11-24,1,Fulham,Southampton,3,2,2,1
596,2018,34,2018-11-24,1,Man United,Crystal Palace,0,0,0,0
597,2018,34,2018-11-24,1,Tottenham,Chelsea,3,1,2,0
598,2018,34,2018-11-24,1,Watford,Liverpool,0,3,0,0
599,2018,34,2018-11-24,1,West Ham,Man City,0,4,0,3
600,2018,44,2018-11-24,2,Ath Madrid,Barcelona,1,1,0,0
601,2018,44,2018-11-24,2,Eibar,Real Madrid,3,0,1,0
602,2018,44,2018-11-24,2,Huesca,Levante,2,2,1,1
603,2018,44,2018-11-24,2,Valencia,Vallecano,3,0,1,0
604,2018,39,2018-11-24,3,Inter,Frosinone,3,0,1,0
605,2018,39,2018-11-24,3,Juventus,Spal,2,0,1,0
606,2018,39,2018-11-24,3,Udinese,Roma,1,0,0,0
607,2018,34,2018-11-24,4,Augsburg,Ein Frankfurt,1,3,0,1
608,2018,34,2018-11-24,4,Bayern Munich,Fortuna Dusseldorf,3,3,2,1
609,2018,34,2018-11-24,4,Hertha,Hoffenheim,3,3,1,2
610,2018,34,2018-11-24,4,Mainz,Dortmund,1,2,0,0
611,2018,34,2018-11-24,4,Schalke 04,Nurnberg,5,2,2,1
612,2018,34,2018-11-24,4,Wolfsburg,RB Leipzig,1,0,0,0
613,2018,40,2018-11-24,5,Caen,Monaco,0,1,0,0
614,2018,40,2018-11-24,5,Dijon,Bordeaux,0,0,0,0
615,2018,40,2018-11-24,5,Nantes,Angers,1,1,0,1
616,2018,40,2018-11-24,5,Paris SG,Toulouse,1,0,1,0
617,2018,40,2018-11-24,5,Reims,Guingamp,2,1,1,0
618,2018,40,2018-11-24,5,Strasbourg,Nimes,0,1,0,0
619,2018,35,2018-11-25,1,Bournemouth,Arsenal,1,2,1,1
620,2018,35,2018-11-25,1,Wolves,Huddersfield,0,2,0,1
621,2018,45,2018-11-25,2,Ath Bilbao,Getafe,1,1,0,0
622,2018,45,2018-11-25,2,Espanol,Girona,1,3,0,2
623,2018,45,2018-11-25,2,Sevilla,Valladolid,1,0,1,0
624,2018,45,2018-11-25,2,Villarreal,Betis,2,1,0,0
625,2018,40,2018-11-25,3,Bologna,Fiorentina,0,0,0,0
626,2018,40,2018-11-25,3,Empoli,Atalanta,3,2,1,2
627,2018,40,2018-11-25,3,Genoa,Sampdoria,1,1,1,1
628,2018,40,2018-11-25,3,Lazio,Milan,1,1,0,0
629,2018,40,2018-11-25,3,Napoli,Chievo,0,0,0,0
630,2018,40,2018-11-25,3,Parma,Sassuolo,2,1,2,1
631,2018,35,2018-11-25,4,Freiburg,Werder Bremen,1,1,1,0
632,2018,35,2018-11-25,4,M'gladbach,Hannover,4,1,2,1
633,2018,41,2018-11-25,5,Amiens,Marseille,1,3,1,1
634,2018,41,2018-11-25,5,Montpellier,Rennes,2,2,1,1
635,2018,41,2018-11-25,5,Nice,Lille,2,0,1,0
636,2018,36,2018-11-26,1,Burnley,Newcastle,1,2,1,2
637,2018,46,2018-11-26,2,Sociedad,Celta,2,1,1,0
638,2018,41,2018-11-26,3,Cagliari,Torino,0,0,0,0
639,2018,37,2018-11-30,1,Cardiff,Wolves,2,1,0,1
640,2018,47,2018-11-30,2,Vallecano,Eibar,1,0,0,0
641,2018,36,2018-11-30,4,Fortuna Dusseldorf,Mainz,0,1,0,0
642,2018,42,2018-11-30,5,St Etienne,Nantes,3,0,0,0
643,2018,38,2018-12-01,1,Crystal Palace,Burnley,2,0,1,0
644,2018,38,2018-12-01,1,Huddersfield,Brighton,1,2,1,1
645,2018,38,2018-12-01,1,Leicester,Watford,2,0,2,0
646,2018,38,2018-12-01,1,Man City,Bournemouth,3,1,1,1
647,2018,38,2018-12-01,1,Newcastle,West Ham,0,3,0,1
648,2018,38,2018-12-01,1,Southampton,Man United,2,2,2,2
649,2018,48,2018-12-01,2,Celta,Huesca,2,0,1,0
650,2018,48,2018-12-01,2,Getafe,Espanol,3,0,0,0
651,2018,48,2018-12-01,2,Real Madrid,Valencia,2,0,1,0
652,2018,48,2018-12-01,2,Valladolid,Leganes,2,4,0,2
653,2018,42,2018-12-01,3,Fiorentina,Juventus,0,3,0,1
654,2018,42,2018-12-01,3,Sampdoria,Bologna,4,1,3,1
655,2018,42,2018-12-01,3,Spal,Empoli,2,2,1,2
656,2018,37,2018-12-01,4,Dortmund,Freiburg,2,0,1,0
657,2018,37,2018-12-01,4,Hannover,Hertha,0,2,0,1
658,2018,37,2018-12-01,4,Hoffenheim,Schalke 04,1,1,0,0
659,2018,37,2018-12-01,4,Stuttgart,Augsburg,1,0,1,0
660,2018,37,2018-12-01,4,Werder Bremen,Bayern Munich,1,2,1,1
661,2018,43,2018-12-01,5,Angers,Caen,1,1,0,0
662,2018,43,2018-12-01,5,Guingamp,Nice,0,0,0,0
663,2018,43,2018-12-01,5,Lille,Lyon,2,2,2,0
664,2018,43,2018-12-01,5,Monaco,Montpellier,1,2,1,0
665,2018,43,2018-12-01,5,Nimes,Amiens,3,0,1,0
666,2018,39,2018-12-02,1,Arsenal,Tottenham,4,2,1,2
667,2018,39,2018-12-02,1,Chelsea,Fulham,2,0,1,0
668,2018,39,2018-12-02,1,Liverpool,Everton,1,0,0,0
669,2018,49,2018-12-02,2,Alaves,Sevilla,1,1,1,0
670,2018,49,2018-12-02,2,Barcelona,Villarreal,2,0,1,0
671,2018,49,2018-12-02,2,Betis,Sociedad,1,0,1,0
672,2018,49,2018-12-02,2,Girona,Ath Madrid,1,1,1,0
673,2018,43,2018-12-02,3,Chievo,Lazio,1,1,1,0
674,2018,43,2018-12-02,3,Frosinone,Cagliari,1,1,1,0
675,2018,43,2018-12-02,3,Milan,Parma,2,1,0,0
676,2018,43,2018-12-02,3,Roma,Inter,2,2,0,1
677,2018,43,2018-12-02,3,Sassuolo,Udinese,0,0,0,0
678,2018,43,2018-12-02,3,Torino,Genoa,2,1,2,1
679,2018,38,2018-12-02,4,Ein Frankfurt,Wolfsburg,1,2,0,1
680,2018,38,2018-12-02,4,RB Leipzig,M'gladbach,2,0,2,0
681,2018,44,2018-12-02,5,Bordeaux,Paris SG,2,2,0,1
682,2018,44,2018-12-02,5,Marseille,Reims,0,0,0,0
683,2018,44,2018-12-02,5,Rennes,Strasbourg,1,4,1,2
684,2018,44,2018-12-02,5,Toulouse,Dijon,2,2,0,1
685,2018,50,2018-12-03,2,Levante,Ath Bilbao,3,0,1,0
686,2018,44,2018-12-03,3,Atalanta,Napoli,1,2,0,1
687,2018,39,2018-12-03,4,Nurnberg,Leverkusen,1,1,0,1
688,2018,40,2018-12-04,1,Bournemouth,Huddersfield,2,1,2,1
689,2018,40,2018-12-04,1,Brighton,Crystal Palace,3,1,3,0
690,2018,40,2018-12-04,1,Watford,Man City,1,2,0,1
691,2018,40,2018-12-04,1,West Ham,Cardiff,3,1,0,0
692,2018,45,2018-12-04,5,Amiens,Monaco,0,2,0,1
693,2018,45,2018-12-04,5,Montpellier,Lille,0,1,0,1
694,2018,45,2018-12-04,5,Nice,Angers,0,0,0,0
695,2018,41,2018-12-05,1,Burnley,Liverpool,1,3,0,0
696,2018,41,2018-12-05,1,Everton,Newcastle,1,1,1,1
697,2018,41,2018-12-05,1,Fulham,Leicester,1,1,1,0
698,2018,41,2018-12-05,1,Man United,Arsenal,2,2,1,1
699,2018,41,2018-12-05,1,Tottenham,Southampton,3,1,1,0
700,2018,41,2018-12-05,1,Wolves,Chelsea,2,1,0,1
701,2018,46,2018-12-05,5,Bordeaux,St Etienne,3,2,1,1
702,2018,46,2018-12-05,5,Caen,Nimes,1,2,0,1
703,2018,46,2018-12-05,5,Dijon,Guingamp,2,1,1,0
704,2018,46,2018-12-05,5,Lyon,Rennes,0,2,0,2
705,2018,46,2018-12-05,5,Nantes,Marseille,3,2,2,2
706,2018,46,2018-12-05,5,Reims,Toulouse,0,1,0,1
707,2018,46,2018-12-05,5,Strasbourg,Paris SG,1,1,1,0
708,2018,51,2018-12-07,2,Leganes,Getafe,1,1,0,1
709,2018,45,2018-12-07,3,Juventus,Inter,1,0,0,0
710,2018,40,2018-12-07,4,Werder Bremen,Fortuna Dusseldorf,3,1,1,1
711,2018,42,2018-12-08,1,Arsenal,Huddersfield,1,0,0,0
712,2018,42,2018-12-08,1,Bournemouth,Liverpool,0,4,0,1
713,2018,42,2018-12-08,1,Burnley,Brighton,1,0,1,0
714,2018,42,2018-12-08,1,Cardiff,Southampton,1,0,0,0
715,2018,42,2018-12-08,1,Chelsea,Man City,2,0,1,0
716,2018,42,2018-12-08,1,Leicester,Tottenham,0,2,0,1
717,2018,42,2018-12-08,1,Man United,Fulham,4,1,3,0
718,2018,42,2018-12-08,1,West Ham,Crystal Palace,3,2,0,1
719,2018,52,2018-12-08,2,Ath Madrid,Alaves,3,0,1,0
720,2018,52,2018-12-08,2,Espanol,Barcelona,0,4,0,3
721,2018,52,2018-12-08,2,Valencia,Sevilla,1,1,0,0
722,2018,52,2018-12-08,2,Villarreal,Celta,2,3,0,1
723,2018,46,2018-12-08,3,Cagliari,Roma,2,2,0,2
724,2018,46,2018-12-08,3,Lazio,Sampdoria,2,2,0,1
725,2018,46,2018-12-08,3,Napoli,Frosinone,4,0,2,0
726,2018,41,2018-12-08,4,Bayern Munich,Nurnberg,3,0,2,0
727,2018,41,2018-12-08,4,Freiburg,RB Leipzig,3,0,2,0
728,2018,41,2018-12-08,4,Hertha,Ein Frankfurt,1,0,1,0
729,2018,41,2018-12-08,4,Leverkusen,Augsburg,1,0,0,0
730,2018,41,2018-12-08,4,Schalke 04,Dortmund,1,2,0,1
731,2018,41,2018-12-08,4,Wolfsburg,Hoffenheim,2,2,2,1
732,2018,47,2018-12-08,5,Guingamp,Amiens,1,2,0,0
733,2018,47,2018-12-08,5,Rennes,Dijon,2,0,0,0
734,2018,43,2018-12-09,1,Newcastle,Wolves,1,2,1,1
735,2018,53,2018-12-09,2,Betis,Vallecano,2,0,0,0
736,2018,53,2018-12-09,2,Eibar,Levante,4,4,1,2
737,2018,53,2018-12-09,2,Huesca,Real Madrid,0,1,0,1
738,2018,53,2018-12-09,2,Sociedad,Valladolid,1,2,0,1
739,2018,47,2018-12-09,3,Empoli,Bologna,2,1,1,1
740,2018,47,2018-12-09,3,Genoa,Spal,1,1,1,1
741,2018,47,2018-12-09,3,Milan,Torino,0,0,0,0
742,2018,47,2018-12-09,3,Parma,Chievo,1,1,0,0
743,2018,47,2018-12-09,3,Sassuolo,Fiorentina,3,3,0,0
744,2018,47,2018-12-09,3,Udinese,Atalanta,1,3,1,1
745,2018,42,2018-12-09,4,M'gladbach,Stuttgart,3,0,0,0
746,2018,42,2018-12-09,4,Mainz,Hannover,1,1,0,1
747,2018,48,2018-12-09,5,Lille,Reims,1,1,0,0
748,2018,48,2018-12-09,5,Strasbourg,Caen,2,2,2,1
749,2018,44,2018-12-10,1,Everton,Watford,2,2,1,0
750,2018,54,2018-12-10,2,Ath Bilbao,Girona,1,0,0,0
751,2018,55,2018-12-14,2,Celta,Leganes,0,0,0,0
752,2018,43,2018-12-14,4,Nurnberg,Wolfsburg,0,2,0,0
753,2018,45,2018-12-15,1,Crystal Palace,Leicester,1,0,1,0
754,2018,45,2018-12-15,1,Fulham,West Ham,0,2,0,2
755,2018,45,2018-12-15,1,Huddersfield,Newcastle,0,1,0,0
756,2018,45,2018-12-15,1,Man City,Everton,3,1,1,0
757,2018,45,2018-12-15,1,Tottenham,Burnley,1,0,0,0
758,2018,45,2018-12-15,1,Watford,Cardiff,3,2,1,0
759,2018,45,2018-12-15,1,Wolves,Bournemouth,2,0,1,0
760,2018,56,2018-12-15,2,Eibar,Valencia,1,1,0,1
761,2018,56,2018-12-15,2,Getafe,Sociedad,1,0,1,0
762,2018,56,2018-12-15,2,Real Madrid,Vallecano,1,0,1,0
763,2018,56,2018-12-15,2,Valladolid,Ath Madrid,2,3,0,2
764,2018,48,2018-12-15,3,Inter,Udinese,1,0,0,0
765,2018,48,2018-12-15,3,Torino,Juventus,0,1,0,0
766,2018,44,2018-12-15,4,Augsburg,Schalke 04,1,1,1,0
767,2018,44,2018-12-15,4,Dortmund,Werder Bremen,2,1,2,1
768,2018,44,2018-12-15,4,Fortuna Dusseldorf,Freiburg,2,0,0,0
769,2018,44,2018-12-15,4,Hannover,Bayern Munich,0,4,0,2
770,2018,44,2018-12-15,4,Hoffenheim,M'gladbach,0,0,0,0
771,2018,44,2018-12-15,4,Stuttgart,Hertha,2,1,0,1
772,2018,49,2018-12-15,5,Reims,Strasbourg,2,1,1,0
773,2018,46,2018-12-16,1,Brighton,Chelsea,1,2,0,2
774,2018,46,2018-12-16,1,Liverpool,Man United,3,1,1,1
775,2018,46,2018-12-16,1,Southampton,Arsenal,3,2,2,1
776,2018,57,2018-12-16,2,Espanol,Betis,1,3,1,1
777,2018,57,2018-12-16,2,Huesca,Villarreal,2,2,1,0
778,2018,57,2018-12-16,2,Levante,Barcelona,0,5,0,2
779,2018,57,2018-12-16,2,Sevilla,Girona,2,0,0,0
780,2018,49,2018-12-16,3,Cagliari,Napoli,0,1,0,0
781,2018,49,2018-12-16,3,Fiorentina,Empoli,3,1,1,1
782,2018,49,2018-12-16,3,Frosinone,Sassuolo,0,2,0,1
783,2018,49,2018-12-16,3,Roma,Genoa,3,2,2,2
784,2018,49,2018-12-16,3,Sampdoria,Parma,2,0,0,0
785,2018,49,2018-12-16,3,Spal,Chievo,0,0,0,0
786,2018,45,2018-12-16,4,Ein Frankfurt,Leverkusen,2,1,1,0
787,2018,45,2018-12-16,4,RB Leipzig,Mainz,4,1,2,1
788,2018,50,2018-12-16,5,Lyon,Monaco,3,0,2,0
789,2018,50,2018-12-16,5,Nice,St Etienne,1,1,0,0
790,2018,50,2018-12-16,5,Nimes,Lille,2,3,0,2
791,2018,58,2018-12-17,2,Alaves,Ath Bilbao,0,0,0,0
792,2018,50,2018-12-17,3,Atalanta,Lazio,1,0,1,0
793,2018,51,2018-12-18,3,Bologna,Milan,0,0,0,0
794,2018,46,2018-12-18,4,Fortuna Dusseldorf,Dortmund,2,1,1,0
795,2018,46,2018-12-18,4,Hertha,Augsburg,2,2,2,2
796,2018,46,2018-12-18,4,M'gladbach,Nurnberg,2,0,0,0
797,2018,46,2018-12-18,4,Wolfsburg,Stuttgart,2,0,2,0
798,2018,51,2018-12-18,5,Caen,Toulouse,2,1,1,1
799,2018,47,2018-12-19,4,Bayern Munich,RB Leipzig,1,0,0,0
800,2018,47,2018-12-19,4,Freiburg,Hannover,1,1,1,1
801,2018,47,2018-12-19,4,Mainz,Ein Frankfurt,2,2,2,2
802,2018,47,2018-12-19,4,Schalke 04,Leverkusen,1,2,1,2
803,2018,47,2018-12-19,4,Werder Bremen,Hoffenheim,1,1,0,1
804,2018,47,2018-12-21,1,Wolves,Liverpool,0,2,0,1
805,2018,59,2018-12-21,2,Girona,Getafe,1,1,0,0
806,2018,59,2018-12-21,2,Sociedad,Alaves,0,1,0,1
807,2018,48,2018-12-21,4,Dortmund,M'gladbach,2,1,1,1
808,2018,48,2018-12-22,1,Arsenal,Burnley,3,1,1,0
809,2018,48,2018-12-22,1,Bournemouth,Brighton,2,0,1,0
810,2018,48,2018-12-22,1,Cardiff,Man United,1,5,1,3
811,2018,48,2018-12-22,1,Chelsea,Leicester,0,1,0,0
812,2018,48,2018-12-22,1,Huddersfield,Southampton,1,3,0,2
813,2018,48,2018-12-22,1,Man City,Crystal Palace,2,3,1,2
814,2018,48,2018-12-22,1,Newcastle,Fulham,0,0,0,0
815,2018,48,2018-12-22,1,West Ham,Watford,0,2,0,1
816,2018,60,2018-12-22,2,Ath Bilbao,Valladolid,1,1,1,0
817,2018,60,2018-12-22,2,Ath Madrid,Espanol,1,0,0,0
818,2018,60,2018-12-22,2,Barcelona,Celta,2,0,2,0
819,2018,60,2018-12-22,2,Betis,Eibar,1,1,1,0
820,2018,52,2018-12-22,3,Chievo,Inter,1,1,0,1
821,2018,52,2018-12-22,3,Empoli,Sampdoria,2,4,1,1
822,2018,52,2018-12-22,3,Genoa,Atalanta,3,1,1,0
823,2018,52,2018-12-22,3,Juventus,Roma,1,0,1,0
824,2018,52,2018-12-22,3,Lazio,Cagliari,3,1,2,0
825,2018,52,2018-12-22,3,Milan,Fiorentina,0,1,0,0
826,2018,52,2018-12-22,3,Napoli,Spal,1,0,1,0
827,2018,52,2018-12-22,3,Parma,Bologna,0,0,0,0
828,2018,52,2018-12-22,3,Sassuolo,Torino,1,1,0,0
829,2018,52,2018-12-22,3,Udinese,Frosinone,1,1,1,0
830,2018,49,2018-12-22,4,Ein Frankfurt,Bayern Munich,0,3,0,1
831,2018,49,2018-12-22,4,Hannover,Fortuna Dusseldorf,0,1,0,0
832,2018,49,2018-12-22,4,Leverkusen,Hertha,3,1,2,1
833,2018,49,2018-12-22,4,Nurnberg,Freiburg,0,1,0,1
834,2018,49,2018-12-22,4,RB Leipzig,Werder Bremen,3,2,2,0
835,2018,49,2018-12-22,4,Stuttgart,Schalke 04,1,3,0,1
836,2018,52,2018-12-22,5,Angers,Marseille,1,1,1,0
837,2018,52,2018-12-22,5,Lille,Toulouse,1,2,1,0
838,2018,52,2018-12-22,5,Monaco,Guingamp,0,2,0,0
839,2018,52,2018-12-22,5,Montpellier,Lyon,1,1,0,0
840,2018,52,2018-12-22,5,Paris SG,Nantes,1,0,0,0
841,2018,52,2018-12-22,5,Reims,Caen,2,2,1,2
842,2018,52,2018-12-22,5,Rennes,Nimes,4,0,2,0
843,2018,52,2018-12-22,5,St Etienne,Dijon,3,0,1,0
844,2018,52,2018-12-22,5,Strasbourg,Nice,2,0,2,0
845,2018,49,2018-12-23,1,Everton,Tottenham,2,6,1,3
846,2018,61,2018-12-23,2,Leganes,Sevilla,1,1,1,0
847,2018,61,2018-12-23,2,Valencia,Huesca,2,1,1,0
848,2018,61,2018-12-23,2,Vallecano,Levante,2,1,1,0
849,2018,50,2018-12-23,4,Augsburg,Wolfsburg,2,3,0,2
850,2018,50,2018-12-23,4,Hoffenheim,Mainz,1,1,1,1
851,2018,53,2018-12-23,5,Bordeaux,Amiens,1,1,1,0
852,2018,50,2018-12-26,1,Brighton,Arsenal,1,1,1,1
853,2018,50,2018-12-26,1,Burnley,Everton,1,5,1,3
854,2018,50,2018-12-26,1,Crystal Palace,Cardiff,0,0,0,0
855,2018,50,2018-12-26,1,Fulham,Wolves,1,1,0,0
856,2018,50,2018-12-26,1,Leicester,Man City,2,1,1,1
857,2018,50,2018-12-26,1,Liverpool,Newcastle,4,0,1,0
858,2018,50,2018-12-26,1,Man United,Huddersfield,3,1,1,0
859,2018,50,2018-12-26,1,Tottenham,Bournemouth,5,0,3,0
860,2018,50,2018-12-26,1,Watford,Chelsea,1,2,1,1
861,2018,53,2018-12-26,3,Atalanta,Juventus,2,2,1,1
862,2018,53,2018-12-26,3,Bologna,Lazio,0,2,0,1
863,2018,53,2018-12-26,3,Cagliari,Genoa,1,0,1,0
864,2018,53,2018-12-26,3,Fiorentina,Parma,0,1,0,1
865,2018,53,2018-12-26,3,Frosinone,Milan,0,0,0,0
866,2018,53,2018-12-26,3,Inter,Napoli,1,0,0,0
867,2018,53,2018-12-26,3,Roma,Sassuolo,3,1,2,0
868,2018,53,2018-12-26,3,Sampdoria,Chievo,2,0,0,0
869,2018,53,2018-12-26,3,Spal,Udinese,0,0,0,0
870,2018,53,2018-12-26,3,Torino,Empoli,3,0,1,0
871,2018,51,2018-12-27,1,Southampton,West Ham,1,2,0,0
872,2018,52,2018-12-29,1,Brighton,Everton,1,0,0,0
873,2018,52,2018-12-29,1,Fulham,Huddersfield,1,0,0,0
874,2018,52,2018-12-29,1,Leicester,Cardiff,0,1,0,0
875,2018,52,2018-12-29,1,Liverpool,Arsenal,5,1,4,1
876,2018,52,2018-12-29,1,Tottenham,Wolves,1,3,1,0
877,2018,52,2018-12-29,1,Watford,Newcastle,1,1,0,1
878,2018,54,2018-12-29,3,Chievo,Frosinone,1,0,0,0
879,2018,54,2018-12-29,3,Empoli,Inter,0,1,0,0
880,2018,54,2018-12-29,3,Genoa,Fiorentina,0,0,0,0
881,2018,54,2018-12-29,3,Juventus,Sampdoria,2,1,1,1
882,2018,54,2018-12-29,3,Lazio,Torino,1,1,0,1
883,2018,54,2018-12-29,3,Milan,Spal,2,1,1,1
884,2018,54,2018-12-29,3,Napoli,Bologna,3,2,1,1
885,2018,54,2018-12-29,3,Parma,Roma,0,2,0,0
886,2018,54,2018-12-29,3,Sassuolo,Atalanta,2,6,0,2
887,2018,54,2018-12-29,3,Udinese,Cagliari,2,0,1,0
888,2018,53,2018-12-30,1,Burnley,West Ham,2,0,2,0
889,2018,53,2018-12-30,1,Crystal Palace,Chelsea,0,1,0,0
890,2018,53,2018-12-30,1,Man United,Bournemouth,4,1,3,1
891,2018,53,2018-12-30,1,Southampton,Man City,1,3,1,3
892,2018,54,2019-01-01,1,Arsenal,Fulham,4,1,1,0
893,2018,54,2019-01-01,1,Cardiff,Tottenham,0,3,0,3
894,2018,54,2019-01-01,1,Everton,Leicester,0,1,0,0
895,2018,55,2019-01-02,1,Bournemouth,Watford,3,3,3,3
896,2018,55,2019-01-02,1,Chelsea,Southampton,0,0,0,0
897,2018,55,2019-01-02,1,Huddersfield,Burnley,1,2,1,1
898,2018,55,2019-01-02,1,Newcastle,Man United,0,2,0,0
899,2018,55,2019-01-02,1,West Ham,Brighton,2,2,0,0
900,2018,55,2019-01-02,1,Wolves,Crystal Palace,0,2,0,0
901,2018,56,2019-01-03,1,Man City,Liverpool,2,1,1,0
902,2018,62,2019-01-03,2,Villarreal,Real Madrid,2,2,1,2
903,2018,63,2019-01-04,2,Espanol,Leganes,1,0,1,0
904,2018,63,2019-01-04,2,Levante,Girona,2,2,0,1
905,2018,64,2019-01-05,2,Alaves,Valencia,2,1,2,1
906,2018,64,2019-01-05,2,Huesca,Betis,2,1,0,0
907,2018,64,2019-01-05,2,Valladolid,Vallecano,0,1,0,1
908,2018,65,2019-01-06,2,Eibar,Villarreal,0,0,0,0
909,2018,65,2019-01-06,2,Getafe,Barcelona,1,2,1,2
910,2018,65,2019-01-06,2,Real Madrid,Sociedad,0,2,0,1
911,2018,65,2019-01-06,2,Sevilla,Ath Madrid,1,1,1,1
912,2018,66,2019-01-07,2,Celta,Ath Bilbao,1,2,1,1
913,2018,54,2019-01-08,5,Amiens,Angers,0,0,0,0
914,2018,54,2019-01-08,5,Nantes,Montpellier,2,0,0,0
915,2018,67,2019-01-11,2,Vallecano,Celta,4,2,2,2
916,2018,55,2019-01-11,5,Caen,Lille,1,3,0,2
917,2018,55,2019-01-11,5,Lyon,Reims,1,1,0,1
918,2018,57,2019-01-12,1,Brighton,Liverpool,0,1,0,0
919,2018,57,2019-01-12,1,Burnley,Fulham,2,1,2,1
920,2018,57,2019-01-12,1,Cardiff,Huddersfield,0,0,0,0
921,2018,57,2019-01-12,1,Chelsea,Newcastle,2,1,1,1
922,2018,57,2019-01-12,1,Crystal Palace,Watford,1,2,1,0
923,2018,57,2019-01-12,1,Leicester,Southampton,1,2,0,2
924,2018,57,2019-01-12,1,West Ham,Arsenal,1,0,0,0
925,2018,68,2019-01-12,2,Girona,Alaves,1,1,1,0
926,2018,68,2019-01-12,2,Leganes,Huesca,1,0,0,0
927,2018,68,2019-01-12,2,Valencia,Valladolid,1,1,0,0
928,2018,68,2019-01-12,2,Villarreal,Getafe,1,2,0,0
929,2018,56,2019-01-12,5,Amiens,Paris SG,0,3,0,0
930,2018,56,2019-01-12,5,Guingamp,St Etienne,0,1,0,1
931,2018,56,2019-01-12,5,Nice,Bordeaux,1,0,1,0
932,2018,58,2019-01-13,1,Everton,Bournemouth,2,0,0,0
933,2018,58,2019-01-13,1,Tottenham,Man United,0,1,0,1
934,2018,69,2019-01-13,2,Ath Bilbao,Sevilla,2,0,1,0
935,2018,69,2019-01-13,2,Ath Madrid,Levante,1,0,0,0
936,2018,69,2019-01-13,2,Barcelona,Eibar,3,0,1,0
937,2018,69,2019-01-13,2,Betis,Real Madrid,1,2,0,1
938,2018,57,2019-01-13,5,Dijon,Montpellier,1,1,0,0
939,2018,57,2019-01-13,5,Marseille,Monaco,1,1,1,1
940,2018,57,2019-01-13,5,Nantes,Rennes,0,1,0,1
941,2018,57,2019-01-13,5,Toulouse,Strasbourg,1,2,1,1
942,2018,59,2019-01-14,1,Man City,Wolves,3,0,2,0
943,2018,70,2019-01-14,2,Sociedad,Espanol,3,2,2,2
944,2018,58,2019-01-15,5,Angers,Bordeaux,1,2,0,1
945,2018,59,2019-01-16,5,Guingamp,Rennes,2,1,1,0
946,2018,59,2019-01-16,5,Monaco,Nice,1,1,0,1
947,2018,59,2019-01-16,5,Nimes,Nantes,1,0,0,0
948,2018,59,2019-01-16,5,St Etienne,Marseille,2,1,0,1
949,2018,59,2019-01-16,5,Toulouse,Lyon,2,2,1,0
950,2018,71,2019-01-18,2,Getafe,Alaves,4,0,1,0
951,2018,51,2019-01-18,4,Hoffenheim,Bayern Munich,1,3,0,2
952,2018,60,2019-01-18,5,Lille,Amiens,2,1,1,1
953,2018,60,2019-01-19,1,Arsenal,Chelsea,2,0,2,0
954,2018,60,2019-01-19,1,Bournemouth,West Ham,2,0,0,0
955,2018,60,2019-01-19,1,Liverpool,Crystal Palace,4,3,0,1
956,2018,60,2019-01-19,1,Man United,Brighton,2,1,2,0
957,2018,60,2019-01-19,1,Newcastle,Cardiff,3,0,1,0
958,2018,60,2019-01-19,1,Southampton,Everton,2,1,0,0
959,2018,60,2019-01-19,1,Watford,Burnley,0,0,0,0
960,2018,60,2019-01-19,1,Wolves,Leicester,4,3,2,0
961,2018,72,2019-01-19,2,Celta,Valencia,1,2,1,0
962,2018,72,2019-01-19,2,Huesca,Ath Madrid,0,3,0,1
963,2018,72,2019-01-19,2,Real Madrid,Sevilla,2,0,0,0
964,2018,55,2019-01-19,3,Inter,Sassuolo,0,0,0,0
965,2018,55,2019-01-19,3,Roma,Torino,3,2,2,0
966,2018,55,2019-01-19,3,Udinese,Parma,1,2,0,1
967,2018,52,2019-01-19,4,Augsburg,Fortuna Dusseldorf,1,2,0,1
968,2018,52,2019-01-19,4,Ein Frankfurt,Freiburg,3,1,3,0
969,2018,52,2019-01-19,4,Hannover,Werder Bremen,0,1,0,1
970,2018,52,2019-01-19,4,Leverkusen,M'gladbach,0,1,0,1
971,2018,52,2019-01-19,4,RB Leipzig,Dortmund,0,1,0,1
972,2018,52,2019-01-19,4,Stuttgart,Mainz,2,3,0,2
973,2018,61,2019-01-19,5,Monaco,Strasbourg,1,5,1,2
974,2018,61,2019-01-19,5,Nimes,Toulouse,0,1,0,1
975,2018,61,2019-01-19,5,Paris SG,Guingamp,9,0,3,0
976,2018,61,2019-01-19,5,Reims,Nice,1,1,1,0
977,2018,61,2019-01-20,1,Fulham,Tottenham,1,2,1,0
978,2018,61,2019-01-20,1,Huddersfield,Man City,0,3,0,1
979,2018,73,2019-01-20,2,Barcelona,Leganes,3,1,1,0
980,2018,73,2019-01-20,2,Betis,Girona,3,2,1,2
981,2018,73,2019-01-20,2,Levante,Valladolid,2,0,1,0
982,2018,73,2019-01-20,2,Vallecano,Sociedad,2,2,2,1
983,2018,73,2019-01-20,2,Villarreal,Ath Bilbao,1,1,0,1
984,2018,56,2019-01-20,3,Cagliari,Empoli,2,2,1,0
985,2018,56,2019-01-20,3,Fiorentina,Sampdoria,3,3,1,1
986,2018,56,2019-01-20,3,Frosinone,Atalanta,0,5,0,2
987,2018,56,2019-01-20,3,Napoli,Lazio,2,1,2,0
988,2018,56,2019-01-20,3,Spal,Bologna,1,1,0,1
989,2018,53,2019-01-20,4,Nurnberg,Hertha,1,3,1,1
990,2018,53,2019-01-20,4,Schalke 04,Wolfsburg,2,1,1,1
991,2018,62,2019-01-20,5,Angers,Nantes,1,0,0,0
992,2018,62,2019-01-20,5,Bordeaux,Dijon,1,0,0,0
993,2018,62,2019-01-20,5,Caen,Marseille,0,1,0,0
994,2018,62,2019-01-20,5,Rennes,Montpellier,0,0,0,0
995,2018,62,2019-01-20,5,St Etienne,Lyon,1,2,1,0
996,2018,74,2019-01-21,2,Eibar,Espanol,3,0,1,0
997,2018,57,2019-01-21,3,Genoa,Milan,0,2,0,0
998,2018,57,2019-01-21,3,Juventus,Chievo,3,0,2,0
999,2018,63,2019-01-23,5,Nimes,Angers,3,1,2,0
1000,2018,54,2019-01-25,4,Hertha,Schalke 04,2,2,2,2
1001,2018,64,2019-01-25,5,Marseille,Lille,1,2,0,1
1002,2018,75,2019-01-26,2,Ath Madrid,Getafe,2,0,2,0
1003,2018,75,2019-01-26,2,Leganes,Eibar,2,2,0,2
1004,2018,75,2019-01-26,2,Sevilla,Levante,5,0,0,0
1005,2018,75,2019-01-26,2,Valencia,Villarreal,3,0,1,0
1006,2018,58,2019-01-26,3,Milan,Napoli,0,0,0,0
1007,2018,58,2019-01-26,3,Sampdoria,Udinese,4,0,1,0
1008,2018,58,2019-01-26,3,Sassuolo,Cagliari,3,0,2,0
1009,2018,55,2019-01-26,4,Dortmund,Hannover,5,1,1,0
1010,2018,55,2019-01-26,4,Freiburg,Hoffenheim,2,4,1,1
1011,2018,55,2019-01-26,4,M'gladbach,Augsburg,2,0,0,0
1012,2018,55,2019-01-26,4,Mainz,Nurnberg,2,1,1,1
1013,2018,55,2019-01-26,4,Werder Bremen,Ein Frankfurt,2,2,1,1
1014,2018,55,2019-01-26,4,Wolfsburg,Leverkusen,0,3,0,1
1015,2018,65,2019-01-26,5,Dijon,Monaco,2,0,1,0
1016,2018,65,2019-01-26,5,Guingamp,Reims,0,1,0,1
1017,2018,65,2019-01-26,5,Nice,Nimes,2,0,1,0
1018,2018,65,2019-01-26,5,Strasbourg,Bordeaux,1,0,0,0
1019,2018,76,2019-01-27,2,Ath Bilbao,Betis,1,0,1,0
1020,2018,76,2019-01-27,2,Espanol,Real Madrid,2,4,1,3
1021,2018,76,2019-01-27,2,Girona,Barcelona,0,2,0,1
1022,2018,76,2019-01-27,2,Sociedad,Huesca,0,0,0,0
1023,2018,76,2019-01-27,2,Valladolid,Celta,2,1,0,1
1024,2018,59,2019-01-27,3,Atalanta,Roma,3,3,1,3
1025,2018,59,2019-01-27,3,Bologna,Frosinone,0,4,0,2
1026,2018,59,2019-01-27,3,Chievo,Fiorentina,3,4,1,2
1027,2018,59,2019-01-27,3,Lazio,Juventus,1,2,0,0
1028,2018,59,2019-01-27,3,Parma,Spal,2,3,1,0
1029,2018,59,2019-01-27,3,Torino,Inter,1,0,1,0
1030,2018,56,2019-01-27,4,Bayern Munich,Stuttgart,4,1,1,1
1031,2018,56,2019-01-27,4,Fortuna Dusseldorf,RB Leipzig,0,4,0,3
1032,2018,66,2019-01-27,5,Amiens,Lyon,0,1,0,0
1033,2018,66,2019-01-27,5,Montpellier,Caen,2,0,0,0
1034,2018,66,2019-01-27,5,Paris SG,Rennes,4,1,1,1
1035,2018,66,2019-01-27,5,Toulouse,Angers,0,0,0,0
1036,2018,77,2019-01-28,2,Alaves,Vallecano,0,1,0,0
1037,2018,60,2019-01-28,3,Empoli,Genoa,1,3,0,1
1038,2018,62,2019-01-29,1,Arsenal,Cardiff,2,1,0,0
1039,2018,62,2019-01-29,1,Fulham,Brighton,4,2,0,2
1040,2018,62,2019-01-29,1,Huddersfield,Everton,0,1,0,1
1041,2018,62,2019-01-29,1,Man United,Burnley,2,2,0,0
1042,2018,62,2019-01-29,1,Newcastle,Man City,2,1,0,1
1043,2018,62,2019-01-29,1,Wolves,West Ham,3,0,0,0
1044,2018,63,2019-01-30,1,Bournemouth,Chelsea,4,0,0,0
1045,2018,63,2019-01-30,1,Liverpool,Leicester,1,1,1,1
1046,2018,63,2019-01-30,1,Southampton,Crystal Palace,1,1,0,1
1047,2018,63,2019-01-30,1,Tottenham,Watford,2,1,0,1
1048,2018,67,2019-01-30,5,Nantes,St Etienne,1,1,0,0
1049,2018,78,2019-02-01,2,Huesca,Valladolid,4,0,1,0
1050,2018,57,2019-02-01,4,Hannover,RB Leipzig,0,3,0,1
1051,2018,68,2019-02-01,5,Lille,Nice,4,0,2,0
1052,2018,64,2019-02-02,1,Brighton,Watford,0,0,0,0
1053,2018,64,2019-02-02,1,Burnley,Southampton,1,1,0,0
1054,2018,64,2019-02-02,1,Cardiff,Bournemouth,2,0,1,0
1055,2018,64,2019-02-02,1,Chelsea,Huddersfield,5,0,2,0
1056,2018,64,2019-02-02,1,Crystal Palace,Fulham,2,0,1,0
1057,2018,64,2019-02-02,1,Everton,Wolves,1,3,1,2
1058,2018,64,2019-02-02,1,Tottenham,Newcastle,1,0,0,0
1059,2018,79,2019-02-02,2,Barcelona,Valencia,2,2,1,2
1060,2018,79,2019-02-02,2,Celta,Sevilla,1,0,0,0
1061,2018,79,2019-02-02,2,Levante,Getafe,0,0,0,0
1062,2018,79,2019-02-02,2,Sociedad,Ath Bilbao,2,1,2,0
1063,2018,61,2019-02-02,3,Empoli,Chievo,2,2,1,2
1064,2018,61,2019-02-02,3,Juventus,Parma,3,3,1,0
1065,2018,61,2019-02-02,3,Napoli,Sampdoria,3,0,2,0
1066,2018,58,2019-02-02,4,Ein Frankfurt,Dortmund,1,1,1,1
1067,2018,58,2019-02-02,4,Hertha,Wolfsburg,0,1,0,0
1068,2018,58,2019-02-02,4,Hoffenheim,Fortuna Dusseldorf,1,1,1,0
1069,2018,58,2019-02-02,4,Leverkusen,Bayern Munich,3,1,0,1
1070,2018,58,2019-02-02,4,Nurnberg,Werder Bremen,1,1,0,0
1071,2018,58,2019-02-02,4,Schalke 04,M'gladbach,0,2,0,0
1072,2018,69,2019-02-02,5,Angers,Dijon,1,0,1,0
1073,2018,69,2019-02-02,5,Monaco,Toulouse,2,1,1,1
1074,2018,69,2019-02-02,5,Reims,Marseille,2,1,1,0
1075,2018,69,2019-02-02,5,Rennes,Amiens,1,0,0,0
1076,2018,65,2019-02-03,1,Leicester,Man United,0,1,0,1
1077,2018,65,2019-02-03,1,Man City,Arsenal,3,1,2,1
1078,2018,80,2019-02-03,2,Betis,Ath Madrid,1,0,0,0
1079,2018,80,2019-02-03,2,Eibar,Girona,3,0,1,0
1080,2018,80,2019-02-03,2,Real Madrid,Alaves,3,0,1,0
1081,2018,80,2019-02-03,2,Villarreal,Espanol,2,2,1,0
1082,2018,62,2019-02-03,3,Genoa,Sassuolo,1,1,1,1
1083,2018,62,2019-02-03,3,Inter,Bologna,0,1,0,1
1084,2018,62,2019-02-03,3,Roma,Milan,1,1,0,1
1085,2018,62,2019-02-03,3,Spal,Torino,0,0,0,0
1086,2018,62,2019-02-03,3,Udinese,Fiorentina,1,1,0,0
1087,2018,59,2019-02-03,4,Augsburg,Mainz,3,0,2,0
1088,2018,59,2019-02-03,4,Stuttgart,Freiburg,2,2,0,1
1089,2018,70,2019-02-03,5,Lyon,Paris SG,2,1,1,1
1090,2018,70,2019-02-03,5,Nimes,Montpellier,1,1,1,0
1091,2018,66,2019-02-04,1,West Ham,Liverpool,1,1,1,1
1092,2018,81,2019-02-04,2,Vallecano,Leganes,1,2,0,1
1093,2018,63,2019-02-04,3,Cagliari,Atalanta,0,1,0,0
1094,2018,63,2019-02-04,3,Frosinone,Lazio,0,1,0,1
1095,2018,71,2019-02-05,5,Marseille,Bordeaux,1,0,1,0
1096,2018,67,2019-02-06,1,Everton,Man City,0,2,0,1
1097,2018,64,2019-02-07,3,Lazio,Empoli,1,0,1,0
1098,2018,82,2019-02-08,2,Valladolid,Villarreal,0,0,0,0
1099,2018,65,2019-02-08,3,Chievo,Roma,0,3,0,2
1100,2018,60,2019-02-08,4,Mainz,Leverkusen,1,5,1,4
1101,2018,72,2019-02-08,5,Dijon,Marseille,1,2,1,0
1102,2018,68,2019-02-09,1,Brighton,Burnley,1,3,0,1
1103,2018,68,2019-02-09,1,Crystal Palace,West Ham,1,1,0,1
1104,2018,68,2019-02-09,1,Fulham,Man United,0,3,0,2
1105,2018,68,2019-02-09,1,Huddersfield,Arsenal,1,2,0,2
1106,2018,68,2019-02-09,1,Liverpool,Bournemouth,3,0,2,0
1107,2018,68,2019-02-09,1,Southampton,Cardiff,1,2,0,0
1108,2018,68,2019-02-09,1,Watford,Everton,1,0,0,0
1109,2018,83,2019-02-09,2,Ath Madrid,Real Madrid,1,3,1,2
1110,2018,83,2019-02-09,2,Espanol,Vallecano,2,1,0,1
1111,2018,83,2019-02-09,2,Getafe,Celta,3,1,1,1
1112,2018,83,2019-02-09,2,Girona,Huesca,0,2,0,2
1113,2018,66,2019-02-09,3,Fiorentina,Napoli,0,0,0,0
1114,2018,66,2019-02-09,3,Parma,Inter,0,1,0,0
1115,2018,61,2019-02-09,4,Bayern Munich,Schalke 04,3,1,2,1
1116,2018,61,2019-02-09,4,Dortmund,Hoffenheim,3,3,2,0
1117,2018,61,2019-02-09,4,Freiburg,Wolfsburg,3,3,1,1
1118,2018,61,2019-02-09,4,Hannover,Nurnberg,2,0,1,0
1119,2018,61,2019-02-09,4,M'gladbach,Hertha,0,3,0,1
1120,2018,61,2019-02-09,4,RB Leipzig,Ein Frankfurt,0,0,0,0
1121,2018,73,2019-02-09,5,Amiens,Caen,1,0,0,0
1122,2018,73,2019-02-09,5,Paris SG,Bordeaux,1,0,1,0
1123,2018,73,2019-02-09,5,Strasbourg,Angers,1,2,0,1
1124,2018,69,2019-02-10,1,Man City,Chelsea,6,0,4,0
1125,2018,69,2019-02-10,1,Tottenham,Leicester,3,1,1,0
1126,2018,84,2019-02-10,2,Ath Bilbao,Barcelona,0,0,0,0
1127,2018,84,2019-02-10,2,Leganes,Betis,3,0,2,0
1128,2018,84,2019-02-10,2,Sevilla,Eibar,2,2,0,1
1129,2018,84,2019-02-10,2,Valencia,Sociedad,0,0,0,0
1130,2018,67,2019-02-10,3,Atalanta,Spal,2,1,0,1
1131,2018,67,2019-02-10,3,Bologna,Genoa,1,1,1,1
1132,2018,67,2019-02-10,3,Milan,Cagliari,3,0,2,0
1133,2018,67,2019-02-10,3,Sampdoria,Frosinone,0,1,0,1
1134,2018,67,2019-02-10,3,Sassuolo,Juventus,0,3,0,1
1135,2018,67,2019-02-10,3,Torino,Udinese,1,0,1,0
1136,2018,62,2019-02-10,4,Fortuna Dusseldorf,Stuttgart,3,0,1,0
1137,2018,62,2019-02-10,4,Werder Bremen,Augsburg,4,0,3,0
1138,2018,74,2019-02-10,5,Guingamp,Lille,0,2,0,0
1139,2018,74,2019-02-10,5,Montpellier,Monaco,2,2,0,1
1140,2018,74,2019-02-10,5,Nantes,Nimes,2,4,2,0
1141,2018,74,2019-02-10,5,Nice,Lyon,1,0,0,0
1142,2018,74,2019-02-10,5,Rennes,St Etienne,3,0,1,0
1143,2018,74,2019-02-10,5,Toulouse,Reims,1,1,0,0
1144,2018,70,2019-02-11,1,Wolves,Newcastle,1,1,0,0
1145,2018,85,2019-02-11,2,Alaves,Levante,2,0,1,0
1146,2018,75,2019-02-13,5,Caen,Nantes,0,1,0,0
1147,2018,75,2019-02-13,5,St Etienne,Strasbourg,2,1,2,0
1148,2018,86,2019-02-15,2,Eibar,Getafe,2,2,0,1
1149,2018,68,2019-02-15,3,Juventus,Frosinone,3,0,2,0
1150,2018,63,2019-02-15,4,Augsburg,Bayern Munich,2,3,2,2
1151,2018,76,2019-02-15,5,Lyon,Guingamp,2,1,2,1
1152,2018,76,2019-02-15,5,Nimes,Dijon,2,0,1,0
1153,2018,87,2019-02-16,2,Barcelona,Valladolid,1,0,1,0
1154,2018,87,2019-02-16,2,Celta,Levante,1,4,0,2
1155,2018,87,2019-02-16,2,Sociedad,Leganes,3,0,0,0
1156,2018,87,2019-02-16,2,Vallecano,Ath Madrid,0,1,0,0
1157,2018,69,2019-02-16,3,Atalanta,Milan,1,3,1,1
1158,2018,69,2019-02-16,3,Cagliari,Parma,2,1,0,1
1159,2018,64,2019-02-16,4,Hertha,Werder Bremen,1,1,1,0
1160,2018,64,2019-02-16,4,Hoffenheim,Hannover,3,0,2,0
1161,2018,64,2019-02-16,4,Schalke 04,Freiburg,0,0,0,0
1162,2018,64,2019-02-16,4,Stuttgart,RB Leipzig,1,3,1,1
1163,2018,64,2019-02-16,4,Wolfsburg,Mainz,3,0,1,0
1164,2018,77,2019-02-16,5,Angers,Nice,3,0,1,0
1165,2018,77,2019-02-16,5,Marseille,Amiens,2,0,2,0
1166,2018,77,2019-02-16,5,Monaco,Nantes,1,0,1,0
1167,2018,88,2019-02-17,2,Betis,Alaves,1,1,1,1
1168,2018,88,2019-02-17,2,Real Madrid,Girona,1,2,1,0
1169,2018,88,2019-02-17,2,Valencia,Espanol,0,0,0,0
1170,2018,88,2019-02-17,2,Villarreal,Sevilla,3,0,2,0
1171,2018,70,2019-02-17,3,Empoli,Sassuolo,3,0,2,0
1172,2018,70,2019-02-17,3,Genoa,Lazio,2,1,0,1
1173,2018,70,2019-02-17,3,Inter,Sampdoria,2,1,0,0
1174,2018,70,2019-02-17,3,Napoli,Torino,0,0,0,0
1175,2018,70,2019-02-17,3,Spal,Fiorentina,1,4,1,1
1176,2018,70,2019-02-17,3,Udinese,Chievo,1,0,0,0
1177,2018,65,2019-02-17,4,Ein Frankfurt,M'gladbach,1,1,1,0
1178,2018,65,2019-02-17,4,Leverkusen,Fortuna Dusseldorf,2,0,1,0
1179,2018,78,2019-02-17,5,Bordeaux,Toulouse,2,1,1,0
1180,2018,78,2019-02-17,5,Caen,Strasbourg,0,0,0,0
1181,2018,78,2019-02-17,5,Lille,Montpellier,0,0,0,0
1182,2018,78,2019-02-17,5,Reims,Rennes,2,0,1,0
1183,2018,78,2019-02-17,5,St Etienne,Paris SG,0,1,0,0
1184,2018,89,2019-02-18,2,Huesca,Ath Bilbao,0,1,0,1
1185,2018,71,2019-02-18,3,Roma,Bologna,2,1,0,0
1186,2018,66,2019-02-18,4,Nurnberg,Dortmund,0,0,0,0
1187,2018,79,2019-02-20,5,Bordeaux,Guingamp,0,0,0,0
1188,2018,79,2019-02-20,5,Paris SG,Montpellier,5,1,2,1
1189,2018,71,2019-02-22,1,Cardiff,Watford,1,5,0,1
1190,2018,71,2019-02-22,1,West Ham,Fulham,3,1,2,1
1191,2018,90,2019-02-22,2,Espanol,Huesca,1,1,1,0
1192,2018,72,2019-02-22,3,Milan,Empoli,3,0,0,0
1193,2018,67,2019-02-22,4,Werder Bremen,Stuttgart,1,1,1,1
1194,2018,80,2019-02-22,5,Dijon,St Etienne,0,1,0,0
1195,2018,80,2019-02-22,5,Strasbourg,Lille,1,1,0,1
1196,2018,72,2019-02-23,1,Bournemouth,Wolves,1,1,1,0
1197,2018,72,2019-02-23,1,Burnley,Tottenham,2,1,0,0
1198,2018,72,2019-02-23,1,Leicester,Crystal Palace,1,4,0,1
1199,2018,72,2019-02-23,1,Newcastle,Huddersfield,2,0,0,0
1200,2018,91,2019-02-23,2,Alaves,Celta,0,0,0,0
1201,2018,91,2019-02-23,2,Ath Bilbao,Eibar,1,0,1,0
1202,2018,91,2019-02-23,2,Getafe,Vallecano,2,1,1,0
1203,2018,91,2019-02-23,2,Sevilla,Barcelona,2,4,2,1
1204,2018,73,2019-02-23,3,Frosinone,Roma,2,3,1,2
1205,2018,73,2019-02-23,3,Torino,Atalanta,2,0,1,0
1206,2018,68,2019-02-23,4,Bayern Munich,Hertha,1,0,0,0
1207,2018,68,2019-02-23,4,Fortuna Dusseldorf,Nurnberg,2,1,0,1
1208,2018,68,2019-02-23,4,Freiburg,Augsburg,5,1,3,0
1209,2018,68,2019-02-23,4,M'gladbach,Wolfsburg,0,3,0,1
1210,2018,68,2019-02-23,4,Mainz,Schalke 04,3,0,1,0
1211,2018,81,2019-02-23,5,Amiens,Nice,1,0,1,0
1212,2018,81,2019-02-23,5,Guingamp,Angers,1,0,0,0
1213,2018,81,2019-02-23,5,Paris SG,Nimes,3,0,1,0
1214,2018,73,2019-02-24,1,Arsenal,Southampton,2,0,2,0
1215,2018,73,2019-02-24,1,Man United,Liverpool,0,0,0,0
1216,2018,92,2019-02-24,2,Ath Madrid,Villarreal,2,0,1,0
1217,2018,92,2019-02-24,2,Leganes,Valencia,1,1,0,1
1218,2018,92,2019-02-24,2,Levante,Real Madrid,1,2,0,1
1219,2018,92,2019-02-24,2,Valladolid,Betis,0,2,0,1
1220,2018,74,2019-02-24,3,Bologna,Juventus,0,1,0,0
1221,2018,74,2019-02-24,3,Chievo,Genoa,0,0,0,0
1222,2018,74,2019-02-24,3,Fiorentina,Inter,3,3,1,2
1223,2018,74,2019-02-24,3,Parma,Napoli,0,4,0,2
1224,2018,74,2019-02-24,3,Sampdoria,Cagliari,1,0,0,0
1225,2018,74,2019-02-24,3,Sassuolo,Spal,1,1,1,0
1226,2018,69,2019-02-24,4,Dortmund,Leverkusen,3,2,2,1
1227,2018,69,2019-02-24,4,Hannover,Ein Frankfurt,0,3,0,0
1228,2018,82,2019-02-24,5,Monaco,Lyon,2,0,2,0
1229,2018,82,2019-02-24,5,Montpellier,Reims,2,4,1,1
1230,2018,82,2019-02-24,5,Nantes,Bordeaux,1,0,0,0
1231,2018,82,2019-02-24,5,Rennes,Marseille,1,1,1,0
1232,2018,82,2019-02-24,5,Toulouse,Caen,1,1,0,1
1233,2018,93,2019-02-25,2,Girona,Sociedad,0,0,0,0
1234,2018,70,2019-02-25,4,RB Leipzig,Hoffenheim,1,1,0,1
1235,2018,74,2019-02-26,1,Cardiff,Everton,0,3,0,1
1236,2018,74,2019-02-26,1,Huddersfield,Wolves,1,0,0,0
1237,2018,74,2019-02-26,1,Leicester,Brighton,2,1,1,0
1238,2018,74,2019-02-26,1,Newcastle,Burnley,2,0,2,0
1239,2018,75,2019-02-27,1,Arsenal,Bournemouth,5,1,2,1
1240,2018,75,2019-02-27,1,Chelsea,Tottenham,2,0,0,0
1241,2018,75,2019-02-27,1,Crystal Palace,Man United,1,3,0,1
1242,2018,75,2019-02-27,1,Liverpool,Watford,5,0,2,0
1243,2018,75,2019-02-27,1,Man City,West Ham,1,0,0,0
1244,2018,75,2019-02-27,1,Southampton,Fulham,2,0,2,0
1245,2018,94,2019-03-01,2,Vallecano,Girona,0,2,0,1
1246,2018,75,2019-03-01,3,Cagliari,Inter,2,1,2,1
1247,2018,71,2019-03-01,4,Augsburg,Dortmund,2,1,1,0
1248,2018,76,2019-03-02,1,Bournemouth,Man City,0,1,0,0
1249,2018,76,2019-03-02,1,Brighton,Huddersfield,1,0,0,0
1250,2018,76,2019-03-02,1,Burnley,Crystal Palace,1,3,0,1
1251,2018,76,2019-03-02,1,Man United,Southampton,3,2,0,1
1252,2018,76,2019-03-02,1,Tottenham,Arsenal,1,1,0,1
1253,2018,76,2019-03-02,1,West Ham,Newcastle,2,0,2,0
1254,2018,76,2019-03-02,1,Wolves,Cardiff,2,0,2,0
1255,2018,95,2019-03-02,2,Espanol,Valladolid,3,1,1,1
1256,2018,95,2019-03-02,2,Huesca,Sevilla,2,1,1,0
1257,2018,95,2019-03-02,2,Real Madrid,Barcelona,0,1,0,1
1258,2018,95,2019-03-02,2,Villarreal,Alaves,1,2,0,0
1259,2018,76,2019-03-02,3,Empoli,Parma,3,3,1,2
1260,2018,76,2019-03-02,3,Lazio,Roma,3,0,1,0
1261,2018,76,2019-03-02,3,Milan,Sassuolo,1,0,1,0
1262,2018,72,2019-03-02,4,Ein Frankfurt,Hoffenheim,3,2,1,1
1263,2018,72,2019-03-02,4,Hertha,Mainz,2,1,0,0
1264,2018,72,2019-03-02,4,Leverkusen,Freiburg,2,0,1,0
1265,2018,72,2019-03-02,4,M'gladbach,Bayern Munich,1,5,1,2
1266,2018,72,2019-03-02,4,Nurnberg,RB Leipzig,0,1,0,1
1267,2018,72,2019-03-02,4,Schalke 04,Fortuna Dusseldorf,0,4,0,1
1268,2018,83,2019-03-02,5,Angers,Monaco,2,2,2,0
1269,2018,83,2019-03-02,5,Caen,Paris SG,1,2,0,0
1270,2018,83,2019-03-02,5,Reims,Amiens,2,2,0,2
1271,2018,77,2019-03-03,1,Everton,Liverpool,0,0,0,0
1272,2018,77,2019-03-03,1,Fulham,Chelsea,1,2,1,2
1273,2018,77,2019-03-03,1,Watford,Leicester,2,1,1,0
1274,2018,96,2019-03-03,2,Betis,Getafe,1,2,0,2
1275,2018,96,2019-03-03,2,Eibar,Celta,1,0,0,0
1276,2018,96,2019-03-03,2,Sociedad,Ath Madrid,0,2,0,2
1277,2018,96,2019-03-03,2,Valencia,Ath Bilbao,2,0,0,0
1278,2018,77,2019-03-03,3,Atalanta,Fiorentina,3,1,2,1
1279,2018,77,2019-03-03,3,Genoa,Frosinone,0,0,0,0
1280,2018,77,2019-03-03,3,Napoli,Juventus,1,2,0,2
1281,2018,77,2019-03-03,3,Spal,Sampdoria,1,2,0,2
1282,2018,77,2019-03-03,3,Torino,Chievo,3,0,0,0
1283,2018,77,2019-03-03,3,Udinese,Bologna,2,1,1,1
1284,2018,73,2019-03-03,4,Stuttgart,Hannover,5,1,3,0
1285,2018,73,2019-03-03,4,Wolfsburg,Werder Bremen,1,1,0,0
1286,2018,84,2019-03-03,5,Guingamp,Nantes,0,0,0,0
1287,2018,84,2019-03-03,5,Lille,Dijon,1,0,0,0
1288,2018,84,2019-03-03,5,Lyon,Toulouse,5,1,3,1
1289,2018,84,2019-03-03,5,Marseille,St Etienne,2,0,2,0
1290,2018,84,2019-03-03,5,Nice,Strasbourg,1,0,1,0
1291,2018,97,2019-03-04,2,Leganes,Levante,1,0,1,0
1292,2018,85,2019-03-05,5,Bordeaux,Montpellier,1,2,1,1
1293,2018,98,2019-03-08,2,Ath Bilbao,Espanol,1,1,0,1
1294,2018,78,2019-03-08,3,Juventus,Udinese,4,1,2,0
1295,2018,74,2019-03-08,4,Werder Bremen,Schalke 04,4,2,1,1
1296,2018,78,2019-03-09,1,Cardiff,West Ham,2,0,1,0
1297,2018,78,2019-03-09,1,Crystal Palace,Brighton,1,2,0,1
1298,2018,78,2019-03-09,1,Huddersfield,Bournemouth,0,2,0,1
1299,2018,78,2019-03-09,1,Leicester,Fulham,3,1,1,0
1300,2018,78,2019-03-09,1,Man City,Watford,3,1,0,0
1301,2018,78,2019-03-09,1,Newcastle,Everton,3,2,0,2
1302,2018,78,2019-03-09,1,Southampton,Tottenham,2,1,0,1
1303,2018,99,2019-03-09,2,Alaves,Eibar,1,1,0,0
1304,2018,99,2019-03-09,2,Ath Madrid,Leganes,1,0,0,0
1305,2018,99,2019-03-09,2,Barcelona,Vallecano,3,1,1,1
1306,2018,99,2019-03-09,2,Getafe,Huesca,2,1,0,1
1307,2018,79,2019-03-09,3,Chievo,Milan,1,2,1,1
1308,2018,79,2019-03-09,3,Parma,Genoa,1,0,0,0
1309,2018,75,2019-03-09,4,Bayern Munich,Wolfsburg,6,0,2,0
1310,2018,75,2019-03-09,4,Dortmund,Stuttgart,3,1,0,0
1311,2018,75,2019-03-09,4,Freiburg,Hertha,2,1,1,0
1312,2018,75,2019-03-09,4,Mainz,M'gladbach,0,1,0,0
1313,2018,75,2019-03-09,4,RB Leipzig,Augsburg,0,0,0,0
1314,2018,86,2019-03-09,5,Amiens,Nimes,2,1,0,0
1315,2018,86,2019-03-09,5,Dijon,Reims,1,1,1,1
1316,2018,86,2019-03-09,5,Monaco,Bordeaux,1,1,0,0
1317,2018,86,2019-03-09,5,Strasbourg,Lyon,2,2,0,1
1318,2018,79,2019-03-10,1,Arsenal,Man United,2,0,1,0
1319,2018,79,2019-03-10,1,Chelsea,Wolves,1,1,0,0
1320,2018,79,2019-03-10,1,Liverpool,Burnley,4,2,2,1
1321,2018,100,2019-03-10,2,Celta,Betis,0,1,0,0
1322,2018,100,2019-03-10,2,Girona,Valencia,2,3,1,1
1323,2018,100,2019-03-10,2,Levante,Villarreal,0,2,0,0
1324,2018,100,2019-03-10,2,Sevilla,Sociedad,5,2,1,1
1325,2018,100,2019-03-10,2,Valladolid,Real Madrid,1,4,1,1
1326,2018,80,2019-03-10,3,Bologna,Cagliari,2,0,1,0
1327,2018,80,2019-03-10,3,Fiorentina,Lazio,1,1,0,1
1328,2018,80,2019-03-10,3,Frosinone,Torino,1,2,1,0
1329,2018,80,2019-03-10,3,Inter,Spal,2,0,0,0
1330,2018,80,2019-03-10,3,Sampdoria,Atalanta,1,2,0,0
1331,2018,80,2019-03-10,3,Sassuolo,Napoli,1,1,0,0
1332,2018,76,2019-03-10,4,Hannover,Leverkusen,2,3,0,2
1333,2018,76,2019-03-10,4,Hoffenheim,Nurnberg,2,1,1,0
1334,2018,87,2019-03-10,5,Marseille,Nice,1,0,0,0
1335,2018,87,2019-03-10,5,Montpellier,Angers,2,2,2,0
1336,2018,87,2019-03-10,5,Rennes,Caen,3,1,1,1
1337,2018,87,2019-03-10,5,St Etienne,Lille,0,1,0,0
1338,2018,87,2019-03-10,5,Toulouse,Guingamp,1,0,1,0
1339,2018,81,2019-03-11,3,Roma,Empoli,2,1,2,1
1340,2018,77,2019-03-11,4,Fortuna Dusseldorf,Ein Frankfurt,0,3,0,0
1341,2018,88,2019-03-12,5,Dijon,Paris SG,0,4,0,2
1342,2018,101,2019-03-15,2,Sociedad,Levante,1,1,1,0
1343,2018,82,2019-03-15,3,Cagliari,Fiorentina,2,1,0,0
1344,2018,78,2019-03-15,4,M'gladbach,Freiburg,1,1,1,1
1345,2018,89,2019-03-15,5,Lille,Monaco,0,1,0,0
1346,2018,89,2019-03-15,5,Nice,Toulouse,1,1,1,0
1347,2018,80,2019-03-16,1,Bournemouth,Newcastle,2,2,0,1
1348,2018,80,2019-03-16,1,Burnley,Leicester,1,2,1,1
1349,2018,80,2019-03-16,1,West Ham,Huddersfield,4,3,1,2
1350,2018,102,2019-03-16,2,Ath Bilbao,Ath Madrid,2,0,0,0
1351,2018,102,2019-03-16,2,Huesca,Alaves,1,3,1,1
1352,2018,102,2019-03-16,2,Leganes,Girona,0,2,0,2
1353,2018,102,2019-03-16,2,Real Madrid,Celta,2,0,0,0
1354,2018,83,2019-03-16,3,Sassuolo,Sampdoria,3,5,1,3
1355,2018,83,2019-03-16,3,Spal,Roma,2,1,1,0
1356,2018,83,2019-03-16,3,Torino,Bologna,2,3,1,2
1357,2018,79,2019-03-16,4,Augsburg,Hannover,3,1,0,1
1358,2018,79,2019-03-16,4,Hertha,Dortmund,2,3,2,1
1359,2018,79,2019-03-16,4,Schalke 04,RB Leipzig,0,1,0,1
1360,2018,79,2019-03-16,4,Stuttgart,Hoffenheim,1,1,0,1
1361,2018,79,2019-03-16,4,Wolfsburg,Fortuna Dusseldorf,5,2,1,1
1362,2018,90,2019-03-16,5,Angers,Amiens,0,0,0,0
1363,2018,90,2019-03-16,5,Caen,St Etienne,0,5,0,3
1364,2018,90,2019-03-16,5,Guingamp,Dijon,1,0,0,0
1365,2018,90,2019-03-16,5,Nimes,Strasbourg,2,2,0,1
1366,2018,81,2019-03-17,1,Everton,Chelsea,2,0,0,0
1367,2018,81,2019-03-17,1,Fulham,Liverpool,1,2,0,1
1368,2018,103,2019-03-17,2,Betis,Barcelona,1,4,0,2
1369,2018,103,2019-03-17,2,Eibar,Valladolid,1,2,0,0
1370,2018,103,2019-03-17,2,Espanol,Sevilla,0,1,0,0
1371,2018,103,2019-03-17,2,Valencia,Getafe,0,0,0,0
1372,2018,103,2019-03-17,2,Villarreal,Vallecano,3,1,0,1
1373,2018,84,2019-03-17,3,Atalanta,Chievo,1,1,0,1
1374,2018,84,2019-03-17,3,Empoli,Frosinone,2,1,2,0
1375,2018,84,2019-03-17,3,Genoa,Juventus,2,0,0,0
1376,2018,84,2019-03-17,3,Lazio,Parma,4,1,4,0
1377,2018,84,2019-03-17,3,Milan,Inter,2,3,0,1
1378,2018,84,2019-03-17,3,Napoli,Udinese,4,2,2,2
1379,2018,80,2019-03-17,4,Bayern Munich,Mainz,6,0,3,0
1380,2018,80,2019-03-17,4,Ein Frankfurt,Nurnberg,1,0,1,0
1381,2018,80,2019-03-17,4,Leverkusen,Werder Bremen,1,3,0,2
1382,2018,91,2019-03-17,5,Bordeaux,Rennes,1,1,0,0
1383,2018,91,2019-03-17,5,Lyon,Montpellier,3,2,1,1
1384,2018,91,2019-03-17,5,Paris SG,Marseille,3,1,1,0
1385,2018,91,2019-03-17,5,Reims,Nantes,1,0,0,0
1386,2018,104,2019-03-29,2,Girona,Ath Bilbao,1,2,1,0
1387,2018,85,2019-03-29,3,Chievo,Cagliari,0,3,0,3
1388,2018,81,2019-03-29,4,Hoffenheim,Leverkusen,4,1,1,1
1389,2018,92,2019-03-29,5,Rennes,Lyon,0,1,0,0
1390,2018,82,2019-03-30,1,Brighton,Southampton,0,1,0,0
1391,2018,82,2019-03-30,1,Burnley,Wolves,2,0,1,0
1392,2018,82,2019-03-30,1,Crystal Palace,Huddersfield,2,0,0,0
1393,2018,82,2019-03-30,1,Fulham,Man City,0,2,0,2
1394,2018,82,2019-03-30,1,Leicester,Bournemouth,2,0,1,0
1395,2018,82,2019-03-30,1,Man United,Watford,2,1,1,0
1396,2018,82,2019-03-30,1,West Ham,Everton,0,2,0,2
1397,2018,105,2019-03-30,2,Alaves,Ath Madrid,0,4,0,2
1398,2018,105,2019-03-30,2,Barcelona,Espanol,2,0,0,0
1399,2018,105,2019-03-30,2,Celta,Villarreal,3,2,0,2
1400,2018,105,2019-03-30,2,Getafe,Leganes,0,2,0,0
1401,2018,86,2019-03-30,3,Juventus,Empoli,1,0,0,0
1402,2018,86,2019-03-30,3,Sampdoria,Milan,1,0,1,0
1403,2018,86,2019-03-30,3,Udinese,Genoa,2,0,1,0
1404,2018,82,2019-03-30,4,Dortmund,Wolfsburg,2,0,0,0
1405,2018,82,2019-03-30,4,Fortuna Dusseldorf,M'gladbach,3,1,3,0
1406,2018,82,2019-03-30,4,Freiburg,Bayern Munich,1,1,1,1
1407,2018,82,2019-03-30,4,Nurnberg,Augsburg,3,0,0,0
1408,2018,82,2019-03-30,4,RB Leipzig,Hertha,5,0,2,0
1409,2018,82,2019-03-30,4,Werder Bremen,Mainz,3,1,2,0
1410,2018,93,2019-03-30,5,Marseille,Angers,2,2,2,1
1411,2018,83,2019-03-31,1,Cardiff,Chelsea,1,2,0,0
1412,2018,83,2019-03-31,1,Liverpool,Tottenham,2,1,1,0
1413,2018,106,2019-03-31,2,Levante,Eibar,2,2,2,1
1414,2018,106,2019-03-31,2,Real Madrid,Huesca,3,2,1,1
1415,2018,106,2019-03-31,2,Sevilla,Valencia,0,1,0,1
1416,2018,106,2019-03-31,2,Valladolid,Sociedad,1,1,1,0
1417,2018,106,2019-03-31,2,Vallecano,Betis,1,1,1,0
1418,2018,87,2019-03-31,3,Bologna,Sassuolo,2,1,0,0
1419,2018,87,2019-03-31,3,Fiorentina,Torino,1,1,1,1
1420,2018,87,2019-03-31,3,Frosinone,Spal,0,1,0,1
1421,2018,87,2019-03-31,3,Inter,Lazio,0,1,0,1
1422,2018,87,2019-03-31,3,Parma,Atalanta,1,3,1,1
1423,2018,87,2019-03-31,3,Roma,Napoli,1,4,1,1
1424,2018,83,2019-03-31,4,Ein Frankfurt,Stuttgart,3,0,1,0
1425,2018,83,2019-03-31,4,Hannover,Schalke 04,0,1,0,1
1426,2018,94,2019-03-31,5,Amiens,Bordeaux,0,0,0,0
1427,2018,94,2019-03-31,5,Dijon,Nice,0,1,0,0
1428,2018,94,2019-03-31,5,Monaco,Caen,0,1,0,1
1429,2018,94,2019-03-31,5,Nantes,Lille,2,3,0,0
1430,2018,94,2019-03-31,5,Toulouse,Paris SG,0,1,0,0
1431,2018,84,2019-04-01,1,Arsenal,Newcastle,2,0,1,0
1432,2018,95,2019-04-01,5,St Etienne,Nimes,2,1,1,1
1433,2018,85,2019-04-02,1,Watford,Fulham,4,1,1,1
1434,2018,85,2019-04-02,1,Wolves,Man United,2,1,1,1
1435,2018,107,2019-04-02,2,Ath Madrid,Girona,2,0,0,0
1436,2018,107,2019-04-02,2,Espanol,Getafe,1,1,0,0
1437,2018,107,2019-04-02,2,Villarreal,Barcelona,4,4,1,2
1438,2018,88,2019-04-02,3,Cagliari,Juventus,0,2,0,1
1439,2018,88,2019-04-02,3,Milan,Udinese,1,1,1,0
1440,2018,86,2019-04-03,1,Chelsea,Brighton,3,0,1,0
1441,2018,86,2019-04-03,1,Man City,Cardiff,2,0,2,0
1442,2018,86,2019-04-03,1,Tottenham,Crystal Palace,2,0,0,0
1443,2018,108,2019-04-03,2,Ath Bilbao,Levante,3,2,2,0
1444,2018,108,2019-04-03,2,Eibar,Vallecano,2,1,0,1
1445,2018,108,2019-04-03,2,Huesca,Celta,3,3,0,1
1446,2018,108,2019-04-03,2,Valencia,Real Madrid,2,1,1,0
1447,2018,89,2019-04-03,3,Empoli,Napoli,2,1,1,1
1448,2018,89,2019-04-03,3,Frosinone,Parma,3,2,2,1
1449,2018,89,2019-04-03,3,Genoa,Inter,0,4,0,2
1450,2018,89,2019-04-03,3,Roma,Fiorentina,2,2,1,1
1451,2018,89,2019-04-03,3,Spal,Lazio,1,0,0,0
1452,2018,89,2019-04-03,3,Torino,Sampdoria,2,1,2,0
1453,2018,96,2019-04-03,5,Montpellier,Guingamp,2,0,1,0
1454,2018,96,2019-04-03,5,Strasbourg,Reims,4,0,1,0
1455,2018,109,2019-04-04,2,Leganes,Valladolid,1,0,0,0
1456,2018,109,2019-04-04,2,Sevilla,Alaves,2,0,1,0
1457,2018,109,2019-04-04,2,Sociedad,Betis,2,1,1,0
1458,2018,90,2019-04-04,3,Atalanta,Bologna,4,1,4,0
1459,2018,90,2019-04-04,3,Sassuolo,Chievo,4,0,2,0
1460,2018,87,2019-04-05,1,Southampton,Liverpool,1,3,1,1
1461,2018,84,2019-04-05,4,Mainz,Freiburg,5,0,3,0
1462,2018,97,2019-04-05,5,Bordeaux,Marseille,2,0,1,0
1463,2018,88,2019-04-06,1,Bournemouth,Burnley,1,3,1,2
1464,2018,88,2019-04-06,1,Huddersfield,Leicester,1,4,0,1
1465,2018,88,2019-04-06,1,Newcastle,Crystal Palace,0,1,0,0
1466,2018,110,2019-04-06,2,Barcelona,Ath Madrid,2,0,0,0
1467,2018,110,2019-04-06,2,Girona,Espanol,1,2,0,0
1468,2018,110,2019-04-06,2,Real Madrid,Eibar,2,1,0,1
1469,2018,110,2019-04-06,2,Vallecano,Valencia,2,0,1,0
1470,2018,91,2019-04-06,3,Juventus,Milan,2,1,0,1
1471,2018,91,2019-04-06,3,Parma,Torino,0,0,0,0
1472,2018,91,2019-04-06,3,Sampdoria,Roma,0,1,0,0
1473,2018,85,2019-04-06,4,Bayern Munich,Dortmund,5,0,4,0
1474,2018,85,2019-04-06,4,Hertha,Fortuna Dusseldorf,1,2,1,1
1475,2018,85,2019-04-06,4,Leverkusen,RB Leipzig,2,4,2,1
1476,2018,85,2019-04-06,4,Schalke 04,Ein Frankfurt,1,2,1,1
1477,2018,85,2019-04-06,4,Stuttgart,Nurnberg,1,1,0,1
1478,2018,85,2019-04-06,4,Wolfsburg,Hannover,3,1,1,1
1479,2018,98,2019-04-06,5,Amiens,St Etienne,2,2,1,1
1480,2018,98,2019-04-06,5,Angers,Rennes,3,3,0,1
1481,2018,98,2019-04-06,5,Guingamp,Monaco,1,1,1,0
1482,2018,98,2019-04-06,5,Lyon,Dijon,1,3,1,2
1483,2018,98,2019-04-06,5,Nimes,Caen,2,0,0,0
1484,2018,89,2019-04-07,1,Everton,Arsenal,1,0,1,0
1485,2018,111,2019-04-07,2,Alaves,Leganes,1,1,1,0
1486,2018,111,2019-04-07,2,Betis,Villarreal,2,1,1,1
1487,2018,111,2019-04-07,2,Celta,Sociedad,3,1,0,1
1488,2018,111,2019-04-07,2,Getafe,Ath Bilbao,1,0,0,0
1489,2018,111,2019-04-07,2,Levante,Huesca,2,2,1,0
1490,2018,111,2019-04-07,2,Valladolid,Sevilla,0,2,0,0
1491,2018,92,2019-04-07,3,Cagliari,Spal,2,1,1,1
1492,2018,92,2019-04-07,3,Fiorentina,Frosinone,0,1,0,0
1493,2018,92,2019-04-07,3,Inter,Atalanta,0,0,0,0
1494,2018,92,2019-04-07,3,Lazio,Sassuolo,2,2,0,0
1495,2018,92,2019-04-07,3,Napoli,Genoa,1,1,1,1
1496,2018,92,2019-04-07,3,Udinese,Empoli,3,2,3,2
1497,2018,86,2019-04-07,4,Augsburg,Hoffenheim,0,4,0,1
1498,2018,86,2019-04-07,4,M'gladbach,Werder Bremen,1,1,0,0
1499,2018,99,2019-04-07,5,Nice,Montpellier,1,0,1,0
1500,2018,99,2019-04-07,5,Paris SG,Strasbourg,2,2,1,2
1501,2018,99,2019-04-07,5,Reims,Lille,1,1,0,0
1502,2018,99,2019-04-07,5,Toulouse,Nantes,1,0,0,0
1503,2018,90,2019-04-08,1,Chelsea,West Ham,2,0,1,0
1504,2018,93,2019-04-08,3,Bologna,Chievo,3,0,0,0
1505,2018,100,2019-04-09,5,Nimes,Rennes,3,1,1,1
1506,2018,91,2019-04-12,1,Leicester,Newcastle,0,1,0,1
1507,2018,87,2019-04-12,4,Nurnberg,Schalke 04,1,1,0,0
1508,2018,101,2019-04-12,5,Dijon,Amiens,0,0,0,0
1509,2018,101,2019-04-12,5,Nantes,Lyon,2,1,1,1
1510,2018,92,2019-04-13,1,Brighton,Bournemouth,0,5,0,1
1511,2018,92,2019-04-13,1,Burnley,Cardiff,2,0,1,0
1512,2018,92,2019-04-13,1,Fulham,Everton,2,0,0,0
1513,2018,92,2019-04-13,1,Man United,West Ham,2,1,1,0
1514,2018,92,2019-04-13,1,Southampton,Wolves,3,1,2,1
1515,2018,92,2019-04-13,1,Tottenham,Huddersfield,4,0,2,0
1516,2018,112,2019-04-13,2,Ath Madrid,Celta,2,0,1,0
1517,2018,112,2019-04-13,2,Espanol,Alaves,2,1,1,0
1518,2018,112,2019-04-13,2,Huesca,Barcelona,0,0,0,0
1519,2018,112,2019-04-13,2,Sevilla,Betis,3,2,1,0
1520,2018,94,2019-04-13,3,Milan,Lazio,1,0,0,0
1521,2018,94,2019-04-13,3,Roma,Udinese,1,0,0,0
1522,2018,94,2019-04-13,3,Spal,Juventus,2,1,0,1
1523,2018,88,2019-04-13,4,Dortmund,Mainz,2,1,2,0
1524,2018,88,2019-04-13,4,Hannover,M'gladbach,0,1,0,0
1525,2018,88,2019-04-13,4,RB Leipzig,Wolfsburg,2,0,2,0
1526,2018,88,2019-04-13,4,Stuttgart,Leverkusen,0,1,0,0
1527,2018,88,2019-04-13,4,Werder Bremen,Freiburg,2,1,0,0
1528,2018,102,2019-04-13,5,Caen,Angers,0,1,0,0
1529,2018,102,2019-04-13,5,Marseille,Nimes,2,1,0,0
1530,2018,102,2019-04-13,5,Monaco,Reims,0,0,0,0
1531,2018,102,2019-04-13,5,Strasbourg,Guingamp,3,3,1,1
1532,2018,93,2019-04-14,1,Crystal Palace,Man City,1,3,0,1
1533,2018,93,2019-04-14,1,Liverpool,Chelsea,2,0,0,0
1534,2018,113,2019-04-14,2,Ath Bilbao,Vallecano,3,2,1,1
1535,2018,113,2019-04-14,2,Girona,Villarreal,0,1,0,1
1536,2018,113,2019-04-14,2,Sociedad,Eibar,1,1,1,0
1537,2018,113,2019-04-14,2,Valencia,Levante,3,1,1,0
1538,2018,113,2019-04-14,2,Valladolid,Getafe,2,2,1,1
1539,2018,95,2019-04-14,3,Chievo,Napoli,1,3,0,1
1540,2018,95,2019-04-14,3,Fiorentina,Bologna,0,0,0,0
1541,2018,95,2019-04-14,3,Frosinone,Inter,1,3,0,2
1542,2018,95,2019-04-14,3,Sampdoria,Genoa,2,0,1,0
1543,2018,95,2019-04-14,3,Sassuolo,Parma,0,0,0,0
1544,2018,95,2019-04-14,3,Torino,Cagliari,1,1,0,0
1545,2018,89,2019-04-14,4,Ein Frankfurt,Augsburg,1,3,1,2
1546,2018,89,2019-04-14,4,Fortuna Dusseldorf,Bayern Munich,1,4,0,2
1547,2018,89,2019-04-14,4,Hoffenheim,Hertha,2,0,1,0
1548,2018,103,2019-04-14,5,Lille,Paris SG,5,1,1,1
1549,2018,103,2019-04-14,5,Montpellier,Toulouse,2,1,0,0
1550,2018,103,2019-04-14,5,Rennes,Nice,0,0,0,0
1551,2018,103,2019-04-14,5,St Etienne,Bordeaux,3,0,0,0
1552,2018,94,2019-04-15,1,Watford,Arsenal,0,1,0,1
1553,2018,114,2019-04-15,2,Leganes,Real Madrid,1,1,1,0
1554,2018,96,2019-04-15,3,Atalanta,Empoli,0,0,0,0
1555,2018,95,2019-04-16,1,Brighton,Cardiff,0,2,0,1
1556,2018,97,2019-04-17,3,Lazio,Udinese,2,0,2,0
1557,2018,104,2019-04-17,5,Nantes,Paris SG,3,2,2,1
1558,2018,115,2019-04-19,2,Alaves,Valladolid,2,2,2,1
1559,2018,105,2019-04-19,5,Dijon,Rennes,3,2,1,0
1560,2018,105,2019-04-19,5,Lyon,Angers,2,1,2,0
1561,2018,96,2019-04-20,1,Bournemouth,Fulham,0,1,0,0
1562,2018,96,2019-04-20,1,Huddersfield,Watford,1,2,0,1
1563,2018,96,2019-04-20,1,Man City,Tottenham,1,0,1,0
1564,2018,96,2019-04-20,1,Newcastle,Southampton,3,1,2,0
1565,2018,96,2019-04-20,1,West Ham,Leicester,2,2,1,0
1566,2018,96,2019-04-20,1,Wolves,Brighton,0,0,0,0
1567,2018,116,2019-04-20,2,Barcelona,Sociedad,2,1,1,0
1568,2018,116,2019-04-20,2,Celta,Girona,2,1,1,0
1569,2018,116,2019-04-20,2,Eibar,Ath Madrid,0,1,0,0
1570,2018,116,2019-04-20,2,Vallecano,Huesca,0,0,0,0
1571,2018,98,2019-04-20,3,Bologna,Sampdoria,3,0,0,0
1572,2018,98,2019-04-20,3,Cagliari,Frosinone,1,0,1,0
1573,2018,98,2019-04-20,3,Empoli,Spal,2,4,1,2
1574,2018,98,2019-04-20,3,Genoa,Torino,0,1,0,0
1575,2018,98,2019-04-20,3,Inter,Roma,1,1,0,1
1576,2018,98,2019-04-20,3,Juventus,Fiorentina,2,1,1,1
1577,2018,98,2019-04-20,3,Lazio,Chievo,1,2,0,0
1578,2018,98,2019-04-20,3,Parma,Milan,1,1,0,0
1579,2018,98,2019-04-20,3,Udinese,Sassuolo,1,1,0,1
1580,2018,90,2019-04-20,4,Augsburg,Stuttgart,6,0,3,0
1581,2018,90,2019-04-20,4,Bayern Munich,Werder Bremen,1,0,0,0
1582,2018,90,2019-04-20,4,Leverkusen,Nurnberg,2,0,0,0
1583,2018,90,2019-04-20,4,M'gladbach,RB Leipzig,1,2,0,1
1584,2018,90,2019-04-20,4,Mainz,Fortuna Dusseldorf,3,1,1,1
1585,2018,90,2019-04-20,4,Schalke 04,Hoffenheim,2,5,0,2
1586,2018,106,2019-04-20,5,Guingamp,Marseille,1,3,0,2
1587,2018,106,2019-04-20,5,Nice,Caen,0,1,0,0
1588,2018,106,2019-04-20,5,Nimes,Bordeaux,2,1,1,1
1589,2018,106,2019-04-20,5,Strasbourg,Montpellier,1,3,1,2
1590,2018,97,2019-04-21,1,Arsenal,Crystal Palace,2,3,0,1
1591,2018,97,2019-04-21,1,Cardiff,Liverpool,0,2,0,0
1592,2018,97,2019-04-21,1,Everton,Man United,4,0,2,0
1593,2018,117,2019-04-21,2,Betis,Valencia,1,2,0,1
1594,2018,117,2019-04-21,2,Getafe,Sevilla,3,0,2,0
1595,2018,117,2019-04-21,2,Levante,Espanol,2,2,0,1
1596,2018,117,2019-04-21,2,Real Madrid,Ath Bilbao,3,0,0,0
1597,2018,117,2019-04-21,2,Villarreal,Leganes,2,1,0,0
1598,2018,91,2019-04-21,4,Freiburg,Dortmund,0,4,0,1
1599,2018,91,2019-04-21,4,Hertha,Hannover,0,0,0,0
1600,2018,107,2019-04-21,5,Nantes,Amiens,3,2,0,0
1601,2018,107,2019-04-21,5,Paris SG,Monaco,3,1,2,0
1602,2018,107,2019-04-21,5,Reims,St Etienne,0,2,0,1
1603,2018,107,2019-04-21,5,Toulouse,Lille,0,0,0,0
1604,2018,98,2019-04-22,1,Chelsea,Burnley,2,2,2,2
1605,2018,99,2019-04-22,3,Napoli,Atalanta,1,2,1,0
1606,2018,92,2019-04-22,4,Wolfsburg,Ein Frankfurt,1,1,0,0
1607,2018,99,2019-04-23,1,Tottenham,Brighton,1,0,0,0
1608,2018,99,2019-04-23,1,Watford,Southampton,1,1,0,1
1609,2018,118,2019-04-23,2,Alaves,Barcelona,0,2,0,0
1610,2018,118,2019-04-23,2,Huesca,Eibar,2,0,0,0
1611,2018,118,2019-04-23,2,Valladolid,Girona,1,0,0,0
1612,2018,100,2019-04-24,1,Man United,Man City,0,2,0,0
1613,2018,100,2019-04-24,1,Wolves,Arsenal,3,1,3,0
1614,2018,119,2019-04-24,2,Ath Madrid,Valencia,3,2,1,1
1615,2018,119,2019-04-24,2,Espanol,Celta,1,1,1,0
1616,2018,119,2019-04-24,2,Leganes,Ath Bilbao,0,1,0,1
1617,2018,119,2019-04-24,2,Levante,Betis,4,0,2,0
1618,2018,120,2019-04-25,2,Getafe,Real Madrid,0,0,0,0
1619,2018,120,2019-04-25,2,Sevilla,Vallecano,5,0,0,0
1620,2018,120,2019-04-25,2,Sociedad,Villarreal,0,1,0,0
1621,2018,101,2019-04-26,1,Liverpool,Huddersfield,5,0,3,0
1622,2018,93,2019-04-26,4,Augsburg,Leverkusen,1,4,1,1
1623,2018,108,2019-04-26,5,Bordeaux,Lyon,2,3,2,1
1624,2018,102,2019-04-27,1,Brighton,Newcastle,1,1,0,1
1625,2018,102,2019-04-27,1,Crystal Palace,Everton,0,0,0,0
1626,2018,102,2019-04-27,1,Fulham,Cardiff,1,0,0,0
1627,2018,102,2019-04-27,1,Southampton,Bournemouth,3,3,1,2
1628,2018,102,2019-04-27,1,Tottenham,West Ham,0,1,0,0
1629,2018,102,2019-04-27,1,Watford,Wolves,1,2,0,1
1630,2018,121,2019-04-27,2,Ath Bilbao,Alaves,1,1,1,1
1631,2018,121,2019-04-27,2,Ath Madrid,Valladolid,1,0,0,0
1632,2018,121,2019-04-27,2,Barcelona,Levante,1,0,0,0
1633,2018,121,2019-04-27,2,Leganes,Celta,0,0,0,0
1634,2018,100,2019-04-27,3,Bologna,Empoli,3,1,0,1
1635,2018,100,2019-04-27,3,Inter,Juventus,1,1,1,0
1636,2018,100,2019-04-27,3,Roma,Cagliari,3,0,2,0
1637,2018,94,2019-04-27,4,Dortmund,Schalke 04,2,4,1,2
1638,2018,94,2019-04-27,4,Ein Frankfurt,Hertha,0,0,0,0
1639,2018,94,2019-04-27,4,Fortuna Dusseldorf,Werder Bremen,4,1,2,1
1640,2018,94,2019-04-27,4,Hannover,Mainz,1,0,0,0
1641,2018,94,2019-04-27,4,RB Leipzig,Freiburg,2,1,1,0
1642,2018,94,2019-04-27,4,Stuttgart,M'gladbach,1,0,0,0
1643,2018,103,2019-04-28,1,Burnley,Man City,0,1,0,0
1644,2018,103,2019-04-28,1,Leicester,Arsenal,3,0,0,0
1645,2018,103,2019-04-28,1,Man United,Chelsea,1,1,1,1
1646,2018,122,2019-04-28,2,Girona,Sevilla,1,0,0,0
1647,2018,122,2019-04-28,2,Sociedad,Getafe,2,1,1,0
1648,2018,122,2019-04-28,2,Valencia,Eibar,0,1,0,0
1649,2018,122,2019-04-28,2,Vallecano,Real Madrid,1,0,1,0
1650,2018,122,2019-04-28,2,Villarreal,Huesca,1,1,1,0
1651,2018,101,2019-04-28,3,Chievo,Parma,1,1,0,1
1652,2018,101,2019-04-28,3,Frosinone,Napoli,0,2,0,1
1653,2018,101,2019-04-28,3,Sampdoria,Lazio,1,2,0,2
1654,2018,101,2019-04-28,3,Spal,Genoa,1,1,1,0
1655,2018,101,2019-04-28,3,Torino,Milan,2,0,0,0
1656,2018,95,2019-04-28,4,Hoffenheim,Wolfsburg,1,4,1,1
1657,2018,95,2019-04-28,4,Nurnberg,Bayern Munich,1,1,0,0
1658,2018,109,2019-04-28,5,Amiens,Strasbourg,0,0,0,0
1659,2018,109,2019-04-28,5,Angers,Reims,1,1,0,0
1660,2018,109,2019-04-28,5,Caen,Dijon,1,0,0,0
1661,2018,109,2019-04-28,5,Lille,Nimes,5,0,0,0
1662,2018,109,2019-04-28,5,Marseille,Nantes,1,2,1,1
1663,2018,109,2019-04-28,5,Nice,Guingamp,3,0,1,0
1664,2018,109,2019-04-28,5,St Etienne,Toulouse,2,0,2,0
1665,2018,123,2019-04-29,2,Betis,Espanol,1,1,0,1
1666,2018,102,2019-04-29,3,Atalanta,Udinese,2,0,0,0
1667,2018,102,2019-04-29,3,Fiorentina,Sassuolo,0,1,0,1
1668,2018,110,2019-04-30,5,Montpellier,Paris SG,3,2,1,1
1669,2018,111,2019-05-01,5,Rennes,Monaco,2,2,2,0
1670,2018,104,2019-05-03,1,Everton,Burnley,2,0,2,0
1671,2018,124,2019-05-03,2,Sevilla,Leganes,0,3,0,2
1672,2018,103,2019-05-03,3,Juventus,Torino,1,1,0,1
1673,2018,96,2019-05-03,4,Mainz,RB Leipzig,3,3,1,2
1674,2018,112,2019-05-03,5,Strasbourg,Marseille,1,1,0,0
1675,2018,105,2019-05-04,1,Bournemouth,Tottenham,1,0,0,0
1676,2018,105,2019-05-04,1,Cardiff,Crystal Palace,2,3,1,2
1677,2018,105,2019-05-04,1,Newcastle,Liverpool,2,3,1,2
1678,2018,105,2019-05-04,1,West Ham,Southampton,3,0,1,0
1679,2018,105,2019-05-04,1,Wolves,Fulham,1,0,0,0
1680,2018,125,2019-05-04,2,Alaves,Sociedad,0,1,0,1
1681,2018,125,2019-05-04,2,Celta,Barcelona,2,0,0,0
1682,2018,125,2019-05-04,2,Espanol,Ath Madrid,3,0,1,0
1683,2018,125,2019-05-04,2,Levante,Vallecano,4,1,2,0
1684,2018,104,2019-05-04,3,Chievo,Spal,0,4,0,1
1685,2018,104,2019-05-04,3,Udinese,Inter,0,0,0,0
1686,2018,97,2019-05-04,4,Bayern Munich,Hannover,3,1,2,0
1687,2018,97,2019-05-04,4,Hertha,Stuttgart,3,1,2,0
1688,2018,97,2019-05-04,4,M'gladbach,Hoffenheim,2,2,0,1
1689,2018,97,2019-05-04,4,Werder Bremen,Dortmund,2,2,0,2
1690,2018,97,2019-05-04,4,Wolfsburg,Nurnberg,2,0,1,0
1691,2018,113,2019-05-04,5,Bordeaux,Angers,0,1,0,1
1692,2018,113,2019-05-04,5,Guingamp,Caen,0,0,0,0
1693,2018,113,2019-05-04,5,Paris SG,Nice,1,1,0,0
1694,2018,113,2019-05-04,5,Reims,Nimes,0,3,0,2
1695,2018,106,2019-05-05,1,Arsenal,Brighton,1,1,1,0
1696,2018,106,2019-05-05,1,Chelsea,Watford,3,0,0,0
1697,2018,106,2019-05-05,1,Huddersfield,Man United,1,1,0,1
1698,2018,126,2019-05-05,2,Eibar,Betis,1,0,1,0
1699,2018,126,2019-05-05,2,Getafe,Girona,2,0,1,0
1700,2018,126,2019-05-05,2,Huesca,Valencia,2,6,0,5
1701,2018,126,2019-05-05,2,Real Madrid,Villarreal,3,2,2,1
1702,2018,126,2019-05-05,2,Valladolid,Ath Bilbao,1,0,1,0
1703,2018,105,2019-05-05,3,Empoli,Fiorentina,1,0,0,0
1704,2018,105,2019-05-05,3,Genoa,Roma,1,1,0,0
1705,2018,105,2019-05-05,3,Lazio,Atalanta,1,3,1,1
1706,2018,105,2019-05-05,3,Napoli,Cagliari,2,1,0,0
1707,2018,105,2019-05-05,3,Parma,Sampdoria,3,3,1,2
1708,2018,105,2019-05-05,3,Sassuolo,Frosinone,2,2,0,2
1709,2018,98,2019-05-05,4,Freiburg,Fortuna Dusseldorf,1,1,1,1
1710,2018,98,2019-05-05,4,Leverkusen,Ein Frankfurt,6,1,6,1
1711,2018,98,2019-05-05,4,Schalke 04,Augsburg,0,0,0,0
1712,2018,114,2019-05-05,5,Lyon,Lille,2,2,1,0
1713,2018,114,2019-05-05,5,Monaco,St Etienne,2,3,1,0
1714,2018,114,2019-05-05,5,Montpellier,Amiens,1,1,0,0
1715,2018,114,2019-05-05,5,Nantes,Dijon,3,0,0,0
1716,2018,114,2019-05-05,5,Toulouse,Rennes,2,2,1,1
1717,2018,107,2019-05-06,1,Man City,Leicester,1,0,0,0
1718,2018,106,2019-05-06,3,Milan,Bologna,2,1,1,0
1719,2018,115,2019-05-10,5,St Etienne,Montpellier,0,1,0,0
1720,2018,107,2019-05-11,3,Atalanta,Genoa,2,1,0,0
1721,2018,107,2019-05-11,3,Cagliari,Lazio,1,2,0,1
1722,2018,107,2019-05-11,3,Fiorentina,Milan,0,1,0,1
1723,2018,99,2019-05-11,4,Augsburg,Hertha,3,4,1,0
1724,2018,99,2019-05-11,4,Dortmund,Fortuna Dusseldorf,3,2,1,0
1725,2018,99,2019-05-11,4,Hannover,Freiburg,3,0,1,0
1726,2018,99,2019-05-11,4,Hoffenheim,Werder Bremen,0,1,0,1
1727,2018,99,2019-05-11,4,Leverkusen,Schalke 04,1,1,1,0
1728,2018,99,2019-05-11,4,Nurnberg,M'gladbach,0,4,0,0
1729,2018,99,2019-05-11,4,RB Leipzig,Bayern Munich,0,0,0,0
1730,2018,99,2019-05-11,4,Stuttgart,Wolfsburg,3,0,1,0
1731,2018,116,2019-05-11,5,Amiens,Toulouse,0,0,0,0
1732,2018,116,2019-05-11,5,Angers,Paris SG,1,2,0,1
1733,2018,116,2019-05-11,5,Caen,Reims,3,2,3,1
1734,2018,116,2019-05-11,5,Dijon,Strasbourg,2,1,1,0
1735,2018,116,2019-05-11,5,Nice,Nantes,1,1,0,1
1736,2018,116,2019-05-11,5,Nimes,Monaco,1,0,1,0
1737,2018,108,2019-05-12,1,Brighton,Man City,1,4,1,2
1738,2018,108,2019-05-12,1,Burnley,Arsenal,1,3,0,0
1739,2018,108,2019-05-12,1,Crystal Palace,Bournemouth,5,3,3,1
1740,2018,108,2019-05-12,1,Fulham,Newcastle,0,4,0,2
1741,2018,108,2019-05-12,1,Leicester,Chelsea,0,0,0,0
1742,2018,108,2019-05-12,1,Liverpool,Wolves,2,0,1,0
1743,2018,108,2019-05-12,1,Man United,Cardiff,0,2,0,1
1744,2018,108,2019-05-12,1,Southampton,Huddersfield,1,1,1,0
1745,2018,108,2019-05-12,1,Tottenham,Everton,2,2,1,0
1746,2018,108,2019-05-12,1,Watford,West Ham,1,4,0,2
1747,2018,127,2019-05-12,2,Ath Bilbao,Celta,3,1,3,0
1748,2018,127,2019-05-12,2,Ath Madrid,Sevilla,1,1,1,0
1749,2018,127,2019-05-12,2,Barcelona,Getafe,2,0,1,0
1750,2018,127,2019-05-12,2,Betis,Huesca,2,1,1,0
1751,2018,127,2019-05-12,2,Girona,Levante,1,2,0,0
1752,2018,127,2019-05-12,2,Leganes,Espanol,0,2,0,1
1753,2018,127,2019-05-12,2,Sociedad,Real Madrid,3,1,1,1
1754,2018,127,2019-05-12,2,Valencia,Alaves,3,1,2,1
1755,2018,127,2019-05-12,2,Vallecano,Valladolid,1,2,0,1
1756,2018,127,2019-05-12,2,Villarreal,Eibar,1,0,0,0
1757,2018,108,2019-05-12,3,Frosinone,Udinese,1,3,0,3
1758,2018,108,2019-05-12,3,Roma,Juventus,2,0,0,0
1759,2018,108,2019-05-12,3,Sampdoria,Empoli,1,2,0,0
1760,2018,108,2019-05-12,3,Spal,Napoli,1,2,0,0
1761,2018,108,2019-05-12,3,Torino,Sassuolo,3,2,0,1
1762,2018,100,2019-05-12,4,Ein Frankfurt,Mainz,0,2,0,0
1763,2018,117,2019-05-12,5,Lille,Bordeaux,1,0,1,0
1764,2018,117,2019-05-12,5,Marseille,Lyon,0,3,0,1
1765,2018,117,2019-05-12,5,Rennes,Guingamp,1,1,1,0
1766,2018,109,2019-05-13,3,Bologna,Parma,4,1,0,0
1767,2018,109,2019-05-13,3,Inter,Chievo,2,0,1,0
1768,2018,128,2019-05-18,2,Alaves,Girona,2,1,1,0
1769,2018,128,2019-05-18,2,Celta,Vallecano,2,2,0,1
1770,2018,128,2019-05-18,2,Espanol,Sociedad,2,0,0,0
1771,2018,128,2019-05-18,2,Getafe,Villarreal,2,2,1,1
1772,2018,128,2019-05-18,2,Huesca,Leganes,2,1,0,1
1773,2018,128,2019-05-18,2,Levante,Ath Madrid,2,2,2,0
1774,2018,128,2019-05-18,2,Sevilla,Ath Bilbao,2,0,1,0
1775,2018,128,2019-05-18,2,Valladolid,Valencia,0,2,0,1
1776,2018,110,2019-05-18,3,Genoa,Cagliari,1,1,0,1
1777,2018,110,2019-05-18,3,Sassuolo,Roma,0,0,0,0
1778,2018,110,2019-05-18,3,Udinese,Spal,3,2,3,0
1779,2018,101,2019-05-18,4,Bayern Munich,Ein Frankfurt,5,1,1,0
1780,2018,101,2019-05-18,4,Fortuna Dusseldorf,Hannover,2,1,0,0
1781,2018,101,2019-05-18,4,Freiburg,Nurnberg,5,1,2,0
1782,2018,101,2019-05-18,4,Hertha,Leverkusen,1,5,1,2
1783,2018,101,2019-05-18,4,M'gladbach,Dortmund,0,2,0,1
1784,2018,101,2019-05-18,4,Mainz,Hoffenheim,4,2,0,2
1785,2018,101,2019-05-18,4,Schalke 04,Stuttgart,0,0,0,0
1786,2018,101,2019-05-18,4,Werder Bremen,RB Leipzig,2,1,1,0
1787,2018,101,2019-05-18,4,Wolfsburg,Augsburg,8,1,3,0
1788,2018,118,2019-05-18,5,Bordeaux,Reims,0,1,0,1
1789,2018,118,2019-05-18,5,Guingamp,Nimes,2,2,2,0
1790,2018,118,2019-05-18,5,Lille,Angers,5,0,2,0
1791,2018,118,2019-05-18,5,Lyon,Caen,4,0,0,0
1792,2018,118,2019-05-18,5,Monaco,Amiens,2,0,1,0
1793,2018,118,2019-05-18,5,Montpellier,Nantes,1,1,0,1
1794,2018,118,2019-05-18,5,Paris SG,Dijon,4,0,3,0
1795,2018,118,2019-05-18,5,St Etienne,Nice,3,0,1,0
1796,2018,118,2019-05-18,5,Strasbourg,Rennes,0,2,0,1
1797,2018,118,2019-05-18,5,Toulouse,Marseille,2,5,1,1
1798,2018,129,2019-05-19,2,Eibar,Barcelona,2,2,2,2
1799,2018,129,2019-05-19,2,Real Madrid,Betis,0,2,0,0
1800,2018,111,2019-05-19,3,Chievo,Sampdoria,0,0,0,0
1801,2018,111,2019-05-19,3,Empoli,Torino,4,1,1,0
1802,2018,111,2019-05-19,3,Juventus,Atalanta,1,1,0,1
1803,2018,111,2019-05-19,3,Milan,Frosinone,2,0,0,0
1804,2018,111,2019-05-19,3,Napoli,Inter,4,1,1,0
1805,2018,111,2019-05-19,3,Parma,Fiorentina,1,0,0,0
1806,2018,112,2019-05-20,3,Lazio,Bologna,3,3,1,0
1807,2018,119,2019-05-24,5,Amiens,Guingamp,2,1,1,0
1808,2018,119,2019-05-24,5,Angers,St Etienne,1,1,0,0
1809,2018,119,2019-05-24,5,Caen,Bordeaux,0,1,0,1
1810,2018,119,2019-05-24,5,Dijon,Toulouse,2,1,0,1
1811,2018,119,2019-05-24,5,Marseille,Montpellier,1,0,0,0
1812,2018,119,2019-05-24,5,Nantes,Strasbourg,0,1,0,0
1813,2018,119,2019-05-24,5,Nice,Monaco,2,0,1,0
1814,2018,119,2019-05-24,5,Nimes,Lyon,2,3,2,1
1815,2018,119,2019-05-24,5,Reims,Paris SG,3,1,1,0
1816,2018,119,2019-05-24,5,Rennes,Lille,3,1,1,1
1817,2018,113,2019-05-25,3,Bologna,Napoli,3,2,2,0
1818,2018,113,2019-05-25,3,Frosinone,Chievo,0,0,0,0
1819,2018,114,2019-05-26,3,Atalanta,Sassuolo,3,1,1,1
1820,2018,114,2019-05-26,3,Cagliari,Udinese,1,2,1,0
1821,2018,114,2019-05-26,3,Fiorentina,Genoa,0,0,0,0
1822,2018,114,2019-05-26,3,Inter,Empoli,2,1,0,0
1823,2018,114,2019-05-26,3,Roma,Parma,2,1,1,0
1824,2018,114,2019-05-26,3,Sampdoria,Juventus,2,0,0,0
1825,2018,114,2019-05-26,3,Spal,Milan,2,3,1,2
1826,2018,114,2019-05-26,3,Torino,Lazio,3,1,0,0
1827,2019,1,2019-08-09,1,Liverpool,Norwich,4,1,4,0
1828,2019,1,2019-08-09,5,Monaco,Lyon,0,3,0,2
1829,2019,2,2019-08-10,1,Bournemouth,Sheffield United,1,1,0,0
1830,2019,2,2019-08-10,1,Burnley,Southampton,3,0,0,0
1831,2019,2,2019-08-10,1,Crystal Palace,Everton,0,0,0,0
1832,2019,2,2019-08-10,1,Tottenham,Aston Villa,3,1,0,1
1833,2019,2,2019-08-10,1,Watford,Brighton,0,3,0,1
1834,2019,2,2019-08-10,1,West Ham,Man City,0,5,0,1
1835,2019,2,2019-08-10,5,Angers,Bordeaux,3,1,3,1
1836,2019,2,2019-08-10,5,Brest,Toulouse,1,1,1,0
1837,2019,2,2019-08-10,5,Dijon,St Etienne,1,2,1,2
1838,2019,2,2019-08-10,5,Marseille,Reims,0,2,0,0
1839,2019,2,2019-08-10,5,Montpellier,Rennes,0,1,0,1
1840,2019,2,2019-08-10,5,Nice,Amiens,2,1,1,0
1841,2019,3,2019-08-11,1,Leicester,Wolves,0,0,0,0
1842,2019,3,2019-08-11,1,Man United,Chelsea,4,0,1,0
1843,2019,3,2019-08-11,1,Newcastle,Arsenal,0,1,0,0
1844,2019,3,2019-08-11,5,Lille,Nantes,2,1,1,0
1845,2019,3,2019-08-11,5,Paris SG,Nimes,3,0,1,0
1846,2019,3,2019-08-11,5,Strasbourg,Metz,1,1,1,0
1847,2019,1,2019-08-16,2,Ath Bilbao,Barcelona,1,0,0,0
1848,2019,1,2019-08-16,4,Bayern Munich,Hertha,2,2,1,2
1849,2019,4,2019-08-16,5,Lyon,Angers,6,0,3,0
1850,2019,4,2019-08-17,1,Arsenal,Burnley,2,1,1,1
1851,2019,4,2019-08-17,1,Aston Villa,Bournemouth,1,2,0,2
1852,2019,4,2019-08-17,1,Brighton,West Ham,1,1,0,0
1853,2019,4,2019-08-17,1,Everton,Watford,1,0,1,0
1854,2019,4,2019-08-17,1,Man City,Tottenham,2,2,2,1
1855,2019,4,2019-08-17,1,Norwich,Newcastle,3,1,1,0
1856,2019,4,2019-08-17,1,Southampton,Liverpool,1,2,0,1
1857,2019,2,2019-08-17,2,Celta,Real Madrid,1,3,0,1
1858,2019,2,2019-08-17,2,Leganes,Osasuna,0,1,0,0
1859,2019,2,2019-08-17,2,Mallorca,Eibar,2,1,1,0
1860,2019,2,2019-08-17,2,Valencia,Sociedad,1,1,0,0
1861,2019,2,2019-08-17,2,Villarreal,Granada,4,4,1,1
1862,2019,2,2019-08-17,4,Dortmund,Augsburg,5,1,1,1
1863,2019,2,2019-08-17,4,Freiburg,Mainz,3,0,0,0
1864,2019,2,2019-08-17,4,Leverkusen,Paderborn,3,2,2,2
1865,2019,2,2019-08-17,4,M'gladbach,Schalke 04,0,0,0,0
1866,2019,2,2019-08-17,4,Werder Bremen,Fortuna Dusseldorf,1,3,0,1
1867,2019,2,2019-08-17,4,Wolfsburg,FC Koln,2,1,1,0
1868,2019,5,2019-08-17,5,Amiens,Lille,1,0,0,0
1869,2019,5,2019-08-17,5,Bordeaux,Montpellier,1,1,0,1
1870,2019,5,2019-08-17,5,Metz,Monaco,3,0,1,0
1871,2019,5,2019-08-17,5,Nantes,Marseille,0,0,0,0
1872,2019,5,2019-08-17,5,Nimes,Nice,1,2,1,2
1873,2019,5,2019-08-17,5,Toulouse,Dijon,1,0,0,0
1874,2019,5,2019-08-18,1,Chelsea,Leicester,1,1,1,0
1875,2019,5,2019-08-18,1,Sheffield United,Crystal Palace,1,0,0,0
1876,2019,3,2019-08-18,2,Alaves,Levante,1,0,0,0
1877,2019,3,2019-08-18,2,Ath Madrid,Getafe,1,0,1,0
1878,2019,3,2019-08-18,2,Betis,Valladolid,1,2,0,0
1879,2019,3,2019-08-18,2,Espanol,Sevilla,0,2,0,1
1880,2019,3,2019-08-18,4,Ein Frankfurt,Hoffenheim,1,0,1,0
1881,2019,3,2019-08-18,4,Union Berlin,RB Leipzig,0,4,0,3
1882,2019,6,2019-08-18,5,Reims,Strasbourg,0,0,0,0
1883,2019,6,2019-08-18,5,Rennes,Paris SG,2,1,1,1
1884,2019,6,2019-08-18,5,St Etienne,Brest,1,1,0,1
1885,2019,6,2019-08-19,1,Wolves,Man United,1,1,0,1
1886,2019,7,2019-08-23,1,Aston Villa,Everton,2,0,1,0
1887,2019,4,2019-08-23,2,Granada,Sevilla,0,1,0,0
1888,2019,4,2019-08-23,2,Levante,Villarreal,2,1,0,1
1889,2019,4,2019-08-23,4,FC Koln,Dortmund,1,3,1,0
1890,2019,8,2019-08-24,1,Brighton,Southampton,0,2,0,0
1891,2019,8,2019-08-24,1,Liverpool,Arsenal,3,1,1,0
1892,2019,8,2019-08-24,1,Man United,Crystal Palace,1,2,0,1
1893,2019,8,2019-08-24,1,Norwich,Chelsea,2,3,2,2
1894,2019,8,2019-08-24,1,Sheffield United,Leicester,1,2,0,1
1895,2019,8,2019-08-24,1,Watford,West Ham,1,3,1,1
1896,2019,5,2019-08-24,2,Celta,Valencia,1,0,1,0
1897,2019,5,2019-08-24,2,Getafe,Ath Bilbao,1,1,1,1
1898,2019,5,2019-08-24,2,Osasuna,Eibar,0,0,0,0
1899,2019,5,2019-08-24,2,Real Madrid,Valladolid,1,1,0,0
1900,2019,1,2019-08-24,3,Fiorentina,Napoli,3,4,1,2
1901,2019,1,2019-08-24,3,Parma,Juventus,0,1,0,1
1902,2019,5,2019-08-24,4,Augsburg,Union Berlin,1,1,0,0
1903,2019,5,2019-08-24,4,Fortuna Dusseldorf,Leverkusen,1,3,0,3
1904,2019,5,2019-08-24,4,Hoffenheim,Werder Bremen,3,2,0,1
1905,2019,5,2019-08-24,4,Mainz,M'gladbach,1,3,1,1
1906,2019,5,2019-08-24,4,Paderborn,Freiburg,1,3,1,2
1907,2019,5,2019-08-24,4,Schalke 04,Bayern Munich,0,3,0,1
1908,2019,7,2019-08-24,5,Amiens,Nantes,1,2,0,0
1909,2019,7,2019-08-24,5,Angers,Metz,3,0,2,0
1910,2019,7,2019-08-24,5,Brest,Reims,1,0,0,0
1911,2019,7,2019-08-24,5,Dijon,Bordeaux,0,2,0,1
1912,2019,9,2019-08-25,1,Bournemouth,Man City,1,3,1,2
1913,2019,9,2019-08-25,1,Tottenham,Newcastle,0,1,0,1
1914,2019,9,2019-08-25,1,Wolves,Burnley,1,1,0,1
1915,2019,6,2019-08-25,2,Alaves,Espanol,0,0,0,0
1916,2019,6,2019-08-25,2,Barcelona,Betis,5,2,1,1
1917,2019,6,2019-08-25,2,Leganes,Ath Madrid,0,1,0,0
1918,2019,6,2019-08-25,2,Mallorca,Sociedad,0,1,0,0
1919,2019,2,2019-08-25,3,Cagliari,Brescia,0,1,0,0
1920,2019,2,2019-08-25,3,Roma,Genoa,3,3,2,2
1921,2019,2,2019-08-25,3,Sampdoria,Lazio,0,3,0,1
1922,2019,2,2019-08-25,3,Spal,Atalanta,2,3,2,1
1923,2019,2,2019-08-25,3,Torino,Sassuolo,2,1,1,0
1924,2019,2,2019-08-25,3,Udinese,Milan,1,0,0,0
1925,2019,2,2019-08-25,3,Verona,Bologna,1,1,1,1
1926,2019,6,2019-08-25,4,Hertha,Wolfsburg,0,3,0,1
1927,2019,6,2019-08-25,4,RB Leipzig,Ein Frankfurt,2,1,1,0
1928,2019,8,2019-08-25,5,Monaco,Nimes,2,2,2,0
1929,2019,8,2019-08-25,5,Paris SG,Toulouse,4,0,0,0
1930,2019,8,2019-08-25,5,Strasbourg,Rennes,0,2,0,1
1931,2019,3,2019-08-26,3,Inter,Lecce,4,0,2,0
1932,2019,9,2019-08-27,5,Montpellier,Lyon,1,0,1,0
1933,2019,10,2019-08-28,5,Lille,St Etienne,3,0,1,0
1934,2019,10,2019-08-28,5,Nice,Marseille,1,2,0,1
1935,2019,7,2019-08-30,2,Ath Bilbao,Sociedad,2,0,2,0
1936,2019,7,2019-08-30,2,Sevilla,Celta,1,1,0,0
1937,2019,4,2019-08-30,3,Bologna,Spal,1,0,0,0
1938,2019,7,2019-08-30,4,M'gladbach,RB Leipzig,1,3,0,1
1939,2019,11,2019-08-30,5,Metz,Paris SG,0,2,0,2
1940,2019,10,2019-08-31,1,Burnley,Liverpool,0,3,0,2
1941,2019,10,2019-08-31,1,Chelsea,Sheffield United,2,2,2,0
1942,2019,10,2019-08-31,1,Crystal Palace,Aston Villa,1,0,0,0
1943,2019,10,2019-08-31,1,Leicester,Bournemouth,3,1,2,1
1944,2019,10,2019-08-31,1,Man City,Brighton,4,0,2,0
1945,2019,10,2019-08-31,1,Newcastle,Watford,1,1,1,1
1946,2019,10,2019-08-31,1,Southampton,Man United,1,1,0,1
1947,2019,10,2019-08-31,1,West Ham,Norwich,2,0,1,0
1948,2019,8,2019-08-31,2,Betis,Leganes,2,1,0,0
1949,2019,8,2019-08-31,2,Getafe,Alaves,1,1,1,1
1950,2019,8,2019-08-31,2,Levante,Valladolid,2,0,0,0
1951,2019,8,2019-08-31,2,Osasuna,Barcelona,2,2,1,0
1952,2019,5,2019-08-31,3,Juventus,Napoli,4,3,2,0
1953,2019,5,2019-08-31,3,Milan,Brescia,1,0,1,0
1954,2019,8,2019-08-31,4,Bayern Munich,Mainz,6,1,2,1
1955,2019,8,2019-08-31,4,Freiburg,FC Koln,1,2,1,0
1956,2019,8,2019-08-31,4,Leverkusen,Hoffenheim,0,0,0,0
1957,2019,8,2019-08-31,4,Schalke 04,Hertha,3,0,1,0
1958,2019,8,2019-08-31,4,Union Berlin,Dortmund,3,1,1,1
1959,2019,8,2019-08-31,4,Wolfsburg,Paderborn,1,1,0,1
1960,2019,12,2019-08-31,5,Angers,Dijon,2,0,0,0
1961,2019,12,2019-08-31,5,Lyon,Bordeaux,1,1,1,0
1962,2019,12,2019-08-31,5,Nantes,Montpellier,1,0,0,0
1963,2019,12,2019-08-31,5,Nimes,Brest,3,0,2,0
1964,2019,12,2019-08-31,5,Toulouse,Amiens,2,0,0,0
1965,2019,11,2019-09-01,1,Arsenal,Tottenham,2,2,1,2
1966,2019,11,2019-09-01,1,Everton,Wolves,3,2,2,1
1967,2019,9,2019-09-01,2,Ath Madrid,Eibar,3,2,1,2
1968,2019,9,2019-09-01,2,Espanol,Granada,0,3,0,1
1969,2019,9,2019-09-01,2,Valencia,Mallorca,2,0,1,0
1970,2019,9,2019-09-01,2,Villarreal,Real Madrid,2,2,1,1
1971,2019,6,2019-09-01,3,Atalanta,Torino,2,3,1,1
1972,2019,6,2019-09-01,3,Cagliari,Inter,1,2,0,1
1973,2019,6,2019-09-01,3,Genoa,Fiorentina,2,1,1,0
1974,2019,6,2019-09-01,3,Lazio,Roma,1,1,0,1
1975,2019,6,2019-09-01,3,Lecce,Verona,0,1,0,0
1976,2019,6,2019-09-01,3,Sassuolo,Sampdoria,4,1,3,0
1977,2019,6,2019-09-01,3,Udinese,Parma,1,3,1,1
1978,2019,9,2019-09-01,4,Ein Frankfurt,Fortuna Dusseldorf,2,1,0,1
1979,2019,9,2019-09-01,4,Werder Bremen,Augsburg,3,2,2,1
1980,2019,13,2019-09-01,5,Marseille,St Etienne,1,0,1,0
1981,2019,13,2019-09-01,5,Reims,Lille,2,0,0,0
1982,2019,13,2019-09-01,5,Rennes,Nice,1,2,1,0
1983,2019,13,2019-09-01,5,Strasbourg,Monaco,2,2,1,2
1984,2019,10,2019-09-13,2,Mallorca,Ath Bilbao,0,0,0,0
1985,2019,10,2019-09-13,4,Fortuna Dusseldorf,Wolfsburg,1,1,1,1
1986,2019,14,2019-09-13,5,Amiens,Lyon,2,2,1,2
1987,2019,14,2019-09-13,5,Lille,Angers,2,1,1,0
1988,2019,12,2019-09-14,1,Brighton,Burnley,1,1,0,0
1989,2019,12,2019-09-14,1,Liverpool,Newcastle,3,1,2,1
1990,2019,12,2019-09-14,1,Man United,Leicester,1,0,1,0
1991,2019,12,2019-09-14,1,Norwich,Man City,3,2,2,1
1992,2019,12,2019-09-14,1,Sheffield United,Southampton,0,1,0,0
1993,2019,12,2019-09-14,1,Tottenham,Crystal Palace,4,0,4,0
1994,2019,12,2019-09-14,1,Wolves,Chelsea,2,5,0,3
1995,2019,11,2019-09-14,2,Barcelona,Valencia,5,2,2,1
1996,2019,11,2019-09-14,2,Leganes,Villarreal,0,3,0,2
1997,2019,11,2019-09-14,2,Real Madrid,Levante,3,2,3,0
1998,2019,11,2019-09-14,2,Sociedad,Ath Madrid,2,0,0,0
1999,2019,7,2019-09-14,3,Fiorentina,Juventus,0,0,0,0
2000,2019,7,2019-09-14,3,Inter,Udinese,1,0,1,0
2001,2019,7,2019-09-14,3,Napoli,Sampdoria,2,0,1,0
2002,2019,11,2019-09-14,4,Augsburg,Ein Frankfurt,2,1,2,0
2003,2019,11,2019-09-14,4,Dortmund,Leverkusen,4,0,1,0
2004,2019,11,2019-09-14,4,FC Koln,M'gladbach,0,1,0,1
2005,2019,11,2019-09-14,4,Mainz,Hertha,2,1,1,0
2006,2019,11,2019-09-14,4,RB Leipzig,Bayern Munich,1,1,1,1
2007,2019,11,2019-09-14,4,Union Berlin,Werder Bremen,1,2,1,1
2008,2019,15,2019-09-14,5,Bordeaux,Metz,2,0,2,0
2009,2019,15,2019-09-14,5,Brest,Rennes,0,0,0,0
2010,2019,15,2019-09-14,5,Dijon,Nimes,0,0,0,0
2011,2019,15,2019-09-14,5,Montpellier,Nice,2,1,1,1
2012,2019,15,2019-09-14,5,Paris SG,Strasbourg,1,0,0,0
2013,2019,13,2019-09-15,1,Bournemouth,Everton,3,1,1,1
2014,2019,13,2019-09-15,1,Watford,Arsenal,2,2,0,2
2015,2019,12,2019-09-15,2,Alaves,Sevilla,0,1,0,1
2016,2019,12,2019-09-15,2,Betis,Getafe,1,1,0,1
2017,2019,12,2019-09-15,2,Celta,Granada,0,2,0,1
2018,2019,12,2019-09-15,2,Eibar,Espanol,1,2,0,0
2019,2019,12,2019-09-15,2,Valladolid,Osasuna,1,1,0,0
2020,2019,8,2019-09-15,3,Brescia,Bologna,3,4,3,1
2021,2019,8,2019-09-15,3,Genoa,Atalanta,1,2,0,0
2022,2019,8,2019-09-15,3,Parma,Cagliari,1,3,0,2
2023,2019,8,2019-09-15,3,Roma,Sassuolo,4,2,4,0
2024,2019,8,2019-09-15,3,Spal,Lazio,2,1,0,1
2025,2019,8,2019-09-15,3,Verona,Milan,0,1,0,0
2026,2019,12,2019-09-15,4,Hoffenheim,Freiburg,0,3,0,2
2027,2019,12,2019-09-15,4,Paderborn,Schalke 04,1,5,1,1
2028,2019,16,2019-09-15,5,Monaco,Marseille,3,4,2,2
2029,2019,16,2019-09-15,5,Nantes,Reims,1,0,0,0
2030,2019,16,2019-09-15,5,St Etienne,Toulouse,2,2,1,2
2031,2019,14,2019-09-16,1,Aston Villa,West Ham,0,0,0,0
2032,2019,9,2019-09-16,3,Torino,Lecce,1,2,0,1
2033,2019,15,2019-09-20,1,Southampton,Bournemouth,1,3,0,2
2034,2019,13,2019-09-20,2,Osasuna,Betis,0,0,0,0
2035,2019,10,2019-09-20,3,Cagliari,Genoa,3,1,0,0
2036,2019,13,2019-09-20,4,Schalke 04,Mainz,2,1,1,0
2037,2019,17,2019-09-20,5,Strasbourg,Nantes,2,1,0,1
2038,2019,16,2019-09-21,1,Burnley,Norwich,2,0,2,0
2039,2019,16,2019-09-21,1,Everton,Sheffield United,0,2,0,1
2040,2019,16,2019-09-21,1,Leicester,Tottenham,2,1,0,1
2041,2019,16,2019-09-21,1,Man City,Watford,8,0,5,0
2042,2019,16,2019-09-21,1,Newcastle,Brighton,0,0,0,0
2043,2019,14,2019-09-21,2,Ath Madrid,Celta,0,0,0,0
2044,2019,14,2019-09-21,2,Granada,Barcelona,2,0,1,0
2045,2019,14,2019-09-21,2,Levante,Eibar,0,0,0,0
2046,2019,14,2019-09-21,2,Villarreal,Valladolid,2,0,0,0
2047,2019,11,2019-09-21,3,Juventus,Verona,2,1,1,1
2048,2019,11,2019-09-21,3,Milan,Inter,0,2,0,0
2049,2019,11,2019-09-21,3,Udinese,Brescia,0,1,0,0
2050,2019,14,2019-09-21,4,Bayern Munich,FC Koln,4,0,1,0
2051,2019,14,2019-09-21,4,Freiburg,Augsburg,1,1,1,1
2052,2019,14,2019-09-21,4,Hertha,Paderborn,2,1,1,0
2053,2019,14,2019-09-21,4,Leverkusen,Union Berlin,2,0,2,0
2054,2019,14,2019-09-21,4,Werder Bremen,RB Leipzig,0,3,0,2
2055,2019,18,2019-09-21,5,Bordeaux,Brest,2,2,1,2
2056,2019,18,2019-09-21,5,Marseille,Montpellier,1,1,0,1
2057,2019,18,2019-09-21,5,Metz,Amiens,1,2,0,1
2058,2019,18,2019-09-21,5,Nice,Dijon,2,1,1,1
2059,2019,18,2019-09-21,5,Nimes,Toulouse,1,0,1,0
2060,2019,18,2019-09-21,5,Reims,Monaco,0,0,0,0
2061,2019,17,2019-09-22,1,Arsenal,Aston Villa,3,2,0,1
2062,2019,17,2019-09-22,1,Chelsea,Liverpool,1,2,0,2
2063,2019,17,2019-09-22,1,Crystal Palace,Wolves,1,1,0,0
2064,2019,17,2019-09-22,1,West Ham,Man United,2,0,1,0
2065,2019,15,2019-09-22,2,Ath Bilbao,Alaves,2,0,1,0
2066,2019,15,2019-09-22,2,Espanol,Sociedad,1,3,0,2
2067,2019,15,2019-09-22,2,Getafe,Mallorca,4,2,2,0
2068,2019,15,2019-09-22,2,Sevilla,Real Madrid,0,1,0,0
2069,2019,15,2019-09-22,2,Valencia,Leganes,1,1,1,1
2070,2019,12,2019-09-22,3,Atalanta,Fiorentina,2,2,0,1
2071,2019,12,2019-09-22,3,Bologna,Roma,1,2,0,0
2072,2019,12,2019-09-22,3,Lazio,Parma,2,0,1,0
2073,2019,12,2019-09-22,3,Lecce,Napoli,1,4,0,2
2074,2019,12,2019-09-22,3,Sampdoria,Torino,1,0,0,0
2075,2019,12,2019-09-22,3,Sassuolo,Spal,3,0,2,0
2076,2019,15,2019-09-22,4,Ein Frankfurt,Dortmund,2,2,1,1
2077,2019,15,2019-09-22,4,M'gladbach,Fortuna Dusseldorf,2,1,0,1
2078,2019,19,2019-09-22,5,Angers,St Etienne,4,1,0,1
2079,2019,19,2019-09-22,5,Lyon,Paris SG,0,1,0,0
2080,2019,19,2019-09-22,5,Rennes,Lille,1,1,0,0
2081,2019,16,2019-09-23,4,Wolfsburg,Hoffenheim,1,1,1,1
2082,2019,16,2019-09-24,2,Barcelona,Villarreal,2,1,2,1
2083,2019,16,2019-09-24,2,Betis,Levante,3,1,1,1
2084,2019,16,2019-09-24,2,Valladolid,Granada,1,1,1,1
2085,2019,13,2019-09-24,3,Brescia,Juventus,1,2,1,1
2086,2019,13,2019-09-24,3,Verona,Udinese,0,0,0,0
2087,2019,20,2019-09-24,5,Dijon,Marseille,0,0,0,0
2088,2019,20,2019-09-24,5,Monaco,Nice,3,1,1,0
2089,2019,17,2019-09-25,2,Leganes,Ath Bilbao,1,1,0,0
2090,2019,17,2019-09-25,2,Mallorca,Ath Madrid,0,2,0,1
2091,2019,17,2019-09-25,2,Real Madrid,Osasuna,2,0,1,0
2092,2019,17,2019-09-25,2,Valencia,Getafe,3,3,3,1
2093,2019,14,2019-09-25,3,Fiorentina,Sampdoria,2,1,1,0
2094,2019,14,2019-09-25,3,Genoa,Bologna,0,0,0,0
2095,2019,14,2019-09-25,3,Inter,Lazio,1,0,1,0
2096,2019,14,2019-09-25,3,Napoli,Cagliari,0,1,0,0
2097,2019,14,2019-09-25,3,Parma,Sassuolo,1,0,0,0
2098,2019,14,2019-09-25,3,Roma,Atalanta,0,2,0,0
2099,2019,14,2019-09-25,3,Spal,Lecce,1,3,1,1
2100,2019,21,2019-09-25,5,Amiens,Bordeaux,1,3,1,2
2101,2019,21,2019-09-25,5,Brest,Lyon,2,2,1,1
2102,2019,21,2019-09-25,5,Lille,Strasbourg,2,0,1,0
2103,2019,21,2019-09-25,5,Montpellier,Nimes,1,0,1,0
2104,2019,21,2019-09-25,5,Nantes,Rennes,1,0,0,0
2105,2019,21,2019-09-25,5,Paris SG,Reims,0,2,0,1
2106,2019,21,2019-09-25,5,St Etienne,Metz,0,1,0,1
2107,2019,21,2019-09-25,5,Toulouse,Angers,0,2,0,0
2108,2019,18,2019-09-26,2,Celta,Espanol,1,1,0,0
2109,2019,18,2019-09-26,2,Eibar,Sevilla,3,2,0,2
2110,2019,18,2019-09-26,2,Sociedad,Alaves,3,0,3,0
2111,2019,15,2019-09-26,3,Torino,Milan,2,1,0,1
2112,2019,19,2019-09-27,2,Villarreal,Betis,5,1,1,0
2113,2019,17,2019-09-27,4,Union Berlin,Ein Frankfurt,1,2,0,0
2114,2019,18,2019-09-28,1,Aston Villa,Burnley,2,2,1,0
2115,2019,18,2019-09-28,1,Bournemouth,West Ham,2,2,1,1
2116,2019,18,2019-09-28,1,Chelsea,Brighton,2,0,0,0
2117,2019,18,2019-09-28,1,Crystal Palace,Norwich,2,0,1,0
2118,2019,18,2019-09-28,1,Everton,Man City,1,3,1,1
2119,2019,18,2019-09-28,1,Sheffield United,Liverpool,0,1,0,0
2120,2019,18,2019-09-28,1,Tottenham,Southampton,2,1,2,1
2121,2019,18,2019-09-28,1,Wolves,Watford,2,0,1,0
2122,2019,20,2019-09-28,2,Ath Bilbao,Valencia,0,1,0,1
2123,2019,20,2019-09-28,2,Ath Madrid,Real Madrid,0,0,0,0
2124,2019,20,2019-09-28,2,Getafe,Barcelona,0,2,0,1
2125,2019,20,2019-09-28,2,Granada,Leganes,1,0,1,0
2126,2019,16,2019-09-28,3,Juventus,Spal,2,0,1,0
2127,2019,16,2019-09-28,3,Sampdoria,Inter,1,3,0,2
2128,2019,16,2019-09-28,3,Sassuolo,Atalanta,1,4,0,4
2129,2019,18,2019-09-28,4,Augsburg,Leverkusen,0,3,0,1
2130,2019,18,2019-09-28,4,Dortmund,Werder Bremen,2,2,2,1
2131,2019,18,2019-09-28,4,Hoffenheim,M'gladbach,0,3,0,1
2132,2019,18,2019-09-28,4,Mainz,Wolfsburg,0,1,0,1
2133,2019,18,2019-09-28,4,Paderborn,Bayern Munich,2,3,0,1
2134,2019,18,2019-09-28,4,RB Leipzig,Schalke 04,1,3,0,2
2135,2019,22,2019-09-28,5,Angers,Amiens,1,1,0,1
2136,2019,22,2019-09-28,5,Bordeaux,Paris SG,0,1,0,0
2137,2019,22,2019-09-28,5,Lyon,Nantes,0,1,0,0
2138,2019,22,2019-09-28,5,Metz,Toulouse,2,2,1,0
2139,2019,22,2019-09-28,5,Monaco,Brest,4,1,1,0
2140,2019,22,2019-09-28,5,Nice,Lille,1,1,1,1
2141,2019,22,2019-09-28,5,Reims,Dijon,1,2,1,1
2142,2019,19,2019-09-29,1,Leicester,Newcastle,5,0,1,0
2143,2019,21,2019-09-29,2,Alaves,Mallorca,2,0,0,0
2144,2019,21,2019-09-29,2,Eibar,Celta,2,0,0,0
2145,2019,21,2019-09-29,2,Espanol,Valladolid,0,2,0,1
2146,2019,21,2019-09-29,2,Levante,Osasuna,1,1,1,0
2147,2019,21,2019-09-29,2,Sevilla,Sociedad,3,2,1,1
2148,2019,17,2019-09-29,3,Cagliari,Verona,1,1,1,0
2149,2019,17,2019-09-29,3,Lazio,Genoa,4,0,2,0
2150,2019,17,2019-09-29,3,Lecce,Roma,0,1,0,0
2151,2019,17,2019-09-29,3,Milan,Fiorentina,1,3,0,1
2152,2019,17,2019-09-29,3,Napoli,Brescia,2,1,2,0
2153,2019,17,2019-09-29,3,Udinese,Bologna,1,0,1,0
2154,2019,19,2019-09-29,4,FC Koln,Hertha,0,4,0,1
2155,2019,19,2019-09-29,4,Fortuna Dusseldorf,Freiburg,1,2,1,1
2156,2019,23,2019-09-29,5,Marseille,Rennes,1,1,0,1
2157,2019,23,2019-09-29,5,Nimes,St Etienne,0,1,0,0
2158,2019,23,2019-09-29,5,Strasbourg,Montpellier,1,0,1,0
2159,2019,20,2019-09-30,1,Man United,Arsenal,1,1,1,0
2160,2019,18,2019-09-30,3,Parma,Torino,3,2,2,2
2161,2019,22,2019-10-04,2,Betis,Eibar,1,1,0,1
2162,2019,20,2019-10-04,4,Hertha,Fortuna Dusseldorf,3,1,2,1
2163,2019,24,2019-10-04,5,Amiens,Marseille,3,1,2,1
2164,2019,21,2019-10-05,1,Brighton,Tottenham,3,0,2,0
2165,2019,21,2019-10-05,1,Burnley,Everton,1,0,0,0
2166,2019,21,2019-10-05,1,Liverpool,Leicester,2,1,1,0
2167,2019,21,2019-10-05,1,Norwich,Aston Villa,1,5,0,2
2168,2019,21,2019-10-05,1,Watford,Sheffield United,0,0,0,0
2169,2019,21,2019-10-05,1,West Ham,Crystal Palace,1,2,0,0
2170,2019,23,2019-10-05,2,Leganes,Levante,1,2,0,1
2171,2019,23,2019-10-05,2,Osasuna,Villarreal,2,1,0,1
2172,2019,23,2019-10-05,2,Real Madrid,Granada,4,2,2,0
2173,2019,23,2019-10-05,2,Valencia,Alaves,2,1,1,0
2174,2019,19,2019-10-05,3,Genoa,Milan,1,2,1,0
2175,2019,19,2019-10-05,3,Spal,Parma,1,0,1,0
2176,2019,19,2019-10-05,3,Verona,Sampdoria,2,0,1,0
2177,2019,21,2019-10-05,4,Bayern Munich,Hoffenheim,1,2,0,0
2178,2019,21,2019-10-05,4,Freiburg,Dortmund,2,2,0,1
2179,2019,21,2019-10-05,4,Leverkusen,RB Leipzig,1,1,0,0
2180,2019,21,2019-10-05,4,Paderborn,Mainz,1,2,1,2
2181,2019,21,2019-10-05,4,Schalke 04,FC Koln,1,1,0,0
2182,2019,25,2019-10-05,5,Brest,Metz,2,0,2,0
2183,2019,25,2019-10-05,5,Dijon,Strasbourg,1,0,1,0
2184,2019,25,2019-10-05,5,Montpellier,Monaco,3,1,2,0
2185,2019,25,2019-10-05,5,Nantes,Nice,1,0,0,0
2186,2019,25,2019-10-05,5,Paris SG,Angers,4,0,2,0
2187,2019,25,2019-10-05,5,Toulouse,Bordeaux,1,3,0,2
2188,2019,22,2019-10-06,1,Arsenal,Bournemouth,1,0,1,0
2189,2019,22,2019-10-06,1,Man City,Wolves,0,2,0,0
2190,2019,22,2019-10-06,1,Newcastle,Man United,1,0,0,0
2191,2019,22,2019-10-06,1,Southampton,Chelsea,1,4,1,3
2192,2019,24,2019-10-06,2,Barcelona,Sevilla,4,0,3,0
2193,2019,24,2019-10-06,2,Celta,Ath Bilbao,1,0,0,0
2194,2019,24,2019-10-06,2,Mallorca,Espanol,2,0,1,0
2195,2019,24,2019-10-06,2,Sociedad,Getafe,1,2,1,0
2196,2019,24,2019-10-06,2,Valladolid,Ath Madrid,0,0,0,0
2197,2019,20,2019-10-06,3,Atalanta,Lecce,3,1,2,0
2198,2019,20,2019-10-06,3,Bologna,Lazio,2,2,2,2
2199,2019,20,2019-10-06,3,Fiorentina,Udinese,1,0,0,0
2200,2019,20,2019-10-06,3,Inter,Juventus,1,2,1,1
2201,2019,20,2019-10-06,3,Roma,Cagliari,1,1,1,1
2202,2019,20,2019-10-06,3,Torino,Napoli,0,0,0,0
2203,2019,22,2019-10-06,4,Ein Frankfurt,Werder Bremen,2,2,0,1
2204,2019,22,2019-10-06,4,M'gladbach,Augsburg,5,1,4,0
2205,2019,22,2019-10-06,4,Wolfsburg,Union Berlin,1,0,0,0
2206,2019,26,2019-10-06,5,Lille,Nimes,2,2,1,1
2207,2019,26,2019-10-06,5,Rennes,Reims,0,1,0,0
2208,2019,26,2019-10-06,5,St Etienne,Lyon,1,0,0,0
2209,2019,25,2019-10-18,2,Granada,Osasuna,1,0,1,0
2210,2019,23,2019-10-18,4,Ein Frankfurt,Leverkusen,3,0,2,0
2211,2019,27,2019-10-18,5,Nice,Paris SG,1,4,0,2
2212,2019,23,2019-10-19,1,Aston Villa,Brighton,2,1,1,1
2213,2019,23,2019-10-19,1,Bournemouth,Norwich,0,0,0,0
2214,2019,23,2019-10-19,1,Chelsea,Newcastle,1,0,0,0
2215,2019,23,2019-10-19,1,Crystal Palace,Man City,0,2,0,2
2216,2019,23,2019-10-19,1,Everton,West Ham,2,0,1,0
2217,2019,23,2019-10-19,1,Leicester,Burnley,2,1,1,1
2218,2019,23,2019-10-19,1,Tottenham,Watford,1,1,0,1
2219,2019,23,2019-10-19,1,Wolves,Southampton,1,1,0,0
2220,2019,26,2019-10-19,2,Ath Madrid,Valencia,1,1,1,0
2221,2019,26,2019-10-19,2,Eibar,Barcelona,0,3,0,1
2222,2019,26,2019-10-19,2,Getafe,Leganes,2,0,0,0
2223,2019,26,2019-10-19,2,Mallorca,Real Madrid,1,0,1,0
2224,2019,21,2019-10-19,3,Juventus,Bologna,2,1,1,1
2225,2019,21,2019-10-19,3,Lazio,Atalanta,3,3,0,3
2226,2019,21,2019-10-19,3,Napoli,Verona,2,0,1,0
2227,2019,24,2019-10-19,4,Augsburg,Bayern Munich,2,2,1,1
2228,2019,24,2019-10-19,4,Dortmund,M'gladbach,1,0,0,0
2229,2019,24,2019-10-19,4,Fortuna Dusseldorf,Mainz,1,0,0,0
2230,2019,24,2019-10-19,4,RB Leipzig,Wolfsburg,1,1,0,0
2231,2019,24,2019-10-19,4,Union Berlin,Freiburg,2,0,1,0
2232,2019,24,2019-10-19,4,Werder Bremen,Hertha,1,1,1,0
2233,2019,28,2019-10-19,5,Angers,Brest,0,1,0,0
2234,2019,28,2019-10-19,5,Lyon,Dijon,0,0,0,0
2235,2019,28,2019-10-19,5,Metz,Nantes,1,0,0,0
2236,2019,28,2019-10-19,5,Nimes,Amiens,1,1,1,0
2237,2019,28,2019-10-19,5,Reims,Montpellier,1,0,1,0
2238,2019,28,2019-10-19,5,Toulouse,Lille,2,1,0,0
2239,2019,24,2019-10-20,1,Man United,Liverpool,1,1,1,0
2240,2019,27,2019-10-20,2,Alaves,Celta,2,0,0,0
2241,2019,27,2019-10-20,2,Ath Bilbao,Valladolid,1,1,1,0
2242,2019,27,2019-10-20,2,Espanol,Villarreal,0,1,0,1
2243,2019,27,2019-10-20,2,Sevilla,Levante,1,0,0,0
2244,2019,27,2019-10-20,2,Sociedad,Betis,3,1,2,1
2245,2019,22,2019-10-20,3,Cagliari,Spal,2,0,1,0
2246,2019,22,2019-10-20,3,Milan,Lecce,2,2,1,0
2247,2019,22,2019-10-20,3,Parma,Genoa,5,1,3,0
2248,2019,22,2019-10-20,3,Sampdoria,Roma,0,0,0,0
2249,2019,22,2019-10-20,3,Sassuolo,Inter,3,4,1,3
2250,2019,22,2019-10-20,3,Udinese,Torino,1,0,1,0
2251,2019,25,2019-10-20,4,FC Koln,Paderborn,3,0,1,0
2252,2019,25,2019-10-20,4,Hoffenheim,Schalke 04,2,0,0,0
2253,2019,29,2019-10-20,5,Bordeaux,St Etienne,0,1,0,0
2254,2019,29,2019-10-20,5,Marseille,Strasbourg,2,0,1,0
2255,2019,29,2019-10-20,5,Monaco,Rennes,3,2,1,1
2256,2019,25,2019-10-21,1,Sheffield United,Arsenal,1,0,1,0
2257,2019,23,2019-10-21,3,Brescia,Fiorentina,0,0,0,0
2258,2019,26,2019-10-25,1,Southampton,Leicester,0,9,0,5
2259,2019,28,2019-10-25,2,Villarreal,Alaves,4,1,1,0
2260,2019,24,2019-10-25,3,Verona,Sassuolo,0,1,0,0
2261,2019,26,2019-10-25,4,Mainz,FC Koln,3,1,1,1
2262,2019,30,2019-10-25,5,Nantes,Monaco,0,1,0,1
2263,2019,27,2019-10-26,1,Brighton,Everton,3,2,1,1
2264,2019,27,2019-10-26,1,Burnley,Chelsea,2,4,0,2
2265,2019,27,2019-10-26,1,Man City,Aston Villa,3,0,0,0
2266,2019,27,2019-10-26,1,Watford,Bournemouth,0,0,0,0
2267,2019,27,2019-10-26,1,West Ham,Sheffield United,1,1,1,0
2268,2019,29,2019-10-26,2,Ath Madrid,Ath Bilbao,2,0,1,0
2269,2019,29,2019-10-26,2,Leganes,Mallorca,1,0,1,0
2270,2019,29,2019-10-26,2,Valladolid,Eibar,2,0,2,0
2271,2019,25,2019-10-26,3,Genoa,Brescia,3,1,0,1
2272,2019,25,2019-10-26,3,Inter,Parma,2,2,1,2
2273,2019,25,2019-10-26,3,Lecce,Juventus,1,1,0,0
2274,2019,27,2019-10-26,4,Bayern Munich,Union Berlin,2,1,1,0
2275,2019,27,2019-10-26,4,Freiburg,RB Leipzig,2,1,1,0
2276,2019,27,2019-10-26,4,Hertha,Hoffenheim,2,3,0,2
2277,2019,27,2019-10-26,4,Leverkusen,Werder Bremen,2,2,1,1
2278,2019,27,2019-10-26,4,Paderborn,Fortuna Dusseldorf,2,0,1,0
2279,2019,27,2019-10-26,4,Schalke 04,Dortmund,0,0,0,0
2280,2019,31,2019-10-26,5,Brest,Dijon,2,0,0,0
2281,2019,31,2019-10-26,5,Lille,Bordeaux,3,0,1,0
2282,2019,31,2019-10-26,5,Lyon,Metz,2,0,2,0
2283,2019,31,2019-10-26,5,Montpellier,Angers,0,0,0,0
2284,2019,31,2019-10-26,5,Reims,Nimes,0,0,0,0
2285,2019,31,2019-10-26,5,Strasbourg,Nice,1,0,1,0
2286,2019,28,2019-10-27,1,Arsenal,Crystal Palace,2,2,2,1
2287,2019,28,2019-10-27,1,Liverpool,Tottenham,2,1,0,1
2288,2019,28,2019-10-27,1,Newcastle,Wolves,1,1,1,0
2289,2019,28,2019-10-27,1,Norwich,Man United,1,3,0,2
2290,2019,30,2019-10-27,2,Celta,Sociedad,0,1,0,0
2291,2019,30,2019-10-27,2,Granada,Betis,1,0,0,0
2292,2019,30,2019-10-27,2,Levante,Espanol,0,1,0,1
2293,2019,30,2019-10-27,2,Osasuna,Valencia,3,1,1,1
2294,2019,30,2019-10-27,2,Sevilla,Getafe,2,0,0,0
2295,2019,26,2019-10-27,3,Atalanta,Udinese,7,1,3,1
2296,2019,26,2019-10-27,3,Bologna,Sampdoria,2,1,0,0
2297,2019,26,2019-10-27,3,Fiorentina,Lazio,1,2,1,1
2298,2019,26,2019-10-27,3,Roma,Milan,2,1,1,0
2299,2019,26,2019-10-27,3,Spal,Napoli,1,1,1,1
2300,2019,26,2019-10-27,3,Torino,Cagliari,1,1,0,1
2301,2019,28,2019-10-27,4,M'gladbach,Ein Frankfurt,4,2,2,0
2302,2019,28,2019-10-27,4,Wolfsburg,Augsburg,0,0,0,0
2303,2019,32,2019-10-27,5,Paris SG,Marseille,4,0,4,0
2304,2019,32,2019-10-27,5,Rennes,Toulouse,3,2,2,1
2305,2019,32,2019-10-27,5,St Etienne,Amiens,2,2,1,0
2306,2019,31,2019-10-29,2,Alaves,Ath Madrid,1,1,0,0
2307,2019,31,2019-10-29,2,Barcelona,Valladolid,5,1,3,1
2308,2019,27,2019-10-29,3,Brescia,Inter,1,2,0,1
2309,2019,27,2019-10-29,3,Parma,Verona,0,1,0,1
2310,2019,32,2019-10-30,2,Ath Bilbao,Espanol,3,0,2,0
2311,2019,32,2019-10-30,2,Betis,Celta,2,1,1,0
2312,2019,32,2019-10-30,2,Real Madrid,Leganes,5,0,3,0
2313,2019,32,2019-10-30,2,Sociedad,Levante,1,2,0,2
2314,2019,32,2019-10-30,2,Valencia,Sevilla,1,1,0,1
2315,2019,28,2019-10-30,3,Cagliari,Bologna,3,2,0,1
2316,2019,28,2019-10-30,3,Juventus,Genoa,2,1,1,1
2317,2019,28,2019-10-30,3,Lazio,Torino,4,0,2,0
2318,2019,28,2019-10-30,3,Napoli,Atalanta,2,2,1,1
2319,2019,28,2019-10-30,3,Sampdoria,Lecce,1,1,0,1
2320,2019,28,2019-10-30,3,Sassuolo,Fiorentina,1,2,1,0
2321,2019,28,2019-10-30,3,Udinese,Roma,0,4,0,1
2322,2019,33,2019-10-31,2,Eibar,Villarreal,2,1,0,0
2323,2019,33,2019-10-31,2,Getafe,Granada,3,1,2,0
2324,2019,33,2019-10-31,2,Mallorca,Osasuna,2,2,1,0
2325,2019,29,2019-10-31,3,Milan,Spal,1,0,0,0
2326,2019,29,2019-11-01,4,Hoffenheim,Paderborn,3,0,3,0
2327,2019,33,2019-11-01,5,Dijon,Paris SG,2,1,1,1
2328,2019,29,2019-11-02,1,Arsenal,Wolves,1,1,1,0
2329,2019,29,2019-11-02,1,Aston Villa,Liverpool,1,2,1,0
2330,2019,29,2019-11-02,1,Bournemouth,Man United,1,0,1,0
2331,2019,29,2019-11-02,1,Brighton,Norwich,2,0,0,0
2332,2019,29,2019-11-02,1,Man City,Southampton,2,1,0,1
2333,2019,29,2019-11-02,1,Sheffield United,Burnley,3,0,3,0
2334,2019,29,2019-11-02,1,Watford,Chelsea,1,2,0,1
2335,2019,29,2019-11-02,1,West Ham,Newcastle,2,3,0,2
2336,2019,34,2019-11-02,2,Espanol,Valencia,1,2,1,0
2337,2019,34,2019-11-02,2,Levante,Barcelona,3,1,0,1
2338,2019,34,2019-11-02,2,Real Madrid,Betis,0,0,0,0
2339,2019,34,2019-11-02,2,Sevilla,Ath Madrid,1,1,1,0
2340,2019,30,2019-11-02,3,Bologna,Inter,1,2,0,0
2341,2019,30,2019-11-02,3,Roma,Napoli,2,1,1,0
2342,2019,30,2019-11-02,3,Torino,Juventus,0,1,0,0
2343,2019,30,2019-11-02,4,Dortmund,Wolfsburg,3,0,0,0
2344,2019,30,2019-11-02,4,Ein Frankfurt,Bayern Munich,5,1,2,1
2345,2019,30,2019-11-02,4,Leverkusen,M'gladbach,1,2,1,2
2346,2019,30,2019-11-02,4,RB Leipzig,Mainz,8,0,5,0
2347,2019,30,2019-11-02,4,Union Berlin,Hertha,1,0,0,0
2348,2019,30,2019-11-02,4,Werder Bremen,Freiburg,2,2,1,1
2349,2019,34,2019-11-02,5,Amiens,Brest,1,0,1,0
2350,2019,34,2019-11-02,5,Angers,Strasbourg,1,0,1,0
2351,2019,34,2019-11-02,5,Marseille,Lille,2,1,0,0
2352,2019,34,2019-11-02,5,Metz,Montpellier,2,2,1,0
2353,2019,34,2019-11-02,5,Toulouse,Lyon,2,3,1,1
2354,2019,30,2019-11-03,1,Crystal Palace,Leicester,0,2,0,0
2355,2019,30,2019-11-03,1,Everton,Tottenham,1,1,0,0
2356,2019,35,2019-11-03,2,Celta,Getafe,0,1,0,1
2357,2019,35,2019-11-03,2,Granada,Sociedad,1,2,1,1
2358,2019,35,2019-11-03,2,Leganes,Eibar,1,2,1,1
2359,2019,35,2019-11-03,2,Osasuna,Alaves,4,2,3,1
2360,2019,35,2019-11-03,2,Valladolid,Mallorca,3,0,1,0
2361,2019,35,2019-11-03,2,Villarreal,Ath Bilbao,0,0,0,0
2362,2019,31,2019-11-03,3,Atalanta,Cagliari,0,2,0,1
2363,2019,31,2019-11-03,3,Fiorentina,Parma,1,1,0,1
2364,2019,31,2019-11-03,3,Genoa,Udinese,1,3,1,1
2365,2019,31,2019-11-03,3,Lecce,Sassuolo,2,2,2,1
2366,2019,31,2019-11-03,3,Milan,Lazio,1,2,1,1
2367,2019,31,2019-11-03,3,Verona,Brescia,2,1,0,0
2368,2019,31,2019-11-03,4,Augsburg,Schalke 04,2,3,1,1
2369,2019,31,2019-11-03,4,Fortuna Dusseldorf,FC Koln,2,0,1,0
2370,2019,35,2019-11-03,5,Bordeaux,Nantes,2,0,1,0
2371,2019,35,2019-11-03,5,Nice,Reims,2,0,2,0
2372,2019,35,2019-11-03,5,St Etienne,Monaco,1,0,0,0
2373,2019,32,2019-11-04,3,Spal,Sampdoria,0,1,0,0
2374,2019,31,2019-11-08,1,Norwich,Watford,0,2,0,1
2375,2019,36,2019-11-08,2,Sociedad,Leganes,1,1,0,0
2376,2019,33,2019-11-08,3,Sassuolo,Bologna,3,1,1,0
2377,2019,32,2019-11-08,4,FC Koln,Hoffenheim,1,2,1,0
2378,2019,36,2019-11-08,5,Nice,Bordeaux,1,1,1,0
2379,2019,32,2019-11-09,1,Burnley,West Ham,3,0,2,0
2380,2019,32,2019-11-09,1,Chelsea,Crystal Palace,2,0,0,0
2381,2019,32,2019-11-09,1,Leicester,Arsenal,2,0,0,0
2382,2019,32,2019-11-09,1,Newcastle,Bournemouth,2,1,1,1
2383,2019,32,2019-11-09,1,Southampton,Everton,1,2,0,1
2384,2019,32,2019-11-09,1,Tottenham,Sheffield United,1,1,0,0
2385,2019,37,2019-11-09,2,Alaves,Valladolid,3,0,2,0
2386,2019,37,2019-11-09,2,Barcelona,Celta,4,1,2,1
2387,2019,37,2019-11-09,2,Eibar,Real Madrid,0,4,0,3
2388,2019,37,2019-11-09,2,Valencia,Granada,2,0,0,0
2389,2019,34,2019-11-09,3,Brescia,Torino,0,4,0,2
2390,2019,34,2019-11-09,3,Inter,Verona,2,1,0,1
2391,2019,34,2019-11-09,3,Napoli,Genoa,0,0,0,0
2392,2019,33,2019-11-09,4,Bayern Munich,Dortmund,4,0,1,0
2393,2019,33,2019-11-09,4,Hertha,RB Leipzig,2,4,1,2
2394,2019,33,2019-11-09,4,Mainz,Union Berlin,2,3,0,2
2395,2019,33,2019-11-09,4,Paderborn,Augsburg,0,1,0,1
2396,2019,33,2019-11-09,4,Schalke 04,Fortuna Dusseldorf,3,3,1,0
2397,2019,37,2019-11-09,5,Brest,Paris SG,1,2,0,1
2398,2019,37,2019-11-09,5,Lille,Metz,0,0,0,0
2399,2019,37,2019-11-09,5,Monaco,Dijon,1,0,1,0
2400,2019,37,2019-11-09,5,Reims,Angers,0,0,0,0
2401,2019,37,2019-11-09,5,Strasbourg,Nimes,4,1,2,0
2402,2019,33,2019-11-10,1,Liverpool,Man City,3,1,2,0
2403,2019,33,2019-11-10,1,Man United,Brighton,3,1,2,0
2404,2019,33,2019-11-10,1,Wolves,Aston Villa,2,1,1,0
2405,2019,38,2019-11-10,2,Ath Bilbao,Levante,2,1,0,1
2406,2019,38,2019-11-10,2,Ath Madrid,Espanol,3,1,1,1
2407,2019,38,2019-11-10,2,Betis,Sevilla,1,2,1,1
2408,2019,38,2019-11-10,2,Getafe,Osasuna,0,0,0,0
2409,2019,38,2019-11-10,2,Mallorca,Villarreal,3,1,2,0
2410,2019,35,2019-11-10,3,Cagliari,Fiorentina,5,2,3,0
2411,2019,35,2019-11-10,3,Juventus,Milan,1,0,0,0
2412,2019,35,2019-11-10,3,Lazio,Lecce,4,2,1,1
2413,2019,35,2019-11-10,3,Parma,Roma,2,0,0,0
2414,2019,35,2019-11-10,3,Sampdoria,Atalanta,0,0,0,0
2415,2019,35,2019-11-10,3,Udinese,Spal,0,0,0,0
2416,2019,34,2019-11-10,4,Freiburg,Ein Frankfurt,1,0,0,0
2417,2019,34,2019-11-10,4,M'gladbach,Werder Bremen,3,1,2,0
2418,2019,34,2019-11-10,4,Wolfsburg,Leverkusen,0,2,0,1
2419,2019,38,2019-11-10,5,Marseille,Lyon,2,1,2,0
2420,2019,38,2019-11-10,5,Montpellier,Toulouse,3,0,1,0
2421,2019,38,2019-11-10,5,Nantes,St Etienne,2,3,2,2
2422,2019,38,2019-11-10,5,Rennes,Amiens,3,1,1,1
2423,2019,39,2019-11-22,2,Levante,Mallorca,2,1,0,0
2424,2019,35,2019-11-22,4,Dortmund,Paderborn,3,3,0,3
2425,2019,39,2019-11-22,5,Paris SG,Lille,2,0,2,0
2426,2019,34,2019-11-23,1,Arsenal,Southampton,2,2,1,1
2427,2019,34,2019-11-23,1,Bournemouth,Wolves,1,2,0,2
2428,2019,34,2019-11-23,1,Brighton,Leicester,0,2,0,0
2429,2019,34,2019-11-23,1,Crystal Palace,Liverpool,1,2,0,0
2430,2019,34,2019-11-23,1,Everton,Norwich,0,2,0,0
2431,2019,34,2019-11-23,1,Man City,Chelsea,2,1,2,1
2432,2019,34,2019-11-23,1,Watford,Burnley,0,3,0,0
2433,2019,34,2019-11-23,1,West Ham,Tottenham,2,3,0,2
2434,2019,40,2019-11-23,2,Betis,Valencia,2,1,1,1
2435,2019,40,2019-11-23,2,Granada,Ath Madrid,1,1,0,0
2436,2019,40,2019-11-23,2,Leganes,Barcelona,1,2,1,0
2437,2019,40,2019-11-23,2,Real Madrid,Sociedad,3,1,1,1
2438,2019,36,2019-11-23,3,Atalanta,Juventus,1,3,0,0
2439,2019,36,2019-11-23,3,Milan,Napoli,1,1,1,1
2440,2019,36,2019-11-23,3,Torino,Inter,0,3,0,2
2441,2019,36,2019-11-23,4,Ein Frankfurt,Wolfsburg,0,2,0,1
2442,2019,36,2019-11-23,4,Fortuna Dusseldorf,Bayern Munich,0,4,0,3
2443,2019,36,2019-11-23,4,Leverkusen,Freiburg,1,1,1,1
2444,2019,36,2019-11-23,4,RB Leipzig,FC Koln,4,1,3,1
2445,2019,36,2019-11-23,4,Union Berlin,M'gladbach,2,0,1,0
2446,2019,36,2019-11-23,4,Werder Bremen,Schalke 04,1,2,0,1
2447,2019,40,2019-11-23,5,Amiens,Strasbourg,0,4,0,1
2448,2019,40,2019-11-23,5,Angers,Nimes,1,0,0,0
2449,2019,40,2019-11-23,5,Brest,Nantes,1,1,0,1
2450,2019,40,2019-11-23,5,Dijon,Rennes,2,1,0,0
2451,2019,40,2019-11-23,5,Lyon,Nice,2,1,2,0
2452,2019,40,2019-11-23,5,Metz,Reims,1,1,0,1
2453,2019,35,2019-11-24,1,Sheffield United,Man United,3,3,1,0
2454,2019,41,2019-11-24,2,Eibar,Alaves,0,2,0,0
2455,2019,41,2019-11-24,2,Espanol,Getafe,1,1,1,1
2456,2019,41,2019-11-24,2,Osasuna,Ath Bilbao,1,2,0,1
2457,2019,41,2019-11-24,2,Valladolid,Sevilla,0,1,0,1
2458,2019,41,2019-11-24,2,Villarreal,Celta,1,3,0,0
2459,2019,37,2019-11-24,3,Bologna,Parma,2,2,1,1
2460,2019,37,2019-11-24,3,Roma,Brescia,3,0,0,0
2461,2019,37,2019-11-24,3,Sampdoria,Udinese,2,1,1,1
2462,2019,37,2019-11-24,3,Sassuolo,Lazio,1,2,1,1
2463,2019,37,2019-11-24,3,Verona,Fiorentina,1,0,0,0
2464,2019,37,2019-11-24,4,Augsburg,Hertha,4,0,2,0
2465,2019,37,2019-11-24,4,Hoffenheim,Mainz,1,5,0,1
2466,2019,41,2019-11-24,5,Bordeaux,Monaco,2,1,1,1
2467,2019,41,2019-11-24,5,St Etienne,Montpellier,0,0,0,0
2468,2019,41,2019-11-24,5,Toulouse,Marseille,0,2,0,0
2469,2019,36,2019-11-25,1,Aston Villa,Newcastle,2,0,2,0
2470,2019,38,2019-11-25,3,Lecce,Cagliari,2,2,0,1
2471,2019,38,2019-11-25,3,Spal,Genoa,1,1,0,0
2472,2019,42,2019-11-29,2,Celta,Valladolid,0,0,0,0
2473,2019,38,2019-11-29,4,Schalke 04,Union Berlin,2,1,1,1
2474,2019,42,2019-11-29,5,Marseille,Brest,2,1,0,0
2475,2019,37,2019-11-30,1,Burnley,Crystal Palace,0,2,0,1
2476,2019,37,2019-11-30,1,Chelsea,West Ham,0,1,0,0
2477,2019,37,2019-11-30,1,Liverpool,Brighton,2,1,2,0
2478,2019,37,2019-11-30,1,Newcastle,Man City,2,2,1,1
2479,2019,37,2019-11-30,1,Southampton,Watford,2,1,0,1
2480,2019,37,2019-11-30,1,Tottenham,Bournemouth,3,2,1,0
2481,2019,43,2019-11-30,2,Alaves,Real Madrid,1,2,0,0
2482,2019,43,2019-11-30,2,Mallorca,Betis,1,2,0,2
2483,2019,43,2019-11-30,2,Sociedad,Eibar,4,1,1,1
2484,2019,43,2019-11-30,2,Valencia,Villarreal,2,1,0,0
2485,2019,39,2019-11-30,3,Brescia,Atalanta,0,3,0,1
2486,2019,39,2019-11-30,3,Fiorentina,Lecce,0,1,0,0
2487,2019,39,2019-11-30,3,Genoa,Torino,0,1,0,0
2488,2019,39,2019-11-30,4,Bayern Munich,Leverkusen,1,2,1,2
2489,2019,39,2019-11-30,4,FC Koln,Augsburg,1,1,0,1
2490,2019,39,2019-11-30,4,Hertha,Dortmund,1,2,1,2
2491,2019,39,2019-11-30,4,Hoffenheim,Fortuna Dusseldorf,1,1,1,0
2492,2019,39,2019-11-30,4,Paderborn,RB Leipzig,2,3,0,3
2493,2019,43,2019-11-30,5,Lille,Dijon,1,0,1,0
2494,2019,43,2019-11-30,5,Montpellier,Amiens,4,2,1,1
2495,2019,43,2019-11-30,5,Nice,Angers,3,1,1,1
2496,2019,43,2019-11-30,5,Nimes,Metz,1,1,0,1
2497,2019,43,2019-11-30,5,Reims,Bordeaux,1,1,0,1
2498,2019,43,2019-11-30,5,Strasbourg,Lyon,1,2,1,1
2499,2019,38,2019-12-01,1,Leicester,Everton,2,1,0,1
2500,2019,38,2019-12-01,1,Man United,Aston Villa,2,2,1,1
2501,2019,38,2019-12-01,1,Norwich,Arsenal,2,2,2,1
2502,2019,38,2019-12-01,1,Wolves,Sheffield United,1,1,0,1
2503,2019,44,2019-12-01,2,Ath Bilbao,Granada,2,0,1,0
2504,2019,44,2019-12-01,2,Ath Madrid,Barcelona,0,1,0,0
2505,2019,44,2019-12-01,2,Espanol,Osasuna,2,4,1,0
2506,2019,44,2019-12-01,2,Getafe,Levante,4,0,0,0
2507,2019,44,2019-12-01,2,Sevilla,Leganes,1,0,0,0
2508,2019,40,2019-12-01,3,Inter,Spal,2,1,2,0
2509,2019,40,2019-12-01,3,Juventus,Sassuolo,2,2,1,1
2510,2019,40,2019-12-01,3,Lazio,Udinese,3,0,3,0
2511,2019,40,2019-12-01,3,Napoli,Bologna,1,2,1,0
2512,2019,40,2019-12-01,3,Parma,Milan,0,1,0,0
2513,2019,40,2019-12-01,3,Verona,Roma,1,3,1,2
2514,2019,40,2019-12-01,4,M'gladbach,Freiburg,4,2,1,1
2515,2019,40,2019-12-01,4,Wolfsburg,Werder Bremen,2,3,1,2
2516,2019,44,2019-12-01,5,Nantes,Toulouse,2,1,1,0
2517,2019,44,2019-12-01,5,Rennes,St Etienne,2,1,1,1
2518,2019,41,2019-12-02,3,Cagliari,Sampdoria,4,3,0,1
2519,2019,41,2019-12-02,4,Mainz,Ein Frankfurt,2,1,0,1
2520,2019,39,2019-12-03,1,Burnley,Man City,1,4,0,1
2521,2019,39,2019-12-03,1,Crystal Palace,Bournemouth,1,0,0,0
2522,2019,45,2019-12-03,5,Angers,Marseille,0,2,0,2
2523,2019,45,2019-12-03,5,Bordeaux,Nimes,6,0,2,0
2524,2019,45,2019-12-03,5,Brest,Strasbourg,5,0,2,0
2525,2019,45,2019-12-03,5,Lyon,Lille,0,1,0,0
2526,2019,40,2019-12-04,1,Chelsea,Aston Villa,2,1,1,1
2527,2019,40,2019-12-04,1,Leicester,Watford,2,0,0,0
2528,2019,40,2019-12-04,1,Liverpool,Everton,5,2,4,2
2529,2019,40,2019-12-04,1,Man United,Tottenham,2,1,1,1
2530,2019,40,2019-12-04,1,Southampton,Norwich,2,1,2,0
2531,2019,40,2019-12-04,1,Wolves,West Ham,2,0,1,0
2532,2019,46,2019-12-04,5,Dijon,Montpellier,2,2,1,2
2533,2019,46,2019-12-04,5,Metz,Rennes,0,1,0,1
2534,2019,46,2019-12-04,5,Paris SG,Nantes,2,0,0,0
2535,2019,46,2019-12-04,5,St Etienne,Nice,4,1,3,1
2536,2019,46,2019-12-04,5,Toulouse,Monaco,1,2,1,1
2537,2019,41,2019-12-05,1,Arsenal,Brighton,1,2,0,1
2538,2019,41,2019-12-05,1,Sheffield United,Newcastle,0,2,0,1
2539,2019,45,2019-12-06,2,Villarreal,Ath Madrid,0,0,0,0
2540,2019,42,2019-12-06,3,Inter,Roma,0,0,0,0
2541,2019,42,2019-12-06,4,Ein Frankfurt,Hertha,2,2,0,1
2542,2019,47,2019-12-06,5,Lille,Brest,1,0,1,0
2543,2019,47,2019-12-06,5,Nimes,Lyon,0,4,0,1
2544,2019,42,2019-12-07,1,Bournemouth,Liverpool,0,3,0,2
2545,2019,42,2019-12-07,1,Everton,Chelsea,3,1,1,0
2546,2019,42,2019-12-07,1,Man City,Man United,1,2,0,2
2547,2019,42,2019-12-07,1,Tottenham,Burnley,5,0,3,0
2548,2019,42,2019-12-07,1,Watford,Crystal Palace,0,0,0,0
2549,2019,46,2019-12-07,2,Barcelona,Mallorca,5,2,4,1
2550,2019,46,2019-12-07,2,Granada,Alaves,3,0,0,0
2551,2019,46,2019-12-07,2,Levante,Valencia,2,4,2,1
2552,2019,46,2019-12-07,2,Real Madrid,Espanol,2,0,1,0
2553,2019,43,2019-12-07,3,Atalanta,Verona,3,2,1,1
2554,2019,43,2019-12-07,3,Lazio,Juventus,3,1,1,1
2555,2019,43,2019-12-07,3,Udinese,Napoli,1,1,1,0
2556,2019,43,2019-12-07,4,Augsburg,Mainz,2,1,1,1
2557,2019,43,2019-12-07,4,Dortmund,Fortuna Dusseldorf,5,0,1,0
2558,2019,43,2019-12-07,4,Freiburg,Wolfsburg,1,0,0,0
2559,2019,43,2019-12-07,4,Leverkusen,Schalke 04,2,1,1,0
2560,2019,43,2019-12-07,4,M'gladbach,Bayern Munich,2,1,0,0
2561,2019,43,2019-12-07,4,RB Leipzig,Hoffenheim,3,1,1,0
2562,2019,48,2019-12-07,5,Monaco,Amiens,3,0,0,0
2563,2019,48,2019-12-07,5,Montpellier,Paris SG,1,3,1,0
2564,2019,48,2019-12-07,5,Nice,Metz,4,1,2,0
2565,2019,48,2019-12-07,5,Rennes,Angers,2,1,1,0
2566,2019,48,2019-12-07,5,Strasbourg,Toulouse,4,2,2,1
2567,2019,43,2019-12-08,1,Aston Villa,Leicester,1,4,1,2
2568,2019,43,2019-12-08,1,Brighton,Wolves,2,2,2,2
2569,2019,43,2019-12-08,1,Newcastle,Southampton,2,1,0,0
2570,2019,43,2019-12-08,1,Norwich,Sheffield United,1,2,1,0
2571,2019,47,2019-12-08,2,Betis,Ath Bilbao,3,2,3,1
2572,2019,47,2019-12-08,2,Eibar,Getafe,0,1,0,0
2573,2019,47,2019-12-08,2,Leganes,Celta,3,2,2,0
2574,2019,47,2019-12-08,2,Osasuna,Sevilla,1,1,1,1
2575,2019,47,2019-12-08,2,Valladolid,Sociedad,0,0,0,0
2576,2019,44,2019-12-08,3,Bologna,Milan,2,3,1,2
2577,2019,44,2019-12-08,3,Lecce,Genoa,2,2,0,2
2578,2019,44,2019-12-08,3,Sampdoria,Parma,0,1,0,1
2579,2019,44,2019-12-08,3,Sassuolo,Cagliari,2,2,2,0
2580,2019,44,2019-12-08,3,Spal,Brescia,0,1,0,0
2581,2019,44,2019-12-08,3,Torino,Fiorentina,2,1,1,0
2582,2019,44,2019-12-08,4,Union Berlin,FC Koln,2,0,1,0
2583,2019,44,2019-12-08,4,Werder Bremen,Paderborn,0,1,0,0
2584,2019,49,2019-12-08,5,Marseille,Bordeaux,3,1,0,1
2585,2019,49,2019-12-08,5,Nantes,Dijon,1,0,0,0
2586,2019,49,2019-12-08,5,Reims,St Etienne,3,1,1,0
2587,2019,44,2019-12-09,1,West Ham,Arsenal,1,3,1,0
2588,2019,48,2019-12-13,2,Alaves,Leganes,1,1,0,1
2589,2019,45,2019-12-13,4,Hoffenheim,Augsburg,2,4,1,1
2590,2019,50,2019-12-13,5,Lille,Montpellier,2,1,1,0
2591,2019,45,2019-12-14,1,Burnley,Newcastle,1,0,0,0
2592,2019,45,2019-12-14,1,Chelsea,Bournemouth,0,1,0,0
2593,2019,45,2019-12-14,1,Leicester,Norwich,1,1,1,1
2594,2019,45,2019-12-14,1,Liverpool,Watford,2,0,1,0
2595,2019,45,2019-12-14,1,Sheffield United,Aston Villa,2,0,0,0
2596,2019,45,2019-12-14,1,Southampton,West Ham,0,1,0,1
2597,2019,49,2019-12-14,2,Ath Bilbao,Eibar,0,0,0,0
2598,2019,49,2019-12-14,2,Ath Madrid,Osasuna,2,0,0,0
2599,2019,49,2019-12-14,2,Granada,Levante,1,2,0,0
2600,2019,49,2019-12-14,2,Sociedad,Barcelona,2,2,1,1
2601,2019,45,2019-12-14,3,Brescia,Lecce,3,0,2,0
2602,2019,45,2019-12-14,3,Genoa,Sampdoria,0,1,0,0
2603,2019,45,2019-12-14,3,Napoli,Parma,1,2,0,1
2604,2019,46,2019-12-14,4,Bayern Munich,Werder Bremen,6,1,2,1
2605,2019,46,2019-12-14,4,FC Koln,Leverkusen,2,0,0,0
2606,2019,46,2019-12-14,4,Fortuna Dusseldorf,RB Leipzig,0,3,0,1
2607,2019,46,2019-12-14,4,Hertha,Freiburg,1,0,0,0
2608,2019,46,2019-12-14,4,Mainz,Dortmund,0,4,0,1
2609,2019,46,2019-12-14,4,Paderborn,Union Berlin,1,1,1,1
2610,2019,51,2019-12-14,5,Amiens,Dijon,1,1,1,1
2611,2019,51,2019-12-14,5,Angers,Monaco,0,0,0,0
2612,2019,51,2019-12-14,5,Brest,Nice,0,0,0,0
2613,2019,51,2019-12-14,5,Metz,Marseille,1,1,1,0
2614,2019,51,2019-12-14,5,Nimes,Nantes,0,1,0,1
2615,2019,51,2019-12-14,5,Toulouse,Reims,0,1,0,1
2616,2019,46,2019-12-15,1,Arsenal,Man City,0,3,0,3
2617,2019,46,2019-12-15,1,Man United,Everton,1,1,0,1
2618,2019,46,2019-12-15,1,Wolves,Tottenham,1,2,0,1
2619,2019,50,2019-12-15,2,Celta,Mallorca,2,2,1,1
2620,2019,50,2019-12-15,2,Espanol,Betis,2,2,2,1
2621,2019,50,2019-12-15,2,Getafe,Valladolid,2,0,1,0
2622,2019,50,2019-12-15,2,Sevilla,Villarreal,1,2,0,1
2623,2019,50,2019-12-15,2,Valencia,Real Madrid,1,1,0,0
2624,2019,46,2019-12-15,3,Bologna,Atalanta,2,1,1,0
2625,2019,46,2019-12-15,3,Fiorentina,Inter,1,1,0,1
2626,2019,46,2019-12-15,3,Juventus,Udinese,3,1,3,0
2627,2019,46,2019-12-15,3,Milan,Sassuolo,0,0,0,0
2628,2019,46,2019-12-15,3,Roma,Spal,3,1,0,1
2629,2019,46,2019-12-15,3,Verona,Torino,3,3,0,1
2630,2019,47,2019-12-15,4,Schalke 04,Ein Frankfurt,1,0,0,0
2631,2019,47,2019-12-15,4,Wolfsburg,M'gladbach,2,1,1,1
2632,2019,52,2019-12-15,5,Bordeaux,Strasbourg,0,1,0,1
2633,2019,52,2019-12-15,5,Lyon,Rennes,0,1,0,0
2634,2019,52,2019-12-15,5,St Etienne,Paris SG,0,4,0,2
2635,2019,47,2019-12-16,1,Crystal Palace,Brighton,1,1,0,0
2636,2019,47,2019-12-16,3,Cagliari,Lazio,1,2,1,0
2637,2019,48,2019-12-17,4,Augsburg,Fortuna Dusseldorf,3,0,1,0
2638,2019,48,2019-12-17,4,Dortmund,RB Leipzig,3,3,2,0
2639,2019,48,2019-12-17,4,Union Berlin,Hoffenheim,0,2,0,0
2640,2019,48,2019-12-17,4,Werder Bremen,Mainz,0,5,0,4
2641,2019,51,2019-12-18,2,Barcelona,Real Madrid,0,0,0,0
2642,2019,48,2019-12-18,3,Brescia,Sassuolo,0,2,0,1
2643,2019,48,2019-12-18,3,Sampdoria,Juventus,1,2,1,2
2644,2019,49,2019-12-18,4,Ein Frankfurt,FC Koln,2,4,2,1
2645,2019,49,2019-12-18,4,Freiburg,Bayern Munich,1,3,0,1
2646,2019,49,2019-12-18,4,Leverkusen,Hertha,0,1,0,0
2647,2019,49,2019-12-18,4,M'gladbach,Paderborn,2,0,0,0
2648,2019,49,2019-12-18,4,Wolfsburg,Schalke 04,1,1,0,0
2649,2019,52,2019-12-20,2,Eibar,Granada,3,0,2,0
2650,2019,49,2019-12-20,3,Fiorentina,Roma,1,4,1,2
2651,2019,50,2019-12-20,4,Hoffenheim,Dortmund,2,1,0,1
2652,2019,48,2019-12-21,1,Aston Villa,Southampton,1,3,0,2
2653,2019,48,2019-12-21,1,Bournemouth,Burnley,0,1,0,0
2654,2019,48,2019-12-21,1,Brighton,Sheffield United,0,1,0,1
2655,2019,48,2019-12-21,1,Everton,Arsenal,0,0,0,0
2656,2019,48,2019-12-21,1,Man City,Leicester,3,1,2,1
2657,2019,48,2019-12-21,1,Newcastle,Crystal Palace,1,0,0,0
2658,2019,48,2019-12-21,1,Norwich,Wolves,1,2,1,0
2659,2019,53,2019-12-21,2,Barcelona,Alaves,4,1,2,0
2660,2019,53,2019-12-21,2,Mallorca,Sevilla,0,2,0,1
2661,2019,53,2019-12-21,2,Valladolid,Valencia,1,1,0,0
2662,2019,53,2019-12-21,2,Villarreal,Getafe,1,0,0,0
2663,2019,50,2019-12-21,3,Inter,Genoa,4,0,2,0
2664,2019,50,2019-12-21,3,Torino,Spal,1,2,1,1
2665,2019,50,2019-12-21,3,Udinese,Cagliari,2,1,1,0
2666,2019,51,2019-12-21,4,Bayern Munich,Wolfsburg,2,0,0,0
2667,2019,51,2019-12-21,4,FC Koln,Werder Bremen,1,0,1,0
2668,2019,51,2019-12-21,4,Hertha,M'gladbach,0,0,0,0
2669,2019,51,2019-12-21,4,Mainz,Leverkusen,0,1,0,0
2670,2019,51,2019-12-21,4,RB Leipzig,Augsburg,3,1,0,1
2671,2019,51,2019-12-21,4,Schalke 04,Freiburg,2,2,1,0
2672,2019,53,2019-12-21,5,Dijon,Metz,2,2,2,1
2673,2019,53,2019-12-21,5,Marseille,Nimes,3,1,0,0
2674,2019,53,2019-12-21,5,Monaco,Lille,5,1,2,1
2675,2019,53,2019-12-21,5,Montpellier,Brest,4,0,2,0
2676,2019,53,2019-12-21,5,Nantes,Angers,1,2,1,0
2677,2019,53,2019-12-21,5,Nice,Toulouse,3,0,3,0
2678,2019,53,2019-12-21,5,Paris SG,Amiens,4,1,1,0
2679,2019,53,2019-12-21,5,Reims,Lyon,1,1,1,1
2680,2019,53,2019-12-21,5,Rennes,Bordeaux,1,0,0,0
2681,2019,53,2019-12-21,5,Strasbourg,St Etienne,2,1,1,0
2682,2019,49,2019-12-22,1,Tottenham,Chelsea,0,2,0,2
2683,2019,49,2019-12-22,1,Watford,Man United,2,0,0,0
2684,2019,54,2019-12-22,2,Betis,Ath Madrid,1,2,0,0
2685,2019,54,2019-12-22,2,Leganes,Espanol,2,0,1,0
2686,2019,54,2019-12-22,2,Levante,Celta,3,1,0,1
2687,2019,54,2019-12-22,2,Osasuna,Sociedad,3,4,1,3
2688,2019,54,2019-12-22,2,Real Madrid,Ath Bilbao,0,0,0,0
2689,2019,51,2019-12-22,3,Atalanta,Milan,5,0,1,0
2690,2019,51,2019-12-22,3,Lecce,Bologna,2,3,0,1
2691,2019,51,2019-12-22,3,Parma,Brescia,1,1,0,0
2692,2019,51,2019-12-22,3,Sassuolo,Napoli,1,2,1,0
2693,2019,52,2019-12-22,4,Fortuna Dusseldorf,Union Berlin,2,1,1,0
2694,2019,52,2019-12-22,4,Paderborn,Ein Frankfurt,2,1,2,0
2695,2019,50,2019-12-26,1,Aston Villa,Norwich,1,0,0,0
2696,2019,50,2019-12-26,1,Bournemouth,Arsenal,1,1,1,0
2697,2019,50,2019-12-26,1,Chelsea,Southampton,0,2,0,1
2698,2019,50,2019-12-26,1,Crystal Palace,West Ham,2,1,0,0
2699,2019,50,2019-12-26,1,Everton,Burnley,1,0,0,0
2700,2019,50,2019-12-26,1,Leicester,Liverpool,0,4,0,1
2701,2019,50,2019-12-26,1,Man United,Newcastle,4,1,3,1
2702,2019,50,2019-12-26,1,Sheffield United,Watford,1,1,1,1
2703,2019,50,2019-12-26,1,Tottenham,Brighton,2,1,0,1
2704,2019,51,2019-12-27,1,Wolves,Man City,3,2,0,1
2705,2019,52,2019-12-28,1,Brighton,Bournemouth,2,0,1,0
2706,2019,52,2019-12-28,1,Burnley,Man United,0,2,0,1
2707,2019,52,2019-12-28,1,Newcastle,Everton,1,2,0,1
2708,2019,52,2019-12-28,1,Norwich,Tottenham,2,2,1,0
2709,2019,52,2019-12-28,1,Southampton,Crystal Palace,1,1,0,0
2710,2019,52,2019-12-28,1,Watford,Aston Villa,3,0,1,0
2711,2019,52,2019-12-28,1,West Ham,Leicester,1,2,1,1
2712,2019,53,2019-12-29,1,Arsenal,Chelsea,1,2,1,0
2713,2019,53,2019-12-29,1,Liverpool,Wolves,1,0,1,0
2714,2019,53,2019-12-29,1,Man City,Sheffield United,2,0,0,0
2715,2019,54,2020-01-01,1,Arsenal,Man United,2,0,2,0
2716,2019,54,2020-01-01,1,Brighton,Chelsea,1,1,0,1
2717,2019,54,2020-01-01,1,Burnley,Aston Villa,1,2,0,2
2718,2019,54,2020-01-01,1,Man City,Everton,2,1,0,0
2719,2019,54,2020-01-01,1,Newcastle,Leicester,0,3,0,2
2720,2019,54,2020-01-01,1,Norwich,Crystal Palace,1,1,1,0
2721,2019,54,2020-01-01,1,Southampton,Tottenham,1,0,1,0
2722,2019,54,2020-01-01,1,Watford,Wolves,2,1,1,0
2723,2019,54,2020-01-01,1,West Ham,Bournemouth,4,0,3,0
2724,2019,55,2020-01-02,1,Liverpool,Sheffield United,2,0,1,0
2725,2019,55,2020-01-03,2,Sevilla,Ath Bilbao,1,1,0,1
2726,2019,55,2020-01-03,2,Valladolid,Leganes,2,2,1,2
2727,2019,56,2020-01-04,2,Ath Madrid,Levante,2,1,2,1
2728,2019,56,2020-01-04,2,Espanol,Barcelona,2,2,1,0
2729,2019,56,2020-01-04,2,Getafe,Real Madrid,0,3,0,1
2730,2019,56,2020-01-04,2,Valencia,Eibar,1,0,1,0
2731,2019,57,2020-01-05,2,Alaves,Betis,1,1,1,0
2732,2019,57,2020-01-05,2,Celta,Osasuna,1,1,0,0
2733,2019,57,2020-01-05,2,Granada,Mallorca,1,0,1,0
2734,2019,57,2020-01-05,2,Sociedad,Villarreal,1,2,1,0
2735,2019,52,2020-01-05,3,Brescia,Lazio,1,2,1,1
2736,2019,52,2020-01-05,3,Genoa,Sassuolo,2,1,1,1
2737,2019,52,2020-01-05,3,Roma,Torino,0,2,0,1
2738,2019,52,2020-01-05,3,Spal,Verona,0,2,0,1
2739,2019,53,2020-01-06,3,Atalanta,Parma,5,0,3,0
2740,2019,53,2020-01-06,3,Bologna,Fiorentina,1,1,0,1
2741,2019,53,2020-01-06,3,Juventus,Cagliari,4,0,0,0
2742,2019,53,2020-01-06,3,Lecce,Udinese,0,1,0,0
2743,2019,53,2020-01-06,3,Milan,Sampdoria,0,0,0,0
2744,2019,53,2020-01-06,3,Napoli,Inter,1,3,1,2
2745,2019,56,2020-01-10,1,Sheffield United,West Ham,1,0,0,0
2746,2019,54,2020-01-10,5,Rennes,Marseille,0,1,0,0
2747,2019,57,2020-01-11,1,Chelsea,Burnley,3,0,2,0
2748,2019,57,2020-01-11,1,Crystal Palace,Arsenal,1,1,0,1
2749,2019,57,2020-01-11,1,Everton,Brighton,1,0,1,0
2750,2019,57,2020-01-11,1,Leicester,Southampton,1,2,1,1
2751,2019,57,2020-01-11,1,Man United,Norwich,4,0,1,0
2752,2019,57,2020-01-11,1,Tottenham,Liverpool,0,1,0,1
2753,2019,57,2020-01-11,1,Wolves,Newcastle,1,1,1,1
2754,2019,54,2020-01-11,3,Cagliari,Milan,0,2,0,0
2755,2019,54,2020-01-11,3,Inter,Atalanta,1,1,1,0
2756,2019,54,2020-01-11,3,Lazio,Napoli,1,0,0,0
2757,2019,55,2020-01-11,5,Amiens,Montpellier,1,2,1,0
2758,2019,55,2020-01-11,5,Angers,Nice,1,1,1,1
2759,2019,55,2020-01-11,5,Bordeaux,Lyon,1,2,1,0
2760,2019,55,2020-01-11,5,Metz,Strasbourg,1,0,0,0
2761,2019,55,2020-01-11,5,Nimes,Reims,2,0,1,0
2762,2019,55,2020-01-11,5,Toulouse,Brest,2,5,2,1
2763,2019,58,2020-01-12,1,Aston Villa,Man City,1,6,0,4
2764,2019,58,2020-01-12,1,Bournemouth,Watford,0,3,0,1
2765,2019,55,2020-01-12,3,Fiorentina,Spal,1,0,0,0
2766,2019,55,2020-01-12,3,Roma,Juventus,1,2,0,2
2767,2019,55,2020-01-12,3,Sampdoria,Brescia,5,1,2,1
2768,2019,55,2020-01-12,3,Torino,Bologna,1,0,1,0
2769,2019,55,2020-01-12,3,Udinese,Sassuolo,3,0,1,0
2770,2019,55,2020-01-12,3,Verona,Genoa,2,1,0,1
2771,2019,56,2020-01-12,5,Dijon,Lille,1,0,0,0
2772,2019,56,2020-01-12,5,Paris SG,Monaco,3,3,3,2
2773,2019,56,2020-01-12,5,St Etienne,Nantes,0,2,0,1
2774,2019,56,2020-01-13,3,Parma,Lecce,2,0,0,0
2775,2019,57,2020-01-15,5,Amiens,Reims,1,1,0,1
2776,2019,57,2020-01-15,5,Monaco,Paris SG,1,4,0,2
2777,2019,57,2020-01-15,5,Nimes,Rennes,0,1,0,0
2778,2019,58,2020-01-17,2,Leganes,Getafe,0,3,0,3
2779,2019,53,2020-01-17,4,Schalke 04,M'gladbach,2,0,0,0
2780,2019,59,2020-01-18,1,Arsenal,Sheffield United,1,1,1,0
2781,2019,59,2020-01-18,1,Brighton,Aston Villa,1,1,1,0
2782,2019,59,2020-01-18,1,Man City,Crystal Palace,2,2,0,1
2783,2019,59,2020-01-18,1,Newcastle,Chelsea,1,0,0,0
2784,2019,59,2020-01-18,1,Norwich,Bournemouth,1,0,1,0
2785,2019,59,2020-01-18,1,Southampton,Wolves,2,3,2,0
2786,2019,59,2020-01-18,1,Watford,Tottenham,0,0,0,0
2787,2019,59,2020-01-18,1,West Ham,Everton,1,1,1,1
2788,2019,59,2020-01-18,2,Eibar,Ath Madrid,2,0,1,0
2789,2019,59,2020-01-18,2,Levante,Alaves,0,1,0,0
2790,2019,59,2020-01-18,2,Osasuna,Valladolid,0,0,0,0
2791,2019,59,2020-01-18,2,Real Madrid,Sevilla,2,1,0,0
2792,2019,57,2020-01-18,3,Lazio,Sampdoria,5,1,3,0
2793,2019,57,2020-01-18,3,Napoli,Fiorentina,0,2,0,1
2794,2019,57,2020-01-18,3,Sassuolo,Torino,2,1,0,1
2795,2019,54,2020-01-18,4,Augsburg,Dortmund,3,5,1,0
2796,2019,54,2020-01-18,4,FC Koln,Wolfsburg,3,1,2,0
2797,2019,54,2020-01-18,4,Fortuna Dusseldorf,Werder Bremen,0,1,0,0
2798,2019,54,2020-01-18,4,Hoffenheim,Ein Frankfurt,1,2,0,1
2799,2019,54,2020-01-18,4,Mainz,Freiburg,1,2,0,2
2800,2019,54,2020-01-18,4,RB Leipzig,Union Berlin,3,1,0,1
2801,2019,60,2020-01-19,1,Burnley,Leicester,2,1,0,1
2802,2019,60,2020-01-19,1,Liverpool,Man United,2,0,1,0
2803,2019,60,2020-01-19,2,Ath Bilbao,Celta,1,1,0,0
2804,2019,60,2020-01-19,2,Barcelona,Granada,1,0,0,0
2805,2019,60,2020-01-19,2,Betis,Sociedad,3,0,2,0
2806,2019,60,2020-01-19,2,Mallorca,Valencia,4,1,3,0
2807,2019,60,2020-01-19,2,Villarreal,Espanol,1,2,0,1
2808,2019,58,2020-01-19,3,Bologna,Verona,1,1,1,0
2809,2019,58,2020-01-19,3,Brescia,Cagliari,2,2,1,1
2810,2019,58,2020-01-19,3,Genoa,Roma,1,3,1,2
2811,2019,58,2020-01-19,3,Juventus,Parma,2,1,1,0
2812,2019,58,2020-01-19,3,Lecce,Inter,1,1,0,0
2813,2019,58,2020-01-19,3,Milan,Udinese,3,2,0,1
2814,2019,55,2020-01-19,4,Hertha,Bayern Munich,0,4,0,0
2815,2019,55,2020-01-19,4,Paderborn,Leverkusen,1,4,0,3
2816,2019,59,2020-01-20,3,Atalanta,Spal,1,2,1,0
2817,2019,61,2020-01-21,1,Aston Villa,Watford,2,1,0,1
2818,2019,61,2020-01-21,1,Bournemouth,Brighton,3,1,2,0
2819,2019,61,2020-01-21,1,Chelsea,Arsenal,2,2,1,0
2820,2019,61,2020-01-21,1,Crystal Palace,Southampton,0,2,0,1
2821,2019,61,2020-01-21,1,Everton,Newcastle,2,2,1,0
2822,2019,61,2020-01-21,1,Sheffield United,Man City,0,1,0,0
2823,2019,62,2020-01-22,1,Leicester,West Ham,4,1,2,0
2824,2019,62,2020-01-22,1,Man United,Burnley,0,2,0,1
2825,2019,62,2020-01-22,1,Tottenham,Norwich,2,1,1,0
2826,2019,63,2020-01-23,1,Wolves,Liverpool,1,2,0,1
2827,2019,61,2020-01-24,2,Osasuna,Levante,2,0,0,0
2828,2019,60,2020-01-24,3,Brescia,Milan,0,1,0,0
2829,2019,56,2020-01-24,4,Dortmund,FC Koln,5,1,2,0
2830,2019,58,2020-01-24,5,Nice,Rennes,1,1,0,0
2831,2019,62,2020-01-25,2,Alaves,Villarreal,1,2,0,1
2832,2019,62,2020-01-25,2,Espanol,Ath Bilbao,1,1,0,1
2833,2019,62,2020-01-25,2,Sevilla,Granada,2,0,2,0
2834,2019,62,2020-01-25,2,Valencia,Barcelona,2,0,0,0
2835,2019,61,2020-01-25,3,Fiorentina,Genoa,0,0,0,0
2836,2019,61,2020-01-25,3,Spal,Bologna,1,3,1,1
2837,2019,61,2020-01-25,3,Torino,Atalanta,0,7,0,3
2838,2019,57,2020-01-25,4,Bayern Munich,Schalke 04,5,0,2,0
2839,2019,57,2020-01-25,4,Ein Frankfurt,RB Leipzig,2,0,0,0
2840,2019,57,2020-01-25,4,Freiburg,Paderborn,0,2,0,0
2841,2019,57,2020-01-25,4,M'gladbach,Mainz,3,1,1,1
2842,2019,57,2020-01-25,4,Union Berlin,Augsburg,2,0,0,0
2843,2019,57,2020-01-25,4,Wolfsburg,Hertha,1,2,0,0
2844,2019,59,2020-01-25,5,Brest,Amiens,2,1,0,0
2845,2019,59,2020-01-25,5,Marseille,Angers,0,0,0,0
2846,2019,59,2020-01-25,5,Monaco,Strasbourg,1,3,0,1
2847,2019,59,2020-01-25,5,Montpellier,Dijon,2,1,0,0
2848,2019,59,2020-01-25,5,Reims,Metz,0,1,0,1
2849,2019,59,2020-01-25,5,St Etienne,Nimes,2,1,2,1
2850,2019,63,2020-01-26,2,Ath Madrid,Leganes,0,0,0,0
2851,2019,63,2020-01-26,2,Celta,Eibar,0,0,0,0
2852,2019,63,2020-01-26,2,Getafe,Betis,1,0,0,0
2853,2019,63,2020-01-26,2,Sociedad,Mallorca,3,0,0,0
2854,2019,63,2020-01-26,2,Valladolid,Real Madrid,0,1,0,0
2855,2019,62,2020-01-26,3,Inter,Cagliari,1,1,1,0
2856,2019,62,2020-01-26,3,Napoli,Juventus,2,1,0,0
2857,2019,62,2020-01-26,3,Parma,Udinese,2,0,2,0
2858,2019,62,2020-01-26,3,Roma,Lazio,1,1,1,1
2859,2019,62,2020-01-26,3,Sampdoria,Sassuolo,0,0,0,0
2860,2019,62,2020-01-26,3,Verona,Lecce,3,0,2,0
2861,2019,58,2020-01-26,4,Leverkusen,Fortuna Dusseldorf,3,0,1,0
2862,2019,58,2020-01-26,4,Werder Bremen,Hoffenheim,0,3,0,0
2863,2019,60,2020-01-26,5,Lille,Paris SG,0,2,0,1
2864,2019,60,2020-01-26,5,Lyon,Toulouse,3,0,1,0
2865,2019,60,2020-01-26,5,Nantes,Bordeaux,0,1,0,0
2866,2019,64,2020-01-29,1,West Ham,Liverpool,0,2,0,1
2867,2019,59,2020-01-31,4,Hertha,Schalke 04,0,0,0,0
2868,2019,61,2020-01-31,5,Rennes,Nantes,3,2,0,0
2869,2019,65,2020-02-01,1,Bournemouth,Aston Villa,2,1,2,0
2870,2019,65,2020-02-01,1,Crystal Palace,Sheffield United,0,1,0,0
2871,2019,65,2020-02-01,1,Leicester,Chelsea,2,2,0,0
2872,2019,65,2020-02-01,1,Liverpool,Southampton,4,0,0,0
2873,2019,65,2020-02-01,1,Man United,Wolves,0,0,0,0
2874,2019,65,2020-02-01,1,Newcastle,Norwich,0,0,0,0
2875,2019,65,2020-02-01,1,Watford,Everton,2,3,2,2
2876,2019,65,2020-02-01,1,West Ham,Brighton,3,3,2,0
2877,2019,64,2020-02-01,2,Granada,Espanol,2,1,1,1
2878,2019,64,2020-02-01,2,Mallorca,Valladolid,0,1,0,0
2879,2019,64,2020-02-01,2,Real Madrid,Ath Madrid,1,0,0,0
2880,2019,64,2020-02-01,2,Valencia,Celta,1,0,0,0
2881,2019,63,2020-02-01,3,Bologna,Brescia,2,1,1,1
2882,2019,63,2020-02-01,3,Cagliari,Parma,2,2,1,1
2883,2019,63,2020-02-01,3,Sassuolo,Roma,4,2,3,0
2884,2019,60,2020-02-01,4,Augsburg,Werder Bremen,2,1,0,1
2885,2019,60,2020-02-01,4,Dortmund,Union Berlin,5,0,2,0
2886,2019,60,2020-02-01,4,Fortuna Dusseldorf,Ein Frankfurt,1,1,0,0
2887,2019,60,2020-02-01,4,Hoffenheim,Leverkusen,2,1,1,1
2888,2019,60,2020-02-01,4,Mainz,Bayern Munich,1,3,1,3
2889,2019,60,2020-02-01,4,RB Leipzig,M'gladbach,2,2,0,2
2890,2019,62,2020-02-01,5,Amiens,Toulouse,0,0,0,0
2891,2019,62,2020-02-01,5,Angers,Reims,1,4,1,1
2892,2019,62,2020-02-01,5,Dijon,Brest,3,0,2,0
2893,2019,62,2020-02-01,5,Nimes,Monaco,3,1,1,1
2894,2019,62,2020-02-01,5,Paris SG,Montpellier,5,0,3,0
2895,2019,62,2020-02-01,5,Strasbourg,Lille,1,2,1,0
2896,2019,66,2020-02-02,1,Burnley,Arsenal,0,0,0,0
2897,2019,66,2020-02-02,1,Tottenham,Man City,2,0,0,0
2898,2019,65,2020-02-02,2,Ath Bilbao,Getafe,0,2,0,1
2899,2019,65,2020-02-02,2,Barcelona,Levante,2,1,2,0
2900,2019,65,2020-02-02,2,Eibar,Betis,1,1,1,1
2901,2019,65,2020-02-02,2,Leganes,Sociedad,2,1,0,1
2902,2019,65,2020-02-02,2,Sevilla,Alaves,1,1,0,0
2903,2019,65,2020-02-02,2,Villarreal,Osasuna,3,1,1,0
2904,2019,64,2020-02-02,3,Atalanta,Genoa,2,2,2,2
2905,2019,64,2020-02-02,3,Juventus,Fiorentina,3,0,1,0
2906,2019,64,2020-02-02,3,Lazio,Spal,5,1,4,0
2907,2019,64,2020-02-02,3,Lecce,Torino,4,0,2,0
2908,2019,64,2020-02-02,3,Milan,Verona,1,1,1,1
2909,2019,64,2020-02-02,3,Udinese,Inter,0,2,0,0
2910,2019,61,2020-02-02,4,FC Koln,Freiburg,4,0,1,0
2911,2019,61,2020-02-02,4,Paderborn,Wolfsburg,2,4,1,2
2912,2019,63,2020-02-02,5,Bordeaux,Marseille,0,0,0,0
2913,2019,63,2020-02-02,5,Metz,St Etienne,3,1,1,0
2914,2019,63,2020-02-02,5,Nice,Lyon,2,1,1,1
2915,2019,65,2020-02-03,3,Sampdoria,Napoli,2,4,1,2
2916,2019,64,2020-02-04,5,Lille,Rennes,1,0,1,0
2917,2019,64,2020-02-04,5,Monaco,Angers,1,0,1,0
2918,2019,64,2020-02-04,5,Nantes,Paris SG,1,2,0,1
2919,2019,66,2020-02-05,3,Lazio,Verona,0,0,0,0
2920,2019,65,2020-02-05,5,Brest,Bordeaux,1,1,0,1
2921,2019,65,2020-02-05,5,Lyon,Amiens,0,0,0,0
2922,2019,65,2020-02-05,5,Montpellier,Metz,1,1,1,0
2923,2019,65,2020-02-05,5,Nimes,Dijon,2,0,2,0
2924,2019,65,2020-02-05,5,Reims,Nice,1,1,0,0
2925,2019,65,2020-02-05,5,St Etienne,Marseille,0,2,0,1
2926,2019,65,2020-02-05,5,Toulouse,Strasbourg,0,1,0,0
2927,2019,66,2020-02-07,2,Alaves,Eibar,2,1,0,0
2928,2019,67,2020-02-07,3,Roma,Bologna,2,3,1,2
2929,2019,62,2020-02-07,4,Ein Frankfurt,Augsburg,5,0,1,0
2930,2019,66,2020-02-07,5,Angers,Lille,0,2,0,1
2931,2019,67,2020-02-08,1,Brighton,Watford,1,1,0,1
2932,2019,67,2020-02-08,1,Everton,Crystal Palace,3,1,1,0
2933,2019,67,2020-02-08,2,Ath Madrid,Granada,1,0,1,0
2934,2019,67,2020-02-08,2,Getafe,Valencia,3,0,0,0
2935,2019,67,2020-02-08,2,Levante,Leganes,2,0,2,0
2936,2019,67,2020-02-08,2,Valladolid,Villarreal,1,1,1,0
2937,2019,68,2020-02-08,3,Fiorentina,Atalanta,1,2,1,0
2938,2019,68,2020-02-08,3,Torino,Sampdoria,1,3,0,0
2939,2019,68,2020-02-08,3,Verona,Juventus,2,1,0,0
2940,2019,63,2020-02-08,4,Freiburg,Hoffenheim,1,0,1,0
2941,2019,63,2020-02-08,4,Hertha,Mainz,1,3,0,1
2942,2019,63,2020-02-08,4,Leverkusen,Dortmund,4,3,2,2
2943,2019,63,2020-02-08,4,Schalke 04,Paderborn,1,1,0,0
2944,2019,63,2020-02-08,4,Werder Bremen,Union Berlin,0,2,0,0
2945,2019,63,2020-02-08,4,Wolfsburg,Fortuna Dusseldorf,1,1,0,1
2946,2019,67,2020-02-08,5,Amiens,Monaco,1,2,1,0
2947,2019,67,2020-02-08,5,Dijon,Nantes,3,3,2,2
2948,2019,67,2020-02-08,5,Marseille,Toulouse,1,0,0,0
2949,2019,67,2020-02-08,5,Metz,Bordeaux,1,2,1,0
2950,2019,67,2020-02-08,5,Nice,Nimes,1,3,1,1
2951,2019,67,2020-02-08,5,Rennes,Brest,0,0,0,0
2952,2019,68,2020-02-09,1,Sheffield United,Bournemouth,2,1,1,1
2953,2019,68,2020-02-09,2,Betis,Barcelona,2,3,2,2
2954,2019,68,2020-02-09,2,Celta,Sevilla,2,1,0,1
2955,2019,68,2020-02-09,2,Espanol,Mallorca,1,0,0,0
2956,2019,68,2020-02-09,2,Osasuna,Real Madrid,1,4,1,2
2957,2019,68,2020-02-09,2,Sociedad,Ath Bilbao,2,1,0,0
2958,2019,69,2020-02-09,3,Brescia,Udinese,1,1,0,0
2959,2019,69,2020-02-09,3,Genoa,Cagliari,1,0,1,0
2960,2019,69,2020-02-09,3,Inter,Milan,4,2,0,2
2961,2019,69,2020-02-09,3,Napoli,Lecce,2,3,0,1
2962,2019,69,2020-02-09,3,Parma,Lazio,0,1,0,1
2963,2019,69,2020-02-09,3,Spal,Sassuolo,1,2,1,0
2964,2019,64,2020-02-09,4,Bayern Munich,RB Leipzig,0,0,0,0
2965,2019,68,2020-02-09,5,Montpellier,St Etienne,1,0,1,0
2966,2019,68,2020-02-09,5,Paris SG,Lyon,4,2,2,0
2967,2019,68,2020-02-09,5,Strasbourg,Reims,3,0,0,0
2968,2019,69,2020-02-14,1,Wolves,Leicester,0,0,0,0
2969,2019,69,2020-02-14,2,Valencia,Ath Madrid,2,2,1,2
2970,2019,65,2020-02-14,4,Dortmund,Ein Frankfurt,4,0,1,0
2971,2019,69,2020-02-14,5,Monaco,Montpellier,1,0,0,0
2972,2019,70,2020-02-15,1,Norwich,Liverpool,0,1,0,0
2973,2019,70,2020-02-15,1,Southampton,Burnley,1,2,1,1
2974,2019,70,2020-02-15,2,Barcelona,Getafe,2,1,2,0
2975,2019,70,2020-02-15,2,Granada,Valladolid,2,1,0,0
2976,2019,70,2020-02-15,2,Mallorca,Alaves,1,0,0,0
2977,2019,70,2020-02-15,2,Villarreal,Levante,2,1,1,0
2978,2019,70,2020-02-15,3,Atalanta,Roma,2,1,0,1
2979,2019,70,2020-02-15,3,Bologna,Genoa,0,3,0,2
2980,2019,70,2020-02-15,3,Lecce,Spal,2,1,1,0
2981,2019,66,2020-02-15,4,Augsburg,Freiburg,1,1,1,0
2982,2019,66,2020-02-15,4,Fortuna Dusseldorf,M'gladbach,1,4,1,1
2983,2019,66,2020-02-15,4,Hoffenheim,Wolfsburg,2,3,1,1
2984,2019,66,2020-02-15,4,Paderborn,Hertha,1,2,0,1
2985,2019,66,2020-02-15,4,RB Leipzig,Werder Bremen,3,0,2,0
2986,2019,66,2020-02-15,4,Union Berlin,Leverkusen,2,3,1,1
2987,2019,70,2020-02-15,5,Amiens,Paris SG,4,4,3,1
2988,2019,70,2020-02-15,5,Bordeaux,Dijon,2,2,1,1
2989,2019,70,2020-02-15,5,Nantes,Metz,0,0,0,0
2990,2019,70,2020-02-15,5,Nimes,Angers,1,0,0,0
2991,2019,70,2020-02-15,5,Toulouse,Nice,0,2,0,1
2992,2019,71,2020-02-16,1,Arsenal,Newcastle,4,0,0,0
2993,2019,71,2020-02-16,1,Aston Villa,Tottenham,2,3,1,2
2994,2019,71,2020-02-16,2,Ath Bilbao,Osasuna,0,1,0,1
2995,2019,71,2020-02-16,2,Leganes,Betis,0,0,0,0
2996,2019,71,2020-02-16,2,Real Madrid,Celta,2,2,0,1
2997,2019,71,2020-02-16,2,Sevilla,Espanol,2,2,1,1
2998,2019,71,2020-02-16,3,Cagliari,Napoli,0,1,0,0
2999,2019,71,2020-02-16,3,Juventus,Brescia,2,0,1,0
3000,2019,71,2020-02-16,3,Lazio,Inter,2,1,0,1
3001,2019,71,2020-02-16,3,Sampdoria,Fiorentina,1,5,0,3
3002,2019,71,2020-02-16,3,Sassuolo,Parma,0,1,0,1
3003,2019,71,2020-02-16,3,Udinese,Verona,0,0,0,0
3004,2019,67,2020-02-16,4,FC Koln,Bayern Munich,1,4,0,3
3005,2019,67,2020-02-16,4,Mainz,Schalke 04,0,0,0,0
3006,2019,71,2020-02-16,5,Brest,St Etienne,3,2,3,0
3007,2019,71,2020-02-16,5,Lille,Marseille,1,2,0,0
3008,2019,71,2020-02-16,5,Lyon,Strasbourg,1,1,1,1
3009,2019,71,2020-02-16,5,Reims,Rennes,1,0,0,0
3010,2019,72,2020-02-17,1,Chelsea,Man United,0,2,0,1
3011,2019,72,2020-02-17,3,Milan,Torino,1,0,1,0
3012,2019,73,2020-02-19,1,Man City,West Ham,2,0,1,0
3013,2019,72,2020-02-21,2,Betis,Mallorca,3,3,2,2
3014,2019,73,2020-02-21,3,Brescia,Napoli,1,2,1,0
3015,2019,68,2020-02-21,4,Bayern Munich,Paderborn,3,2,1,1
3016,2019,72,2020-02-21,5,Metz,Lyon,0,2,0,1
3017,2019,72,2020-02-21,5,Nice,Brest,2,2,2,1
3018,2019,74,2020-02-22,1,Burnley,Bournemouth,3,0,0,0
3019,2019,74,2020-02-22,1,Chelsea,Tottenham,2,1,1,0
3020,2019,74,2020-02-22,1,Crystal Palace,Newcastle,1,0,1,0
3021,2019,74,2020-02-22,1,Leicester,Man City,0,1,0,0
3022,2019,74,2020-02-22,1,Sheffield United,Brighton,1,1,1,1
3023,2019,74,2020-02-22,1,Southampton,Aston Villa,2,0,1,0
3024,2019,73,2020-02-22,2,Barcelona,Eibar,5,0,3,0
3025,2019,73,2020-02-22,2,Celta,Leganes,1,0,0,0
3026,2019,73,2020-02-22,2,Levante,Real Madrid,1,0,0,0
3027,2019,73,2020-02-22,2,Sociedad,Valencia,3,0,2,0
3028,2019,74,2020-02-22,3,Bologna,Udinese,1,1,0,1
3029,2019,74,2020-02-22,3,Fiorentina,Milan,1,1,0,0
3030,2019,74,2020-02-22,3,Spal,Juventus,1,2,0,1
3031,2019,69,2020-02-22,4,Freiburg,Fortuna Dusseldorf,0,2,0,1
3032,2019,69,2020-02-22,4,Hertha,FC Koln,0,5,0,3
3033,2019,69,2020-02-22,4,M'gladbach,Hoffenheim,1,1,1,0
3034,2019,69,2020-02-22,4,Schalke 04,RB Leipzig,0,5,0,1
3035,2019,69,2020-02-22,4,Werder Bremen,Dortmund,0,2,0,0
3036,2019,73,2020-02-22,5,Angers,Montpellier,1,0,0,0
3037,2019,73,2020-02-22,5,Dijon,Monaco,1,1,0,0
3038,2019,73,2020-02-22,5,Lille,Toulouse,3,0,2,0
3039,2019,73,2020-02-22,5,Marseille,Nantes,1,3,1,1
3040,2019,73,2020-02-22,5,Strasbourg,Amiens,0,0,0,0
3041,2019,75,2020-02-23,1,Arsenal,Everton,3,2,2,2
3042,2019,75,2020-02-23,1,Man United,Watford,3,0,1,0
3043,2019,75,2020-02-23,1,Wolves,Norwich,3,0,2,0
3044,2019,74,2020-02-23,2,Alaves,Ath Bilbao,2,1,1,1
3045,2019,74,2020-02-23,2,Ath Madrid,Villarreal,3,1,1,1
3046,2019,74,2020-02-23,2,Getafe,Sevilla,0,3,0,1
3047,2019,74,2020-02-23,2,Osasuna,Granada,0,3,0,3
3048,2019,74,2020-02-23,2,Valladolid,Espanol,2,1,0,0
3049,2019,75,2020-02-23,3,Genoa,Lazio,2,3,0,1
3050,2019,75,2020-02-23,3,Roma,Lecce,4,0,2,0
3051,2019,70,2020-02-23,4,Leverkusen,Augsburg,2,0,1,0
3052,2019,70,2020-02-23,4,Wolfsburg,Mainz,4,0,2,0
3053,2019,74,2020-02-23,5,Paris SG,Bordeaux,4,3,2,2
3054,2019,74,2020-02-23,5,Rennes,Nimes,2,1,1,1
3055,2019,74,2020-02-23,5,St Etienne,Reims,1,1,0,0
3056,2019,76,2020-02-24,1,Liverpool,West Ham,3,2,1,1
3057,2019,71,2020-02-24,4,Ein Frankfurt,Union Berlin,1,2,0,0
3058,2019,77,2020-02-28,1,Norwich,Leicester,1,0,0,0
3059,2019,75,2020-02-28,2,Sociedad,Valladolid,1,0,0,0
3060,2019,72,2020-02-28,4,Fortuna Dusseldorf,Hertha,3,3,3,0
3061,2019,75,2020-02-28,5,Nimes,Marseille,2,3,1,2
3062,2019,78,2020-02-29,1,Bournemouth,Chelsea,2,2,0,1
3063,2019,78,2020-02-29,1,Brighton,Crystal Palace,0,1,0,0
3064,2019,78,2020-02-29,1,Newcastle,Burnley,0,0,0,0
3065,2019,78,2020-02-29,1,Watford,Liverpool,3,0,0,0
3066,2019,78,2020-02-29,1,West Ham,Southampton,3,1,2,1
3067,2019,76,2020-02-29,2,Eibar,Levante,3,0,1,0
3068,2019,76,2020-02-29,2,Granada,Celta,0,0,0,0
3069,2019,76,2020-02-29,2,Leganes,Alaves,1,1,0,0
3070,2019,76,2020-02-29,2,Valencia,Betis,2,1,0,0
3071,2019,76,2020-02-29,3,Lazio,Bologna,2,0,2,0
3072,2019,76,2020-02-29,3,Napoli,Torino,2,1,1,0
3073,2019,73,2020-02-29,4,Augsburg,M'gladbach,2,3,0,0
3074,2019,73,2020-02-29,4,Dortmund,Freiburg,1,0,1,0
3075,2019,73,2020-02-29,4,FC Koln,Schalke 04,3,0,2,0
3076,2019,73,2020-02-29,4,Hoffenheim,Bayern Munich,0,6,0,4
3077,2019,73,2020-02-29,4,Mainz,Paderborn,2,0,2,0
3078,2019,76,2020-02-29,5,Amiens,Metz,0,1,0,1
3079,2019,76,2020-02-29,5,Brest,Angers,0,1,0,1
3080,2019,76,2020-02-29,5,Monaco,Reims,1,1,1,0
3081,2019,76,2020-02-29,5,Montpellier,Strasbourg,3,0,0,0
3082,2019,76,2020-02-29,5,Paris SG,Dijon,4,0,1,0
3083,2019,76,2020-02-29,5,Toulouse,Rennes,0,2,0,1
3084,2019,79,2020-03-01,1,Everton,Man United,1,1,1,1
3085,2019,79,2020-03-01,1,Tottenham,Wolves,2,3,2,1
3086,2019,77,2020-03-01,2,Ath Bilbao,Villarreal,1,0,0,0
3087,2019,77,2020-03-01,2,Espanol,Ath Madrid,1,1,1,0
3088,2019,77,2020-03-01,2,Mallorca,Getafe,0,1,0,0
3089,2019,77,2020-03-01,2,Real Madrid,Barcelona,2,0,0,0
3090,2019,77,2020-03-01,2,Sevilla,Osasuna,3,2,2,0
3091,2019,77,2020-03-01,3,Cagliari,Roma,3,4,1,2
3092,2019,77,2020-03-01,3,Lecce,Atalanta,2,7,2,2
3093,2019,74,2020-03-01,4,RB Leipzig,Leverkusen,1,1,1,1
3094,2019,74,2020-03-01,4,Union Berlin,Wolfsburg,2,2,1,0
3095,2019,77,2020-03-01,5,Bordeaux,Nice,1,1,1,0
3096,2019,77,2020-03-01,5,Lyon,St Etienne,2,0,1,0
3097,2019,77,2020-03-01,5,Nantes,Lille,0,1,0,0
3098,2019,78,2020-03-06,2,Alaves,Valencia,1,1,0,1
3099,2019,75,2020-03-06,4,Paderborn,FC Koln,1,2,0,2
3100,2019,78,2020-03-06,5,Marseille,Amiens,2,2,1,0
3101,2019,80,2020-03-07,1,Arsenal,West Ham,1,0,0,0
3102,2019,80,2020-03-07,1,Burnley,Tottenham,1,1,1,0
3103,2019,80,2020-03-07,1,Crystal Palace,Watford,1,0,1,0
3104,2019,80,2020-03-07,1,Liverpool,Bournemouth,2,1,2,1
3105,2019,80,2020-03-07,1,Sheffield United,Norwich,1,0,1,0
3106,2019,80,2020-03-07,1,Southampton,Newcastle,0,1,0,0
3107,2019,80,2020-03-07,1,Wolves,Brighton,0,0,0,0
3108,2019,79,2020-03-07,2,Ath Madrid,Sevilla,2,2,2,2
3109,2019,79,2020-03-07,2,Barcelona,Sociedad,1,0,0,0
3110,2019,79,2020-03-07,2,Eibar,Mallorca,1,2,0,1
3111,2019,79,2020-03-07,2,Getafe,Celta,0,0,0,0
3112,2019,76,2020-03-07,4,Freiburg,Union Berlin,3,1,1,0
3113,2019,76,2020-03-07,4,Hertha,Werder Bremen,2,2,1,2
3114,2019,76,2020-03-07,4,Leverkusen,Ein Frankfurt,4,0,2,0
3115,2019,76,2020-03-07,4,M'gladbach,Dortmund,1,2,0,1
3116,2019,76,2020-03-07,4,Schalke 04,Hoffenheim,1,1,1,0
3117,2019,76,2020-03-07,4,Wolfsburg,RB Leipzig,0,0,0,0
3118,2019,79,2020-03-07,5,Angers,Nantes,2,0,0,0
3119,2019,79,2020-03-07,5,Dijon,Toulouse,2,1,1,1
3120,2019,79,2020-03-07,5,Metz,Nimes,2,1,1,0
3121,2019,79,2020-03-07,5,Nice,Monaco,2,1,0,1
3122,2019,79,2020-03-07,5,Reims,Brest,1,0,1,0
3123,2019,81,2020-03-08,1,Chelsea,Everton,4,0,2,0
3124,2019,81,2020-03-08,1,Man United,Man City,2,0,1,0
3125,2019,80,2020-03-08,2,Betis,Real Madrid,2,1,1,1
3126,2019,80,2020-03-08,2,Levante,Granada,1,1,1,0
3127,2019,80,2020-03-08,2,Osasuna,Espanol,1,0,0,0
3128,2019,80,2020-03-08,2,Valladolid,Ath Bilbao,1,4,0,2
3129,2019,80,2020-03-08,2,Villarreal,Leganes,1,2,1,0
3130,2019,78,2020-03-08,3,Juventus,Inter,2,0,0,0
3131,2019,78,2020-03-08,3,Milan,Genoa,1,2,0,2
3132,2019,78,2020-03-08,3,Parma,Spal,0,1,0,0
3133,2019,78,2020-03-08,3,Sampdoria,Verona,2,1,0,1
3134,2019,78,2020-03-08,3,Udinese,Fiorentina,0,0,0,0
3135,2019,77,2020-03-08,4,Bayern Munich,Augsburg,2,0,0,0
3136,2019,77,2020-03-08,4,Mainz,Fortuna Dusseldorf,1,1,0,0
3137,2019,80,2020-03-08,5,Lille,Lyon,1,0,1,0
3138,2019,80,2020-03-08,5,Rennes,Montpellier,5,0,2,0
3139,2019,80,2020-03-08,5,St Etienne,Bordeaux,1,1,0,0
3140,2019,82,2020-03-09,1,Leicester,Aston Villa,4,0,1,0
3141,2019,79,2020-03-09,3,Sassuolo,Brescia,3,0,1,0
3142,2019,81,2020-03-10,2,Eibar,Sociedad,1,2,0,1
3143,2019,78,2020-03-11,4,M'gladbach,FC Koln,2,1,1,0
3144,2019,79,2020-05-16,4,Augsburg,Wolfsburg,1,2,0,1
3145,2019,79,2020-05-16,4,Dortmund,Schalke 04,4,0,2,0
3146,2019,79,2020-05-16,4,Ein Frankfurt,M'gladbach,1,3,0,2
3147,2019,79,2020-05-16,4,Fortuna Dusseldorf,Paderborn,0,0,0,0
3148,2019,79,2020-05-16,4,Hoffenheim,Hertha,0,3,0,0
3149,2019,79,2020-05-16,4,RB Leipzig,Freiburg,1,1,0,1
3150,2019,80,2020-05-17,4,FC Koln,Mainz,2,2,1,0
3151,2019,80,2020-05-17,4,Union Berlin,Bayern Munich,0,2,0,1
3152,2019,81,2020-05-18,4,Werder Bremen,Leverkusen,1,4,1,2
3153,2019,82,2020-05-22,4,Hertha,Union Berlin,4,0,0,0
3154,2019,83,2020-05-23,4,Bayern Munich,Ein Frankfurt,5,2,2,0
3155,2019,83,2020-05-23,4,Freiburg,Werder Bremen,0,1,0,1
3156,2019,83,2020-05-23,4,M'gladbach,Leverkusen,1,3,0,1
3157,2019,83,2020-05-23,4,Paderborn,Hoffenheim,1,1,1,1
3158,2019,83,2020-05-23,4,Wolfsburg,Dortmund,0,2,0,1
3159,2019,84,2020-05-24,4,FC Koln,Fortuna Dusseldorf,2,2,0,1
3160,2019,84,2020-05-24,4,Mainz,RB Leipzig,0,5,0,3
3161,2019,84,2020-05-24,4,Schalke 04,Augsburg,0,3,0,1
3162,2019,85,2020-05-26,4,Dortmund,Bayern Munich,0,1,0,1
3163,2019,85,2020-05-26,4,Ein Frankfurt,Freiburg,3,3,1,1
3164,2019,85,2020-05-26,4,Leverkusen,Wolfsburg,1,4,0,1
3165,2019,85,2020-05-26,4,Werder Bremen,M'gladbach,0,0,0,0
3166,2019,86,2020-05-27,4,Augsburg,Paderborn,0,0,0,0
3167,2019,86,2020-05-27,4,Fortuna Dusseldorf,Schalke 04,2,1,0,0
3168,2019,86,2020-05-27,4,Hoffenheim,FC Koln,3,1,1,0
3169,2019,86,2020-05-27,4,RB Leipzig,Hertha,2,2,1,1
3170,2019,86,2020-05-27,4,Union Berlin,Mainz,1,1,1,1
3171,2019,87,2020-05-29,4,Freiburg,Leverkusen,0,1,0,0
3172,2019,88,2020-05-30,4,Bayern Munich,Fortuna Dusseldorf,5,0,3,0
3173,2019,88,2020-05-30,4,Hertha,Augsburg,2,0,1,0
3174,2019,88,2020-05-30,4,Mainz,Hoffenheim,0,1,0,1
3175,2019,88,2020-05-30,4,Schalke 04,Werder Bremen,0,1,0,1
3176,2019,88,2020-05-30,4,Wolfsburg,Ein Frankfurt,1,2,0,1
3177,2019,89,2020-05-31,4,M'gladbach,Union Berlin,4,1,2,0
3178,2019,89,2020-05-31,4,Paderborn,Dortmund,1,6,0,0
3179,2019,90,2020-06-01,4,FC Koln,RB Leipzig,2,4,1,2
3180,2019,91,2020-06-03,4,Werder Bremen,Ein Frankfurt,0,3,0,0
3181,2019,92,2020-06-05,4,Freiburg,M'gladbach,1,0,0,0
3182,2019,93,2020-06-06,4,Dortmund,Hertha,1,0,0,0
3183,2019,93,2020-06-06,4,Ein Frankfurt,Mainz,0,2,0,1
3184,2019,93,2020-06-06,4,Fortuna Dusseldorf,Hoffenheim,2,2,1,1
3185,2019,93,2020-06-06,4,Leverkusen,Bayern Munich,2,4,1,3
3186,2019,93,2020-06-06,4,RB Leipzig,Paderborn,1,1,1,0
3187,2019,94,2020-06-07,4,Augsburg,FC Koln,1,1,0,0
3188,2019,94,2020-06-07,4,Union Berlin,Schalke 04,1,1,1,1
3189,2019,94,2020-06-07,4,Werder Bremen,Wolfsburg,0,1,0,0
3190,2019,82,2020-06-11,2,Sevilla,Betis,2,0,0,0
3191,2019,83,2020-06-12,2,Granada,Getafe,2,1,0,1
3192,2019,83,2020-06-12,2,Valencia,Levante,1,1,0,0
3193,2019,95,2020-06-12,4,Hoffenheim,RB Leipzig,0,2,0,2
3194,2019,84,2020-06-13,2,Celta,Villarreal,0,1,0,0
3195,2019,84,2020-06-13,2,Espanol,Alaves,2,0,1,0
3196,2019,84,2020-06-13,2,Leganes,Valladolid,1,2,0,1
3197,2019,84,2020-06-13,2,Mallorca,Barcelona,0,4,0,2
3198,2019,96,2020-06-13,4,Bayern Munich,M'gladbach,2,1,1,1
3199,2019,96,2020-06-13,4,FC Koln,Union Berlin,1,2,0,1
3200,2019,96,2020-06-13,4,Fortuna Dusseldorf,Dortmund,0,1,0,0
3201,2019,96,2020-06-13,4,Hertha,Ein Frankfurt,1,4,1,0
3202,2019,96,2020-06-13,4,Paderborn,Werder Bremen,1,5,0,3
3203,2019,96,2020-06-13,4,Wolfsburg,Freiburg,2,2,2,1
3204,2019,85,2020-06-14,2,Ath Bilbao,Ath Madrid,1,1,1,1
3205,2019,85,2020-06-14,2,Real Madrid,Eibar,3,1,3,0
3206,2019,85,2020-06-14,2,Sociedad,Osasuna,1,1,0,1
3207,2019,97,2020-06-14,4,Mainz,Augsburg,0,1,0,1
3208,2019,97,2020-06-14,4,Schalke 04,Leverkusen,1,1,0,0
3209,2019,86,2020-06-15,2,Betis,Granada,2,2,0,1
3210,2019,86,2020-06-15,2,Levante,Sevilla,1,1,0,0
3211,2019,87,2020-06-16,2,Barcelona,Leganes,2,0,1,0
3212,2019,87,2020-06-16,2,Getafe,Espanol,0,0,0,0
3213,2019,87,2020-06-16,2,Villarreal,Mallorca,1,0,1,0
3214,2019,98,2020-06-16,4,Freiburg,Hertha,2,1,0,0
3215,2019,98,2020-06-16,4,M'gladbach,Wolfsburg,3,0,2,0
3216,2019,98,2020-06-16,4,Union Berlin,Paderborn,1,0,1,0
3217,2019,98,2020-06-16,4,Werder Bremen,Bayern Munich,0,1,0,1
3218,2019,83,2020-06-17,1,Aston Villa,Sheffield United,0,0,0,0
3219,2019,83,2020-06-17,1,Man City,Arsenal,3,0,1,0
3220,2019,88,2020-06-17,2,Eibar,Ath Bilbao,2,2,1,1
3221,2019,88,2020-06-17,2,Osasuna,Ath Madrid,0,5,0,1
3222,2019,88,2020-06-17,2,Valladolid,Celta,0,0,0,0
3223,2019,99,2020-06-17,4,Augsburg,Hoffenheim,1,3,0,0
3224,2019,99,2020-06-17,4,Dortmund,Mainz,0,2,0,1
3225,2019,99,2020-06-17,4,Ein Frankfurt,Schalke 04,2,1,1,0
3226,2019,99,2020-06-17,4,Leverkusen,FC Koln,3,1,2,0
3227,2019,99,2020-06-17,4,RB Leipzig,Fortuna Dusseldorf,2,2,0,0
3228,2019,89,2020-06-18,2,Alaves,Sociedad,2,0,0,0
3229,2019,89,2020-06-18,2,Real Madrid,Valencia,3,0,0,0
3230,2019,84,2020-06-19,1,Norwich,Southampton,0,3,0,0
3231,2019,84,2020-06-19,1,Tottenham,Man United,1,1,1,0
3232,2019,90,2020-06-19,2,Granada,Villarreal,0,1,0,1
3233,2019,90,2020-06-19,2,Mallorca,Leganes,1,1,1,0
3234,2019,90,2020-06-19,2,Sevilla,Barcelona,0,0,0,0
3235,2019,85,2020-06-20,1,Bournemouth,Crystal Palace,0,2,0,2
3236,2019,85,2020-06-20,1,Brighton,Arsenal,2,1,0,0
3237,2019,85,2020-06-20,1,Watford,Leicester,1,1,0,0
3238,2019,85,2020-06-20,1,West Ham,Wolves,0,2,0,0
3239,2019,91,2020-06-20,2,Ath Bilbao,Betis,1,0,1,0
3240,2019,91,2020-06-20,2,Ath Madrid,Valladolid,1,0,0,0
3241,2019,91,2020-06-20,2,Espanol,Levante,1,3,1,1
3242,2019,91,2020-06-20,2,Getafe,Eibar,1,1,1,1
3243,2019,80,2020-06-20,3,Torino,Parma,1,1,1,1
3244,2019,80,2020-06-20,3,Verona,Cagliari,2,1,2,1
3245,2019,100,2020-06-20,4,Bayern Munich,Freiburg,3,1,3,1
3246,2019,100,2020-06-20,4,FC Koln,Ein Frankfurt,1,1,1,0
3247,2019,100,2020-06-20,4,Fortuna Dusseldorf,Augsburg,1,1,1,1
3248,2019,100,2020-06-20,4,Hertha,Leverkusen,2,0,1,0
3249,2019,100,2020-06-20,4,Hoffenheim,Union Berlin,4,0,3,0
3250,2019,100,2020-06-20,4,Mainz,Werder Bremen,3,1,2,0
3251,2019,100,2020-06-20,4,Paderborn,M'gladbach,1,3,0,1
3252,2019,100,2020-06-20,4,RB Leipzig,Dortmund,0,2,0,1
3253,2019,100,2020-06-20,4,Schalke 04,Wolfsburg,1,4,0,1
3254,2019,86,2020-06-21,1,Aston Villa,Chelsea,1,2,1,0
3255,2019,86,2020-06-21,1,Everton,Liverpool,0,0,0,0
3256,2019,86,2020-06-21,1,Newcastle,Sheffield United,3,0,0,0
3257,2019,92,2020-06-21,2,Celta,Alaves,6,0,4,0
3258,2019,92,2020-06-21,2,Sociedad,Real Madrid,1,2,0,0
3259,2019,92,2020-06-21,2,Valencia,Osasuna,2,0,2,0
3260,2019,81,2020-06-21,3,Atalanta,Sassuolo,4,1,3,0
3261,2019,81,2020-06-21,3,Inter,Sampdoria,2,1,2,0
3262,2019,87,2020-06-22,1,Man City,Burnley,5,0,3,0
3263,2019,93,2020-06-22,2,Leganes,Granada,0,0,0,0
3264,2019,93,2020-06-22,2,Villarreal,Sevilla,2,2,2,1
3265,2019,82,2020-06-22,3,Bologna,Juventus,0,2,0,2
3266,2019,82,2020-06-22,3,Fiorentina,Brescia,1,1,1,1
3267,2019,82,2020-06-22,3,Lecce,Milan,1,4,0,1
3268,2019,88,2020-06-23,1,Leicester,Brighton,0,0,0,0
3269,2019,88,2020-06-23,1,Tottenham,West Ham,2,0,0,0
3270,2019,94,2020-06-23,2,Barcelona,Ath Bilbao,1,0,0,0
3271,2019,94,2020-06-23,2,Levante,Ath Madrid,0,1,0,1
3272,2019,94,2020-06-23,2,Valladolid,Getafe,1,1,1,1
3273,2019,83,2020-06-23,3,Genoa,Parma,1,4,0,2
3274,2019,83,2020-06-23,3,Spal,Cagliari,0,1,0,0
3275,2019,83,2020-06-23,3,Torino,Udinese,1,0,1,0
3276,2019,83,2020-06-23,3,Verona,Napoli,0,2,0,1
3277,2019,89,2020-06-24,1,Liverpool,Crystal Palace,4,0,2,0
3278,2019,89,2020-06-24,1,Man United,Sheffield United,3,0,2,0
3279,2019,89,2020-06-24,1,Newcastle,Aston Villa,1,1,0,0
3280,2019,89,2020-06-24,1,Norwich,Everton,0,1,0,0
3281,2019,89,2020-06-24,1,Wolves,Bournemouth,1,0,0,0
3282,2019,95,2020-06-24,2,Alaves,Osasuna,0,1,0,0
3283,2019,95,2020-06-24,2,Real Madrid,Mallorca,2,0,1,0
3284,2019,95,2020-06-24,2,Sociedad,Celta,0,1,0,1
3285,2019,84,2020-06-24,3,Atalanta,Lazio,3,2,1,2
3286,2019,84,2020-06-24,3,Inter,Sassuolo,3,3,2,1
3287,2019,84,2020-06-24,3,Roma,Sampdoria,2,1,0,1
3288,2019,90,2020-06-25,1,Burnley,Watford,1,0,0,0
3289,2019,90,2020-06-25,1,Chelsea,Man City,2,1,1,0
3290,2019,90,2020-06-25,1,Southampton,Arsenal,0,2,0,1
3291,2019,96,2020-06-25,2,Betis,Espanol,1,0,0,0
3292,2019,96,2020-06-25,2,Eibar,Valencia,1,0,1,0
3293,2019,97,2020-06-26,2,Sevilla,Valladolid,1,1,0,1
3294,2019,85,2020-06-26,3,Juventus,Lecce,4,0,0,0
3295,2019,91,2020-06-27,1,Aston Villa,Wolves,0,1,0,0
3296,2019,98,2020-06-27,2,Ath Bilbao,Mallorca,3,1,2,0
3297,2019,98,2020-06-27,2,Ath Madrid,Alaves,2,1,0,0
3298,2019,98,2020-06-27,2,Celta,Barcelona,2,2,0,1
3299,2019,98,2020-06-27,2,Osasuna,Leganes,2,1,1,0
3300,2019,86,2020-06-27,3,Brescia,Genoa,2,2,2,1
3301,2019,86,2020-06-27,3,Cagliari,Torino,4,2,2,0
3302,2019,86,2020-06-27,3,Lazio,Fiorentina,2,1,0,1
3303,2019,101,2020-06-27,4,Augsburg,RB Leipzig,1,2,0,1
3304,2019,101,2020-06-27,4,Dortmund,Hoffenheim,0,4,0,2
3305,2019,101,2020-06-27,4,Ein Frankfurt,Paderborn,3,2,2,0
3306,2019,101,2020-06-27,4,Freiburg,Schalke 04,4,0,2,0
3307,2019,101,2020-06-27,4,Leverkusen,Mainz,1,0,1,0
3308,2019,101,2020-06-27,4,M'gladbach,Hertha,2,1,1,0
3309,2019,101,2020-06-27,4,Union Berlin,Fortuna Dusseldorf,3,0,1,0
3310,2019,101,2020-06-27,4,Werder Bremen,FC Koln,6,1,3,0
3311,2019,101,2020-06-27,4,Wolfsburg,Bayern Munich,0,4,0,2
3312,2019,92,2020-06-28,1,Watford,Southampton,1,3,0,1
3313,2019,99,2020-06-28,2,Espanol,Real Madrid,0,1,0,1
3314,2019,99,2020-06-28,2,Granada,Eibar,1,2,0,1
3315,2019,99,2020-06-28,2,Levante,Betis,4,2,2,0
3316,2019,99,2020-06-28,2,Villarreal,Valencia,2,0,2,0
3317,2019,87,2020-06-28,3,Milan,Roma,2,0,0,0
3318,2019,87,2020-06-28,3,Napoli,Spal,3,1,2,1
3319,2019,87,2020-06-28,3,Parma,Inter,1,2,1,0
3320,2019,87,2020-06-28,3,Sampdoria,Bologna,1,2,0,0
3321,2019,87,2020-06-28,3,Sassuolo,Verona,3,3,0,0
3322,2019,87,2020-06-28,3,Udinese,Atalanta,2,3,1,1
3323,2019,93,2020-06-29,1,Crystal Palace,Burnley,0,1,0,0
3324,2019,100,2020-06-29,2,Getafe,Sociedad,2,1,1,0
3325,2019,94,2020-06-30,1,Brighton,Man United,0,3,0,2
3326,2019,101,2020-06-30,2,Barcelona,Ath Madrid,2,2,1,1
3327,2019,101,2020-06-30,2,Leganes,Sevilla,0,3,0,2
3328,2019,101,2020-06-30,2,Mallorca,Celta,5,1,3,0
3329,2019,88,2020-06-30,3,Genoa,Juventus,1,3,0,0
3330,2019,88,2020-06-30,3,Torino,Lazio,1,2,1,0
3331,2019,95,2020-07-01,1,Arsenal,Norwich,4,0,2,0
3332,2019,95,2020-07-01,1,Bournemouth,Newcastle,1,4,0,2
3333,2019,95,2020-07-01,1,Everton,Leicester,2,1,2,0
3334,2019,95,2020-07-01,1,West Ham,Chelsea,3,2,1,1
3335,2019,102,2020-07-01,2,Alaves,Granada,0,2,0,1
3336,2019,102,2020-07-01,2,Betis,Villarreal,0,2,0,2
3337,2019,102,2020-07-01,2,Valencia,Ath Bilbao,0,2,0,1
3338,2019,102,2020-07-01,2,Valladolid,Levante,0,0,0,0
3339,2019,89,2020-07-01,3,Bologna,Cagliari,1,1,1,0
3340,2019,89,2020-07-01,3,Fiorentina,Sassuolo,1,3,0,2
3341,2019,89,2020-07-01,3,Inter,Brescia,6,0,3,0
3342,2019,89,2020-07-01,3,Lecce,Sampdoria,1,2,0,1
3343,2019,89,2020-07-01,3,Spal,Milan,2,2,2,0
3344,2019,89,2020-07-01,3,Verona,Parma,3,2,1,1
3345,2019,96,2020-07-02,1,Man City,Liverpool,4,0,3,0
3346,2019,96,2020-07-02,1,Sheffield United,Tottenham,3,1,1,0
3347,2019,103,2020-07-02,2,Eibar,Osasuna,0,2,0,1
3348,2019,103,2020-07-02,2,Real Madrid,Getafe,1,0,0,0
3349,2019,103,2020-07-02,2,Sociedad,Espanol,2,1,0,1
3350,2019,90,2020-07-02,3,Atalanta,Napoli,2,0,0,0
3351,2019,90,2020-07-02,3,Roma,Udinese,0,2,0,1
3352,2019,104,2020-07-03,2,Ath Madrid,Mallorca,3,0,2,0
3353,2019,97,2020-07-04,1,Chelsea,Watford,3,0,2,0
3354,2019,97,2020-07-04,1,Leicester,Crystal Palace,3,0,0,0
3355,2019,97,2020-07-04,1,Man United,Bournemouth,5,2,3,1
3356,2019,97,2020-07-04,1,Norwich,Brighton,0,1,0,1
3357,2019,97,2020-07-04,1,Wolves,Arsenal,0,2,0,1
3358,2019,105,2020-07-04,2,Celta,Betis,1,1,1,0
3359,2019,105,2020-07-04,2,Granada,Valencia,2,2,0,0
3360,2019,105,2020-07-04,2,Valladolid,Alaves,1,0,0,0
3361,2019,91,2020-07-04,3,Juventus,Torino,4,1,2,1
3362,2019,91,2020-07-04,3,Lazio,Milan,0,3,0,2
3363,2019,91,2020-07-04,3,Sassuolo,Lecce,4,2,1,1
3364,2019,98,2020-07-05,1,Burnley,Sheffield United,1,1,1,0
3365,2019,98,2020-07-05,1,Liverpool,Aston Villa,2,0,0,0
3366,2019,98,2020-07-05,1,Newcastle,West Ham,2,2,1,1
3367,2019,98,2020-07-05,1,Southampton,Man City,1,0,1,0
3368,2019,106,2020-07-05,2,Ath Bilbao,Real Madrid,0,1,0,0
3369,2019,106,2020-07-05,2,Espanol,Leganes,0,1,0,0
3370,2019,106,2020-07-05,2,Osasuna,Getafe,0,0,0,0
3371,2019,106,2020-07-05,2,Villarreal,Barcelona,1,4,1,3
3372,2019,92,2020-07-05,3,Brescia,Verona,2,0,0,0
3373,2019,92,2020-07-05,3,Cagliari,Atalanta,0,1,0,1
3374,2019,92,2020-07-05,3,Inter,Bologna,1,2,1,0
3375,2019,92,2020-07-05,3,Napoli,Roma,2,1,0,0
3376,2019,92,2020-07-05,3,Parma,Fiorentina,1,2,0,2
3377,2019,92,2020-07-05,3,Sampdoria,Spal,3,0,3,0
3378,2019,92,2020-07-05,3,Udinese,Genoa,2,2,1,0
3379,2019,99,2020-07-06,1,Tottenham,Everton,1,0,1,0
3380,2019,107,2020-07-06,2,Levante,Sociedad,1,1,1,1
3381,2019,107,2020-07-06,2,Sevilla,Eibar,1,0,0,0
3382,2019,100,2020-07-07,1,Arsenal,Leicester,1,1,1,0
3383,2019,100,2020-07-07,1,Crystal Palace,Chelsea,2,3,1,2
3384,2019,100,2020-07-07,1,Watford,Norwich,2,1,1,1
3385,2019,108,2020-07-07,2,Celta,Ath Madrid,1,1,0,1
3386,2019,108,2020-07-07,2,Valencia,Valladolid,2,1,1,0
3387,2019,93,2020-07-07,3,Lecce,Lazio,2,1,1,1
3388,2019,93,2020-07-07,3,Milan,Juventus,4,2,0,0
3389,2019,101,2020-07-08,1,Brighton,Liverpool,1,3,1,2
3390,2019,101,2020-07-08,1,Man City,Newcastle,5,0,2,0
3391,2019,101,2020-07-08,1,Sheffield United,Wolves,1,0,0,0
3392,2019,101,2020-07-08,1,West Ham,Burnley,0,1,0,1
3393,2019,109,2020-07-08,2,Barcelona,Espanol,1,0,0,0
3394,2019,109,2020-07-08,2,Betis,Osasuna,3,0,2,0
3395,2019,109,2020-07-08,2,Getafe,Villarreal,1,3,0,0
3396,2019,94,2020-07-08,3,Atalanta,Sampdoria,2,0,0,0
3397,2019,94,2020-07-08,3,Bologna,Sassuolo,1,2,0,1
3398,2019,94,2020-07-08,3,Fiorentina,Cagliari,0,0,0,0
3399,2019,94,2020-07-08,3,Genoa,Napoli,1,2,0,1
3400,2019,94,2020-07-08,3,Roma,Parma,2,1,1,1
3401,2019,94,2020-07-08,3,Torino,Brescia,3,1,0,1
3402,2019,102,2020-07-09,1,Aston Villa,Man United,0,3,0,2
3403,2019,102,2020-07-09,1,Bournemouth,Tottenham,0,0,0,0
3404,2019,102,2020-07-09,1,Everton,Southampton,1,1,1,1
3405,2019,110,2020-07-09,2,Ath Bilbao,Sevilla,1,2,1,0
3406,2019,110,2020-07-09,2,Eibar,Leganes,0,0,0,0
3407,2019,110,2020-07-09,2,Mallorca,Levante,2,0,1,0
3408,2019,95,2020-07-09,3,Spal,Udinese,0,3,0,2
3409,2019,95,2020-07-09,3,Verona,Inter,2,2,1,0
3410,2019,111,2020-07-10,2,Real Madrid,Alaves,2,0,1,0
3411,2019,111,2020-07-10,2,Sociedad,Granada,2,3,0,2
3412,2019,103,2020-07-11,1,Brighton,Man City,0,5,0,2
3413,2019,103,2020-07-11,1,Liverpool,Burnley,1,1,1,0
3414,2019,103,2020-07-11,1,Norwich,West Ham,0,4,0,2
3415,2019,103,2020-07-11,1,Sheffield United,Chelsea,3,0,2,0
3416,2019,103,2020-07-11,1,Watford,Newcastle,2,1,0,1
3417,2019,112,2020-07-11,2,Ath Madrid,Betis,1,0,0,0
3418,2019,112,2020-07-11,2,Osasuna,Celta,2,1,1,1
3419,2019,112,2020-07-11,2,Valladolid,Barcelona,0,1,0,1
3420,2019,96,2020-07-11,3,Brescia,Roma,0,3,0,0
3421,2019,96,2020-07-11,3,Juventus,Atalanta,2,2,0,1
3422,2019,96,2020-07-11,3,Lazio,Sassuolo,1,2,1,0
3423,2019,104,2020-07-12,1,Aston Villa,Crystal Palace,2,0,1,0
3424,2019,104,2020-07-12,1,Bournemouth,Leicester,4,1,0,1
3425,2019,104,2020-07-12,1,Tottenham,Arsenal,2,1,1,1
3426,2019,104,2020-07-12,1,Wolves,Everton,3,0,1,0
3427,2019,113,2020-07-12,2,Espanol,Eibar,0,2,0,2
3428,2019,113,2020-07-12,2,Leganes,Valencia,1,0,1,0
3429,2019,113,2020-07-12,2,Levante,Ath Bilbao,1,2,0,2
3430,2019,113,2020-07-12,2,Sevilla,Mallorca,2,0,1,0
3431,2019,97,2020-07-12,3,Cagliari,Lecce,0,0,0,0
3432,2019,97,2020-07-12,3,Fiorentina,Verona,1,1,0,1
3433,2019,97,2020-07-12,3,Genoa,Spal,2,0,1,0
3434,2019,97,2020-07-12,3,Napoli,Milan,2,2,1,1
3435,2019,97,2020-07-12,3,Parma,Bologna,2,2,0,2
3436,2019,97,2020-07-12,3,Udinese,Sampdoria,1,3,1,1
3437,2019,105,2020-07-13,1,Man United,Southampton,2,2,2,1
3438,2019,114,2020-07-13,2,Alaves,Getafe,0,0,0,0
3439,2019,114,2020-07-13,2,Granada,Real Madrid,1,2,0,2
3440,2019,114,2020-07-13,2,Villarreal,Sociedad,1,2,0,0
3441,2019,98,2020-07-13,3,Inter,Torino,3,1,0,1
3442,2019,106,2020-07-14,1,Chelsea,Norwich,1,0,1,0
3443,2019,99,2020-07-14,3,Atalanta,Brescia,6,2,4,1
3444,2019,107,2020-07-15,1,Arsenal,Liverpool,2,1,2,1
3445,2019,107,2020-07-15,1,Burnley,Wolves,1,1,0,0
3446,2019,107,2020-07-15,1,Man City,Bournemouth,2,1,2,0
3447,2019,107,2020-07-15,1,Newcastle,Tottenham,1,3,0,1
3448,2019,100,2020-07-15,3,Bologna,Napoli,1,1,0,1
3449,2019,100,2020-07-15,3,Lecce,Fiorentina,1,3,0,3
3450,2019,100,2020-07-15,3,Milan,Parma,3,1,0,1
3451,2019,100,2020-07-15,3,Roma,Verona,2,1,2,0
3452,2019,100,2020-07-15,3,Sampdoria,Cagliari,3,0,2,0
3453,2019,100,2020-07-15,3,Sassuolo,Juventus,3,3,1,2
3454,2019,100,2020-07-15,3,Udinese,Lazio,0,0,0,0
3455,2019,108,2020-07-16,1,Crystal Palace,Man United,0,2,0,1
3456,2019,108,2020-07-16,1,Everton,Aston Villa,1,1,0,0
3457,2019,108,2020-07-16,1,Leicester,Sheffield United,2,0,1,0
3458,2019,108,2020-07-16,1,Southampton,Brighton,1,1,0,1
3459,2019,115,2020-07-16,2,Ath Bilbao,Leganes,0,2,0,0
3460,2019,115,2020-07-16,2,Barcelona,Osasuna,1,2,0,1
3461,2019,115,2020-07-16,2,Betis,Alaves,1,2,0,0
3462,2019,115,2020-07-16,2,Celta,Levante,2,3,2,2
3463,2019,115,2020-07-16,2,Eibar,Valladolid,3,1,2,0
3464,2019,115,2020-07-16,2,Getafe,Ath Madrid,0,2,0,0
3465,2019,115,2020-07-16,2,Mallorca,Granada,1,2,1,1
3466,2019,115,2020-07-16,2,Real Madrid,Villarreal,2,1,1,0
3467,2019,115,2020-07-16,2,Sociedad,Sevilla,0,0,0,0
3468,2019,115,2020-07-16,2,Valencia,Espanol,1,0,1,0
3469,2019,101,2020-07-16,3,Spal,Inter,0,4,0,1
3470,2019,101,2020-07-16,3,Torino,Genoa,3,0,1,0
3471,2019,109,2020-07-17,1,West Ham,Watford,3,1,3,0
3472,2019,110,2020-07-18,1,Norwich,Burnley,0,2,0,1
3473,2019,102,2020-07-18,3,Cagliari,Sassuolo,1,1,0,1
3474,2019,102,2020-07-18,3,Milan,Bologna,5,1,2,1
3475,2019,102,2020-07-18,3,Verona,Atalanta,1,1,0,0
3476,2019,111,2020-07-19,1,Bournemouth,Southampton,0,2,0,1
3477,2019,111,2020-07-19,1,Tottenham,Leicester,3,0,3,0
3478,2019,116,2020-07-19,2,Alaves,Barcelona,0,5,0,3
3479,2019,116,2020-07-19,2,Ath Madrid,Sociedad,1,1,1,0
3480,2019,116,2020-07-19,2,Espanol,Celta,0,0,0,0
3481,2019,116,2020-07-19,2,Granada,Ath Bilbao,4,0,1,0
3482,2019,116,2020-07-19,2,Leganes,Real Madrid,2,2,1,1
3483,2019,116,2020-07-19,2,Levante,Getafe,1,0,0,0
3484,2019,116,2020-07-19,2,Osasuna,Mallorca,2,2,1,1
3485,2019,116,2020-07-19,2,Sevilla,Valencia,1,0,0,0
3486,2019,116,2020-07-19,2,Valladolid,Betis,2,0,1,0
3487,2019,116,2020-07-19,2,Villarreal,Eibar,4,0,0,0
3488,2019,103,2020-07-19,3,Brescia,Spal,2,1,0,1
3489,2019,103,2020-07-19,3,Fiorentina,Torino,2,0,1,0
3490,2019,103,2020-07-19,3,Genoa,Lecce,2,1,1,0
3491,2019,103,2020-07-19,3,Napoli,Udinese,2,1,1,1
3492,2019,103,2020-07-19,3,Parma,Sampdoria,2,3,2,0
3493,2019,103,2020-07-19,3,Roma,Inter,2,2,1,1
3494,2019,112,2020-07-20,1,Brighton,Newcastle,0,0,0,0
3495,2019,112,2020-07-20,1,Sheffield United,Everton,0,1,0,0
3496,2019,112,2020-07-20,1,Wolves,Crystal Palace,2,0,1,0
3497,2019,104,2020-07-20,3,Juventus,Lazio,2,1,0,0
3498,2019,113,2020-07-21,1,Aston Villa,Arsenal,1,0,1,0
3499,2019,113,2020-07-21,1,Watford,Man City,0,4,0,2
3500,2019,105,2020-07-21,3,Atalanta,Bologna,1,0,0,0
3501,2019,105,2020-07-21,3,Sassuolo,Milan,1,2,1,2
3502,2019,114,2020-07-22,1,Liverpool,Chelsea,5,3,3,1
3503,2019,114,2020-07-22,1,Man United,West Ham,1,1,0,1
3504,2019,106,2020-07-22,3,Inter,Fiorentina,0,0,0,0
3505,2019,106,2020-07-22,3,Lecce,Brescia,3,1,2,0
3506,2019,106,2020-07-22,3,Parma,Napoli,2,1,1,0
3507,2019,106,2020-07-22,3,Sampdoria,Genoa,1,2,1,1
3508,2019,106,2020-07-22,3,Spal,Roma,1,6,1,2
3509,2019,106,2020-07-22,3,Torino,Verona,1,1,0,0
3510,2019,107,2020-07-23,3,Lazio,Cagliari,2,1,0,1
3511,2019,107,2020-07-23,3,Udinese,Juventus,2,1,0,1
3512,2019,108,2020-07-24,3,Milan,Atalanta,1,1,1,1
3513,2019,109,2020-07-25,3,Brescia,Parma,1,2,0,0
3514,2019,109,2020-07-25,3,Genoa,Inter,0,3,0,1
3515,2019,109,2020-07-25,3,Napoli,Sassuolo,2,0,1,0
3516,2019,115,2020-07-26,1,Arsenal,Watford,3,2,3,1
3517,2019,115,2020-07-26,1,Burnley,Brighton,1,2,1,1
3518,2019,115,2020-07-26,1,Chelsea,Wolves,2,0,2,0
3519,2019,115,2020-07-26,1,Crystal Palace,Tottenham,1,1,0,1
3520,2019,115,2020-07-26,1,Everton,Bournemouth,1,3,1,2
3521,2019,115,2020-07-26,1,Leicester,Man United,0,2,0,0
3522,2019,115,2020-07-26,1,Man City,Norwich,5,0,2,0
3523,2019,115,2020-07-26,1,Newcastle,Liverpool,1,3,1,1
3524,2019,115,2020-07-26,1,Southampton,Sheffield United,3,1,0,1
3525,2019,115,2020-07-26,1,West Ham,Aston Villa,1,1,0,0
3526,2019,110,2020-07-26,3,Bologna,Lecce,3,2,2,1
3527,2019,110,2020-07-26,3,Cagliari,Udinese,0,1,0,1
3528,2019,110,2020-07-26,3,Juventus,Sampdoria,2,0,1,0
3529,2019,110,2020-07-26,3,Roma,Fiorentina,2,1,1,0
3530,2019,110,2020-07-26,3,Spal,Torino,1,1,0,0
3531,2019,110,2020-07-26,3,Verona,Lazio,1,5,1,1
3532,2019,111,2020-07-28,3,Inter,Napoli,2,0,1,0
3533,2019,111,2020-07-28,3,Parma,Atalanta,1,2,1,0
3534,2019,112,2020-07-29,3,Cagliari,Juventus,2,0,2,0
3535,2019,112,2020-07-29,3,Fiorentina,Bologna,4,0,0,0
3536,2019,112,2020-07-29,3,Lazio,Brescia,2,0,1,0
3537,2019,112,2020-07-29,3,Sampdoria,Milan,1,4,0,1
3538,2019,112,2020-07-29,3,Sassuolo,Genoa,5,0,2,0
3539,2019,112,2020-07-29,3,Torino,Roma,2,3,1,2
3540,2019,112,2020-07-29,3,Udinese,Lecce,1,2,1,1
3541,2019,112,2020-07-29,3,Verona,Spal,3,0,2,0
3542,2019,113,2020-08-01,3,Atalanta,Inter,0,2,0,2
3543,2019,113,2020-08-01,3,Brescia,Sampdoria,1,1,0,1
3544,2019,113,2020-08-01,3,Juventus,Roma,1,3,1,2
3545,2019,113,2020-08-01,3,Milan,Cagliari,3,0,1,0
3546,2019,113,2020-08-01,3,Napoli,Lazio,3,1,1,1
3547,2019,114,2020-08-02,3,Bologna,Torino,1,1,1,0
3548,2019,114,2020-08-02,3,Genoa,Verona,3,0,3,0
3549,2019,114,2020-08-02,3,Lecce,Parma,3,4,2,2
3550,2019,114,2020-08-02,3,Sassuolo,Udinese,0,1,0,0
3551,2019,114,2020-08-02,3,Spal,Fiorentina,1,3,1,1
3552,2020,1,2020-08-21,5,Bordeaux,Nantes,0,0,0,0
3553,2020,2,2020-08-22,5,Dijon,Angers,0,1,0,1
3554,2020,2,2020-08-22,5,Lille,Rennes,1,1,1,0
3555,2020,3,2020-08-23,5,Lorient,Strasbourg,3,1,0,1
3556,2020,3,2020-08-23,5,Monaco,Reims,2,2,1,2
3557,2020,3,2020-08-23,5,Nice,Lens,2,1,1,1
3558,2020,3,2020-08-23,5,Nimes,Brest,4,0,2,0
3559,2020,4,2020-08-28,5,Lyon,Dijon,4,1,3,1
3560,2020,5,2020-08-29,5,Rennes,Montpellier,2,1,1,0
3561,2020,5,2020-08-29,5,Strasbourg,Nice,0,2,0,1
3562,2020,6,2020-08-30,5,Angers,Bordeaux,0,2,0,2
3563,2020,6,2020-08-30,5,Brest,Marseille,2,3,1,2
3564,2020,6,2020-08-30,5,Metz,Monaco,0,1,0,1
3565,2020,6,2020-08-30,5,Nantes,Nimes,2,1,2,0
3566,2020,6,2020-08-30,5,Reims,Lille,0,1,0,1
3567,2020,6,2020-08-30,5,St Etienne,Lorient,2,0,1,0
3568,2020,7,2020-09-10,5,Lens,Paris SG,1,0,0,0
3569,2020,8,2020-09-11,5,Bordeaux,Lyon,0,0,0,0
3570,2020,1,2020-09-12,1,Crystal Palace,Southampton,1,0,1,0
3571,2020,1,2020-09-12,1,Fulham,Arsenal,0,3,0,1
3572,2020,1,2020-09-12,1,Liverpool,Leeds,4,3,3,2
3573,2020,1,2020-09-12,1,West Ham,Newcastle,0,2,0,0
3574,2020,1,2020-09-12,2,Cadiz,Osasuna,0,2,0,1
3575,2020,1,2020-09-12,2,Eibar,Celta,0,0,0,0
3576,2020,1,2020-09-12,2,Granada,Ath Bilbao,2,0,0,0
3577,2020,9,2020-09-12,5,Montpellier,Nice,3,1,1,0
3578,2020,9,2020-09-12,5,St Etienne,Strasbourg,2,0,0,0
3579,2020,2,2020-09-13,1,Tottenham,Everton,0,1,0,0
3580,2020,2,2020-09-13,1,West Brom,Leicester,0,3,0,0
3581,2020,2,2020-09-13,2,Alaves,Betis,0,1,0,0
3582,2020,2,2020-09-13,2,Valencia,Levante,4,2,2,2
3583,2020,2,2020-09-13,2,Valladolid,Sociedad,1,1,1,0
3584,2020,2,2020-09-13,2,Villarreal,Huesca,1,1,0,1
3585,2020,10,2020-09-13,5,Angers,Reims,1,0,0,0
3586,2020,10,2020-09-13,5,Dijon,Brest,0,2,0,1
3587,2020,10,2020-09-13,5,Lille,Metz,1,0,0,0
3588,2020,10,2020-09-13,5,Lorient,Lens,2,3,1,2
3589,2020,10,2020-09-13,5,Monaco,Nantes,2,1,1,0
3590,2020,10,2020-09-13,5,Nimes,Rennes,2,4,1,2
3591,2020,10,2020-09-13,5,Paris SG,Marseille,0,1,0,1
3592,2020,3,2020-09-14,1,Brighton,Chelsea,1,3,0,1
3593,2020,3,2020-09-14,1,Sheffield United,Wolves,0,2,0,2
3594,2020,11,2020-09-15,5,Montpellier,Lyon,2,1,1,0
3595,2020,12,2020-09-16,5,Paris SG,Metz,1,0,0,0
3596,2020,13,2020-09-17,5,Marseille,St Etienne,0,2,0,1
3597,2020,1,2020-09-18,4,Bayern Munich,Schalke 04,8,0,3,0
3598,2020,14,2020-09-18,5,Lyon,Nimes,0,0,0,0
3599,2020,4,2020-09-19,1,Arsenal,West Ham,2,1,1,1
3600,2020,4,2020-09-19,1,Everton,West Brom,5,2,2,1
3601,2020,4,2020-09-19,1,Leeds,Fulham,4,3,2,1
3602,2020,4,2020-09-19,1,Man United,Crystal Palace,1,3,0,1
3603,2020,3,2020-09-19,2,Celta,Valencia,2,1,1,0
3604,2020,3,2020-09-19,2,Getafe,Osasuna,1,0,0,0
3605,2020,3,2020-09-19,2,Villarreal,Eibar,2,1,0,0
3606,2020,1,2020-09-19,3,Fiorentina,Torino,1,0,0,0
3607,2020,1,2020-09-19,3,Verona,Roma,0,0,0,0
3608,2020,2,2020-09-19,4,Dortmund,M'gladbach,3,0,1,0
3609,2020,2,2020-09-19,4,Ein Frankfurt,Bielefeld,1,1,0,0
3610,2020,2,2020-09-19,4,FC Koln,Hoffenheim,2,3,1,2
3611,2020,2,2020-09-19,4,Stuttgart,Freiburg,2,3,0,2
3612,2020,2,2020-09-19,4,Union Berlin,Augsburg,1,3,0,1
3613,2020,2,2020-09-19,4,Werder Bremen,Hertha,1,4,0,2
3614,2020,15,2020-09-19,5,Lens,Bordeaux,2,1,0,0
3615,2020,15,2020-09-19,5,Rennes,Monaco,2,1,0,1
3616,2020,5,2020-09-20,1,Chelsea,Liverpool,0,2,0,0
3617,2020,5,2020-09-20,1,Leicester,Burnley,4,2,1,1
3618,2020,5,2020-09-20,1,Newcastle,Brighton,0,3,0,2
3619,2020,5,2020-09-20,1,Southampton,Tottenham,2,5,1,1
3620,2020,4,2020-09-20,2,Betis,Valladolid,2,0,2,0
3621,2020,4,2020-09-20,2,Granada,Alaves,2,1,1,1
3622,2020,4,2020-09-20,2,Huesca,Cadiz,0,2,0,1
3623,2020,4,2020-09-20,2,Sociedad,Real Madrid,0,0,0,0
3624,2020,2,2020-09-20,3,Genoa,Crotone,4,1,3,1
3625,2020,2,2020-09-20,3,Juventus,Sampdoria,3,0,1,0
3626,2020,2,2020-09-20,3,Parma,Napoli,0,2,0,0
3627,2020,2,2020-09-20,3,Sassuolo,Cagliari,1,1,0,0
3628,2020,3,2020-09-20,4,RB Leipzig,Mainz,3,1,2,0
3629,2020,3,2020-09-20,4,Wolfsburg,Leverkusen,0,0,0,0
3630,2020,16,2020-09-20,5,Brest,Lorient,3,2,2,1
3631,2020,16,2020-09-20,5,Marseille,Lille,1,1,0,0
3632,2020,16,2020-09-20,5,Metz,Reims,2,1,1,1
3633,2020,16,2020-09-20,5,Montpellier,Angers,4,1,2,1
3634,2020,16,2020-09-20,5,Nantes,St Etienne,2,2,0,1
3635,2020,16,2020-09-20,5,Nice,Paris SG,0,3,0,2
3636,2020,16,2020-09-20,5,Strasbourg,Dijon,1,0,0,0
3637,2020,6,2020-09-21,1,Aston Villa,Sheffield United,1,0,0,0
3638,2020,6,2020-09-21,1,Wolves,Man City,1,3,0,2
3639,2020,3,2020-09-21,3,Milan,Bologna,2,0,1,0
3640,2020,4,2020-09-25,4,Hertha,Ein Frankfurt,1,3,0,2
3641,2020,17,2020-09-25,5,Lille,Nantes,2,0,1,0
3642,2020,7,2020-09-26,1,Brighton,Man United,2,3,1,1
3643,2020,7,2020-09-26,1,Burnley,Southampton,0,1,0,1
3644,2020,7,2020-09-26,1,Crystal Palace,Everton,1,2,1,2
3645,2020,7,2020-09-26,1,West Brom,Chelsea,3,3,3,0
3646,2020,5,2020-09-26,2,Alaves,Getafe,0,0,0,0
3647,2020,5,2020-09-26,2,Betis,Real Madrid,2,3,2,1
3648,2020,5,2020-09-26,2,Elche,Sociedad,0,3,0,0
3649,2020,5,2020-09-26,2,Valencia,Huesca,1,1,1,0
3650,2020,4,2020-09-26,3,Cagliari,Lazio,0,2,0,1
3651,2020,4,2020-09-26,3,Inter,Fiorentina,4,3,1,1
3652,2020,4,2020-09-26,3,Sampdoria,Benevento,2,3,2,1
3653,2020,4,2020-09-26,3,Torino,Atalanta,2,4,2,3
3654,2020,5,2020-09-26,4,Augsburg,Dortmund,2,0,1,0
3655,2020,5,2020-09-26,4,Bielefeld,FC Koln,1,0,0,0
3656,2020,5,2020-09-26,4,Leverkusen,RB Leipzig,1,1,1,1
3657,2020,5,2020-09-26,4,M'gladbach,Union Berlin,1,1,0,0
3658,2020,5,2020-09-26,4,Mainz,Stuttgart,1,4,1,1
3659,2020,5,2020-09-26,4,Schalke 04,Werder Bremen,1,3,0,2
3660,2020,18,2020-09-26,5,Marseille,Metz,1,1,0,0
3661,2020,18,2020-09-26,5,St Etienne,Rennes,0,3,0,1
3662,2020,8,2020-09-27,1,Man City,Leicester,2,5,1,1
3663,2020,8,2020-09-27,1,Sheffield United,Leeds,0,1,0,0
3664,2020,8,2020-09-27,1,Tottenham,Newcastle,1,1,1,0
3665,2020,8,2020-09-27,1,West Ham,Wolves,4,0,1,0
3666,2020,6,2020-09-27,2,Ath Madrid,Granada,6,1,1,0
3667,2020,6,2020-09-27,2,Barcelona,Villarreal,4,0,4,0
3668,2020,6,2020-09-27,2,Cadiz,Sevilla,1,3,0,0
3669,2020,6,2020-09-27,2,Eibar,Ath Bilbao,1,2,0,1
3670,2020,6,2020-09-27,2,Osasuna,Levante,1,3,1,1
3671,2020,6,2020-09-27,2,Valladolid,Celta,1,1,0,1
3672,2020,5,2020-09-27,3,Crotone,Milan,0,2,0,1
3673,2020,5,2020-09-27,3,Napoli,Genoa,6,0,1,0
3674,2020,5,2020-09-27,3,Roma,Juventus,2,2,2,1
3675,2020,5,2020-09-27,3,Spezia,Sassuolo,1,4,1,1
3676,2020,5,2020-09-27,3,Verona,Udinese,1,0,0,0
3677,2020,6,2020-09-27,4,Freiburg,Wolfsburg,1,1,1,1
3678,2020,6,2020-09-27,4,Hoffenheim,Bayern Munich,4,1,2,1
3679,2020,19,2020-09-27,5,Angers,Brest,3,2,1,2
3680,2020,19,2020-09-27,5,Bordeaux,Nice,0,0,0,0
3681,2020,19,2020-09-27,5,Dijon,Montpellier,2,2,1,0
3682,2020,19,2020-09-27,5,Lorient,Lyon,1,1,0,0
3683,2020,19,2020-09-27,5,Monaco,Strasbourg,3,2,2,0
3684,2020,19,2020-09-27,5,Nimes,Lens,1,1,0,1
3685,2020,19,2020-09-27,5,Reims,Paris SG,0,2,0,1
3686,2020,9,2020-09-28,1,Fulham,Aston Villa,0,3,0,2
3687,2020,9,2020-09-28,1,Liverpool,Arsenal,3,1,2,1
3688,2020,6,2020-09-28,3,Bologna,Parma,4,1,2,0
3689,2020,7,2020-09-29,2,Getafe,Betis,3,0,3,0
3690,2020,7,2020-09-29,2,Sociedad,Valencia,0,1,0,0
3691,2020,8,2020-09-30,2,Eibar,Elche,0,1,0,1
3692,2020,8,2020-09-30,2,Huesca,Ath Madrid,0,0,0,0
3693,2020,8,2020-09-30,2,Real Madrid,Valladolid,1,0,0,0
3694,2020,8,2020-09-30,2,Villarreal,Alaves,3,1,2,1
3695,2020,7,2020-09-30,3,Benevento,Inter,2,5,1,4
3696,2020,7,2020-09-30,3,Lazio,Atalanta,1,4,0,3
3697,2020,7,2020-09-30,3,Udinese,Spezia,0,2,0,1
3698,2020,9,2020-10-01,2,Ath Bilbao,Cadiz,0,1,0,0
3699,2020,9,2020-10-01,2,Celta,Barcelona,0,3,0,1
3700,2020,9,2020-10-01,2,Sevilla,Levante,1,0,0,0
3701,2020,8,2020-10-02,3,Fiorentina,Sampdoria,1,2,0,1
3702,2020,7,2020-10-02,4,Union Berlin,Mainz,4,0,1,0
3703,2020,20,2020-10-02,5,Paris SG,Angers,6,1,2,0
3704,2020,10,2020-10-03,1,Chelsea,Crystal Palace,4,0,0,0
3705,2020,10,2020-10-03,1,Everton,Brighton,4,2,2,1
3706,2020,10,2020-10-03,1,Leeds,Man City,1,1,0,1
3707,2020,10,2020-10-03,1,Newcastle,Burnley,3,1,1,0
3708,2020,10,2020-10-03,2,Ath Madrid,Villarreal,0,0,0,0
3709,2020,10,2020-10-03,2,Elche,Huesca,0,0,0,0
3710,2020,10,2020-10-03,2,Sociedad,Getafe,3,0,1,0
3711,2020,10,2020-10-03,2,Valencia,Betis,0,2,0,1
3712,2020,10,2020-10-03,2,Valladolid,Eibar,1,2,1,1
3713,2020,9,2020-10-03,3,Sassuolo,Crotone,4,1,1,0
3714,2020,9,2020-10-03,3,Udinese,Roma,0,1,0,0
3715,2020,8,2020-10-03,4,Dortmund,Freiburg,4,0,1,0
3716,2020,8,2020-10-03,4,Ein Frankfurt,Hoffenheim,2,1,0,1
3717,2020,8,2020-10-03,4,FC Koln,M'gladbach,1,3,0,2
3718,2020,8,2020-10-03,4,RB Leipzig,Schalke 04,4,0,3,0
3719,2020,8,2020-10-03,4,Stuttgart,Leverkusen,1,1,0,1
3720,2020,8,2020-10-03,4,Werder Bremen,Bielefeld,1,0,1,0
3721,2020,21,2020-10-03,5,Lens,St Etienne,2,0,1,0
3722,2020,21,2020-10-03,5,Nice,Nantes,2,1,1,1
3723,2020,11,2020-10-04,1,Arsenal,Sheffield United,2,1,0,0
3724,2020,11,2020-10-04,1,Aston Villa,Liverpool,7,2,4,1
3725,2020,11,2020-10-04,1,Leicester,West Ham,0,3,0,2
3726,2020,11,2020-10-04,1,Man United,Tottenham,1,6,1,4
3727,2020,11,2020-10-04,1,Southampton,West Brom,2,0,1,0
3728,2020,11,2020-10-04,1,Wolves,Fulham,1,0,0,0
3729,2020,11,2020-10-04,2,Alaves,Ath Bilbao,1,0,0,0
3730,2020,11,2020-10-04,2,Barcelona,Sevilla,1,1,1,1
3731,2020,11,2020-10-04,2,Cadiz,Granada,1,1,0,1
3732,2020,11,2020-10-04,2,Levante,Real Madrid,0,2,0,1
3733,2020,11,2020-10-04,2,Osasuna,Celta,2,0,1,0
3734,2020,10,2020-10-04,3,Atalanta,Cagliari,5,2,4,1
3735,2020,10,2020-10-04,3,Benevento,Bologna,1,0,0,0
3736,2020,10,2020-10-04,3,Lazio,Inter,1,1,0,1
3737,2020,10,2020-10-04,3,Milan,Spezia,3,0,0,0
3738,2020,10,2020-10-04,3,Parma,Verona,1,0,1,0
3739,2020,9,2020-10-04,4,Bayern Munich,Hertha,4,3,1,0
3740,2020,9,2020-10-04,4,Wolfsburg,Augsburg,0,0,0,0
3741,2020,22,2020-10-04,5,Bordeaux,Dijon,3,0,2,0
3742,2020,22,2020-10-04,5,Brest,Monaco,1,0,1,0
3743,2020,22,2020-10-04,5,Lyon,Marseille,1,1,1,1
3744,2020,22,2020-10-04,5,Metz,Lorient,3,1,1,1
3745,2020,22,2020-10-04,5,Montpellier,Nimes,0,1,0,0
3746,2020,22,2020-10-04,5,Rennes,Reims,2,2,2,1
3747,2020,22,2020-10-04,5,Strasbourg,Lille,0,3,0,1
3748,2020,23,2020-10-16,5,Dijon,Rennes,1,1,0,1
3749,2020,23,2020-10-16,5,Nimes,Paris SG,0,4,0,1
3750,2020,12,2020-10-17,1,Chelsea,Southampton,3,3,2,1
3751,2020,12,2020-10-17,1,Everton,Liverpool,2,2,1,1
3752,2020,12,2020-10-17,1,Man City,Arsenal,1,0,1,0
3753,2020,12,2020-10-17,1,Newcastle,Man United,1,4,1,1
3754,2020,12,2020-10-17,2,Celta,Ath Madrid,0,2,0,1
3755,2020,12,2020-10-17,2,Getafe,Barcelona,1,0,0,0
3756,2020,12,2020-10-17,2,Granada,Sevilla,1,0,0,0
3757,2020,12,2020-10-17,2,Real Madrid,Cadiz,0,1,0,1
3758,2020,11,2020-10-17,3,Crotone,Juventus,1,1,1,1
3759,2020,11,2020-10-17,3,Inter,Milan,1,2,1,2
3760,2020,11,2020-10-17,3,Napoli,Atalanta,4,1,4,0
3761,2020,11,2020-10-17,3,Sampdoria,Lazio,3,0,2,0
3762,2020,10,2020-10-17,4,Augsburg,RB Leipzig,0,2,0,1
3763,2020,10,2020-10-17,4,Bielefeld,Bayern Munich,1,4,0,3
3764,2020,10,2020-10-17,4,Freiburg,Werder Bremen,1,1,1,1
3765,2020,10,2020-10-17,4,Hertha,Stuttgart,0,2,0,1
3766,2020,10,2020-10-17,4,Hoffenheim,Dortmund,0,1,0,0
3767,2020,10,2020-10-17,4,M'gladbach,Wolfsburg,1,1,0,0
3768,2020,10,2020-10-17,4,Mainz,Leverkusen,0,1,0,1
3769,2020,24,2020-10-17,5,Marseille,Bordeaux,3,1,1,0
3770,2020,24,2020-10-17,5,Reims,Lorient,1,3,1,0
3771,2020,13,2020-10-18,1,Crystal Palace,Brighton,1,1,1,0
3772,2020,13,2020-10-18,1,Leicester,Aston Villa,0,1,0,0
3773,2020,13,2020-10-18,1,Sheffield United,Fulham,1,1,0,0
3774,2020,13,2020-10-18,1,Tottenham,West Ham,3,3,3,0
3775,2020,13,2020-10-18,2,Alaves,Elche,0,2,0,1
3776,2020,13,2020-10-18,2,Ath Bilbao,Levante,2,0,0,0
3777,2020,13,2020-10-18,2,Betis,Sociedad,0,3,0,1
3778,2020,13,2020-10-18,2,Eibar,Osasuna,0,0,0,0
3779,2020,13,2020-10-18,2,Huesca,Valladolid,2,2,0,1
3780,2020,13,2020-10-18,2,Villarreal,Valencia,2,1,1,1
3781,2020,12,2020-10-18,3,Bologna,Sassuolo,3,4,2,1
3782,2020,12,2020-10-18,3,Roma,Benevento,5,2,2,1
3783,2020,12,2020-10-18,3,Spezia,Fiorentina,2,2,1,2
3784,2020,12,2020-10-18,3,Torino,Cagliari,2,3,1,2
3785,2020,12,2020-10-18,3,Udinese,Parma,3,2,1,1
3786,2020,11,2020-10-18,4,FC Koln,Ein Frankfurt,1,1,0,1
3787,2020,11,2020-10-18,4,Schalke 04,Union Berlin,1,1,0,0
3788,2020,25,2020-10-18,5,Angers,Metz,1,1,1,1
3789,2020,25,2020-10-18,5,Lille,Lens,4,0,1,0
3790,2020,25,2020-10-18,5,Monaco,Montpellier,1,1,0,0
3791,2020,25,2020-10-18,5,Nantes,Brest,3,1,2,0
3792,2020,25,2020-10-18,5,St Etienne,Nice,1,3,0,2
3793,2020,25,2020-10-18,5,Strasbourg,Lyon,2,3,1,3
3794,2020,14,2020-10-19,1,Leeds,Wolves,0,1,0,0
3795,2020,14,2020-10-19,1,West Brom,Burnley,0,0,0,0
3796,2020,13,2020-10-19,3,Verona,Genoa,0,0,0,0
3797,2020,15,2020-10-23,1,Aston Villa,Leeds,0,3,0,0
3798,2020,14,2020-10-23,2,Elche,Valencia,2,1,2,0
3799,2020,14,2020-10-23,3,Sassuolo,Torino,3,3,0,1
3800,2020,12,2020-10-23,4,Stuttgart,FC Koln,1,1,1,1
3801,2020,26,2020-10-23,5,Rennes,Angers,1,2,1,1
3802,2020,16,2020-10-24,1,Fulham,Crystal Palace,1,2,0,1
3803,2020,16,2020-10-24,1,Liverpool,Sheffield United,2,1,1,1
3804,2020,16,2020-10-24,1,Man United,Chelsea,0,0,0,0
3805,2020,16,2020-10-24,1,West Ham,Man City,1,1,1,0
3806,2020,15,2020-10-24,2,Ath Madrid,Betis,2,0,0,0
3807,2020,15,2020-10-24,2,Barcelona,Real Madrid,1,3,1,1
3808,2020,15,2020-10-24,2,Osasuna,Ath Bilbao,1,0,0,0
3809,2020,15,2020-10-24,2,Sevilla,Eibar,0,1,0,1
3810,2020,15,2020-10-24,3,Atalanta,Sampdoria,1,3,0,1
3811,2020,15,2020-10-24,3,Genoa,Inter,0,2,0,0
3812,2020,15,2020-10-24,3,Lazio,Bologna,2,1,0,0
3813,2020,13,2020-10-24,4,Bayern Munich,Ein Frankfurt,5,0,2,0
3814,2020,13,2020-10-24,4,Dortmund,Schalke 04,3,0,0,0
3815,2020,13,2020-10-24,4,Mainz,M'gladbach,2,3,2,1
3816,2020,13,2020-10-24,4,RB Leipzig,Hertha,2,1,1,1
3817,2020,13,2020-10-24,4,Union Berlin,Freiburg,1,1,1,1
3818,2020,27,2020-10-24,5,Lorient,Marseille,0,1,0,0
3819,2020,27,2020-10-24,5,Paris SG,Dijon,4,0,2,0
3820,2020,17,2020-10-25,1,Arsenal,Leicester,0,1,0,0
3821,2020,17,2020-10-25,1,Southampton,Everton,2,0,2,0
3822,2020,17,2020-10-25,1,Wolves,Newcastle,1,1,0,0
3823,2020,16,2020-10-25,2,Cadiz,Villarreal,0,0,0,0
3824,2020,16,2020-10-25,2,Getafe,Granada,0,1,0,1
3825,2020,16,2020-10-25,2,Sociedad,Huesca,4,1,1,0
3826,2020,16,2020-10-25,2,Valladolid,Alaves,0,2,0,0
3827,2020,16,2020-10-25,3,Benevento,Napoli,1,2,1,0
3828,2020,16,2020-10-25,3,Cagliari,Crotone,4,2,3,2
3829,2020,16,2020-10-25,3,Fiorentina,Udinese,3,2,2,1
3830,2020,16,2020-10-25,3,Juventus,Verona,1,1,0,0
3831,2020,16,2020-10-25,3,Parma,Spezia,2,2,1,2
3832,2020,14,2020-10-25,4,Werder Bremen,Hoffenheim,1,1,1,1
3833,2020,14,2020-10-25,4,Wolfsburg,Bielefeld,2,1,2,0
3834,2020,28,2020-10-25,5,Bordeaux,Nimes,2,0,0,0
3835,2020,28,2020-10-25,5,Brest,Strasbourg,0,3,0,2
3836,2020,28,2020-10-25,5,Lyon,Monaco,4,1,4,0
3837,2020,28,2020-10-25,5,Metz,St Etienne,2,0,1,0
3838,2020,28,2020-10-25,5,Montpellier,Reims,0,4,0,3
3839,2020,28,2020-10-25,5,Nice,Lille,1,1,0,0
3840,2020,18,2020-10-26,1,Brighton,West Brom,1,1,1,0
3841,2020,18,2020-10-26,1,Burnley,Tottenham,0,1,0,0
3842,2020,17,2020-10-26,2,Levante,Celta,1,1,0,0
3843,2020,17,2020-10-26,3,Milan,Roma,3,3,1,1
3844,2020,15,2020-10-26,4,Leverkusen,Augsburg,3,1,1,0
3845,2020,19,2020-10-30,1,Wolves,Crystal Palace,2,0,2,0
3846,2020,18,2020-10-30,2,Eibar,Cadiz,0,2,0,2
3847,2020,16,2020-10-30,4,Schalke 04,Stuttgart,1,1,1,0
3848,2020,20,2020-10-31,1,Burnley,Chelsea,0,3,0,1
3849,2020,20,2020-10-31,1,Liverpool,West Ham,2,1,1,1
3850,2020,20,2020-10-31,1,Sheffield United,Man City,0,1,0,1
3851,2020,19,2020-10-31,2,Alaves,Barcelona,1,1,1,0
3852,2020,19,2020-10-31,2,Ath Bilbao,Sevilla,2,1,0,1
3853,2020,19,2020-10-31,2,Osasuna,Ath Madrid,1,3,0,1
3854,2020,19,2020-10-31,2,Real Madrid,Huesca,4,1,2,0
3855,2020,18,2020-10-31,3,Bologna,Cagliari,3,2,1,1
3856,2020,18,2020-10-31,3,Crotone,Atalanta,1,2,1,2
3857,2020,18,2020-10-31,3,Inter,Parma,2,2,0,0
3858,2020,17,2020-10-31,4,Augsburg,Mainz,3,1,1,0
3859,2020,17,2020-10-31,4,Bielefeld,Dortmund,0,2,0,0
3860,2020,17,2020-10-31,4,Ein Frankfurt,Werder Bremen,1,1,0,0
3861,2020,17,2020-10-31,4,FC Koln,Bayern Munich,1,2,0,2
3862,2020,17,2020-10-31,4,M'gladbach,RB Leipzig,1,0,0,0
3863,2020,29,2020-10-31,5,Nantes,Paris SG,0,3,0,0
3864,2020,29,2020-10-31,5,Rennes,Brest,2,1,0,0
3865,2020,21,2020-11-01,1,Aston Villa,Southampton,3,4,0,3
3866,2020,21,2020-11-01,1,Man United,Arsenal,0,1,0,0
3867,2020,21,2020-11-01,1,Newcastle,Everton,2,1,0,0
3868,2020,21,2020-11-01,1,Tottenham,Brighton,2,1,1,0
3869,2020,20,2020-11-01,2,Betis,Elche,3,1,2,0
3870,2020,20,2020-11-01,2,Celta,Sociedad,1,4,0,2
3871,2020,20,2020-11-01,2,Granada,Levante,1,1,1,1
3872,2020,20,2020-11-01,2,Valencia,Getafe,2,2,1,0
3873,2020,19,2020-11-01,3,Napoli,Sassuolo,0,2,0,0
3874,2020,19,2020-11-01,3,Roma,Fiorentina,2,0,1,0
3875,2020,19,2020-11-01,3,Sampdoria,Genoa,1,1,1,1
3876,2020,19,2020-11-01,3,Spezia,Juventus,1,4,1,1
3877,2020,19,2020-11-01,3,Torino,Lazio,3,4,2,1
3878,2020,19,2020-11-01,3,Udinese,Milan,1,2,0,1
3879,2020,18,2020-11-01,4,Freiburg,Leverkusen,2,4,1,2
3880,2020,18,2020-11-01,4,Hertha,Wolfsburg,1,1,1,1
3881,2020,30,2020-11-01,5,Angers,Nice,0,3,0,2
3882,2020,30,2020-11-01,5,Dijon,Lorient,0,0,0,0
3883,2020,30,2020-11-01,5,Lille,Lyon,1,1,1,1
3884,2020,30,2020-11-01,5,Monaco,Bordeaux,4,0,3,0
3885,2020,30,2020-11-01,5,Nimes,Metz,0,1,0,1
3886,2020,30,2020-11-01,5,Reims,Strasbourg,2,1,2,1
3887,2020,30,2020-11-01,5,St Etienne,Montpellier,0,1,0,1
3888,2020,22,2020-11-02,1,Fulham,West Brom,2,0,2,0
3889,2020,22,2020-11-02,1,Leeds,Leicester,1,4,0,2
3890,2020,21,2020-11-02,2,Villarreal,Valladolid,2,0,2,0
3891,2020,20,2020-11-02,3,Verona,Benevento,3,1,1,0
3892,2020,19,2020-11-02,4,Hoffenheim,Union Berlin,1,3,0,0
3893,2020,21,2020-11-04,3,Genoa,Torino,1,2,0,2
3894,2020,23,2020-11-06,1,Brighton,Burnley,0,0,0,0
3895,2020,23,2020-11-06,1,Southampton,Newcastle,2,0,1,0
3896,2020,22,2020-11-06,2,Elche,Celta,1,1,1,1
3897,2020,22,2020-11-06,3,Sassuolo,Udinese,0,0,0,0
3898,2020,20,2020-11-06,4,Werder Bremen,FC Koln,1,1,0,0
3899,2020,31,2020-11-06,5,Strasbourg,Marseille,0,1,0,0
3900,2020,24,2020-11-07,1,Chelsea,Sheffield United,4,1,2,1
3901,2020,24,2020-11-07,1,Crystal Palace,Leeds,4,1,3,1
3902,2020,24,2020-11-07,1,Everton,Man United,1,3,1,2
3903,2020,24,2020-11-07,1,West Ham,Fulham,1,0,0,0
3904,2020,23,2020-11-07,2,Ath Madrid,Cadiz,4,0,2,0
3905,2020,23,2020-11-07,2,Barcelona,Betis,5,2,1,1
3906,2020,23,2020-11-07,2,Huesca,Eibar,1,1,0,1
3907,2020,23,2020-11-07,2,Sevilla,Osasuna,1,0,0,0
3908,2020,23,2020-11-07,3,Benevento,Spezia,0,3,0,1
3909,2020,23,2020-11-07,3,Cagliari,Sampdoria,2,0,0,0
3910,2020,23,2020-11-07,3,Parma,Fiorentina,0,0,0,0
3911,2020,21,2020-11-07,4,Augsburg,Hertha,0,3,0,1
3912,2020,21,2020-11-07,4,Dortmund,Bayern Munich,2,3,1,1
3913,2020,21,2020-11-07,4,Mainz,Schalke 04,2,2,2,1
3914,2020,21,2020-11-07,4,RB Leipzig,Freiburg,3,0,1,0
3915,2020,21,2020-11-07,4,Stuttgart,Ein Frankfurt,2,2,2,0
3916,2020,21,2020-11-07,4,Union Berlin,Bielefeld,5,0,3,0
3917,2020,32,2020-11-07,5,Bordeaux,Montpellier,0,2,0,0
3918,2020,32,2020-11-07,5,Paris SG,Rennes,3,0,2,0
3919,2020,25,2020-11-08,1,Arsenal,Aston Villa,0,3,0,1
3920,2020,25,2020-11-08,1,Leicester,Wolves,1,0,1,0
3921,2020,25,2020-11-08,1,Man City,Liverpool,1,1,1,1
3922,2020,25,2020-11-08,1,West Brom,Tottenham,0,1,0,0
3923,2020,24,2020-11-08,2,Getafe,Villarreal,1,3,1,2
3924,2020,24,2020-11-08,2,Levante,Alaves,1,1,0,1
3925,2020,24,2020-11-08,2,Sociedad,Granada,2,0,2,0
3926,2020,24,2020-11-08,2,Valencia,Real Madrid,4,1,2,1
3927,2020,24,2020-11-08,2,Valladolid,Ath Bilbao,2,1,1,0
3928,2020,24,2020-11-08,3,Atalanta,Inter,1,1,0,0
3929,2020,24,2020-11-08,3,Bologna,Napoli,0,1,0,1
3930,2020,24,2020-11-08,3,Genoa,Roma,1,3,0,1
3931,2020,24,2020-11-08,3,Lazio,Juventus,1,1,0,1
3932,2020,24,2020-11-08,3,Milan,Verona,2,2,1,2
3933,2020,24,2020-11-08,3,Torino,Crotone,0,0,0,0
3934,2020,22,2020-11-08,4,Leverkusen,M'gladbach,4,3,2,2
3935,2020,22,2020-11-08,4,Wolfsburg,Hoffenheim,2,1,2,0
3936,2020,33,2020-11-08,5,Brest,Lille,3,2,3,1
3937,2020,33,2020-11-08,5,Lens,Reims,4,4,1,0
3938,2020,33,2020-11-08,5,Lorient,Nantes,0,2,0,0
3939,2020,33,2020-11-08,5,Lyon,St Etienne,2,1,0,1
3940,2020,33,2020-11-08,5,Metz,Dijon,1,1,1,1
3941,2020,33,2020-11-08,5,Nice,Monaco,1,2,0,1
3942,2020,33,2020-11-08,5,Nimes,Angers,1,5,0,2
3943,2020,25,2020-11-20,2,Osasuna,Huesca,1,1,0,1
3944,2020,34,2020-11-20,5,Monaco,Paris SG,3,2,0,2
3945,2020,34,2020-11-20,5,Rennes,Bordeaux,0,1,0,1
3946,2020,26,2020-11-21,1,Aston Villa,Brighton,1,2,0,1
3947,2020,26,2020-11-21,1,Man United,West Brom,1,0,0,0
3948,2020,26,2020-11-21,1,Newcastle,Chelsea,0,2,0,1
3949,2020,26,2020-11-21,1,Tottenham,Man City,2,0,1,0
3950,2020,26,2020-11-21,2,Ath Madrid,Barcelona,1,0,1,0
3951,2020,26,2020-11-21,2,Levante,Elche,1,1,1,0
3952,2020,26,2020-11-21,2,Sevilla,Celta,4,2,2,2
3953,2020,26,2020-11-21,2,Villarreal,Real Madrid,1,1,0,1
3954,2020,25,2020-11-21,3,Crotone,Lazio,0,2,0,1
3955,2020,25,2020-11-21,3,Juventus,Cagliari,2,0,2,0
3956,2020,25,2020-11-21,3,Spezia,Atalanta,0,0,0,0
3957,2020,23,2020-11-21,4,Bayern Munich,Werder Bremen,1,1,0,1
3958,2020,23,2020-11-21,4,Bielefeld,Leverkusen,1,2,0,1
3959,2020,23,2020-11-21,4,Ein Frankfurt,RB Leipzig,1,1,1,0
3960,2020,23,2020-11-21,4,Hertha,Dortmund,2,5,1,0
3961,2020,23,2020-11-21,4,Hoffenheim,Stuttgart,3,3,1,2
3962,2020,23,2020-11-21,4,M'gladbach,Augsburg,1,1,1,0
3963,2020,23,2020-11-21,4,Schalke 04,Wolfsburg,0,2,0,2
3964,2020,35,2020-11-21,5,Brest,St Etienne,4,1,4,1
3965,2020,27,2020-11-22,1,Fulham,Everton,2,3,1,3
3966,2020,27,2020-11-22,1,Leeds,Arsenal,0,0,0,0
3967,2020,27,2020-11-22,1,Liverpool,Leicester,3,0,2,0
3968,2020,27,2020-11-22,1,Sheffield United,West Ham,0,1,0,0
3969,2020,27,2020-11-22,2,Alaves,Valencia,2,2,2,0
3970,2020,27,2020-11-22,2,Cadiz,Sociedad,0,1,0,0
3971,2020,27,2020-11-22,2,Eibar,Getafe,0,0,0,0
3972,2020,27,2020-11-22,2,Granada,Valladolid,1,3,0,1
3973,2020,26,2020-11-22,3,Fiorentina,Benevento,0,1,0,0
3974,2020,26,2020-11-22,3,Inter,Torino,4,2,0,1
3975,2020,26,2020-11-22,3,Napoli,Milan,1,3,0,1
3976,2020,26,2020-11-22,3,Roma,Parma,3,0,3,0
3977,2020,26,2020-11-22,3,Sampdoria,Bologna,1,2,1,1
3978,2020,26,2020-11-22,3,Udinese,Genoa,1,0,1,0
3979,2020,26,2020-11-22,3,Verona,Sassuolo,0,2,0,1
3980,2020,24,2020-11-22,4,FC Koln,Union Berlin,1,2,1,1
3981,2020,24,2020-11-22,4,Freiburg,Mainz,1,3,0,3
3982,2020,36,2020-11-22,5,Angers,Lyon,0,1,0,0
3983,2020,36,2020-11-22,5,Dijon,Lens,0,1,0,1
3984,2020,36,2020-11-22,5,Lille,Lorient,4,0,1,0
3985,2020,36,2020-11-22,5,Montpellier,Strasbourg,4,3,3,3
3986,2020,36,2020-11-22,5,Nantes,Metz,1,1,1,1
3987,2020,36,2020-11-22,5,Reims,Nimes,0,1,0,0
3988,2020,28,2020-11-23,1,Burnley,Crystal Palace,1,0,1,0
3989,2020,28,2020-11-23,1,Wolves,Southampton,1,1,0,0
3990,2020,28,2020-11-23,2,Ath Bilbao,Betis,4,0,2,0
3991,2020,37,2020-11-25,5,Lens,Nantes,1,1,1,0
3992,2020,29,2020-11-27,1,Crystal Palace,Newcastle,0,2,0,0
3993,2020,29,2020-11-27,2,Valladolid,Levante,1,1,0,0
3994,2020,25,2020-11-27,4,Wolfsburg,Werder Bremen,5,3,3,2
3995,2020,38,2020-11-27,5,Strasbourg,Rennes,1,1,1,0
3996,2020,30,2020-11-28,1,Brighton,Liverpool,1,1,0,0
3997,2020,30,2020-11-28,1,Everton,Leeds,0,1,0,0
3998,2020,30,2020-11-28,1,Man City,Burnley,5,0,3,0
3999,2020,30,2020-11-28,1,West Brom,Sheffield United,1,0,1,0
4000,2020,30,2020-11-28,2,Elche,Cadiz,1,1,1,0
4001,2020,30,2020-11-28,2,Huesca,Sevilla,0,1,0,0
4002,2020,30,2020-11-28,2,Real Madrid,Alaves,1,2,0,1
4003,2020,30,2020-11-28,2,Valencia,Ath Madrid,0,1,0,0
4004,2020,27,2020-11-28,3,Atalanta,Verona,0,2,0,0
4005,2020,27,2020-11-28,3,Benevento,Juventus,1,1,1,1
4006,2020,27,2020-11-28,3,Sassuolo,Inter,0,3,0,2
4007,2020,26,2020-11-28,4,Augsburg,Freiburg,1,1,0,0
4008,2020,26,2020-11-28,4,Dortmund,FC Koln,1,2,0,1
4009,2020,26,2020-11-28,4,M'gladbach,Schalke 04,4,1,2,1
4010,2020,26,2020-11-28,4,RB Leipzig,Bielefeld,2,1,1,0
4011,2020,26,2020-11-28,4,Stuttgart,Bayern Munich,1,3,1,2
4012,2020,26,2020-11-28,4,Union Berlin,Ein Frankfurt,3,3,2,2
4013,2020,39,2020-11-28,5,Marseille,Nantes,3,1,2,0
4014,2020,39,2020-11-28,5,Paris SG,Bordeaux,2,2,2,1
4015,2020,31,2020-11-29,1,Arsenal,Wolves,1,2,1,2
4016,2020,31,2020-11-29,1,Chelsea,Tottenham,0,0,0,0
4017,2020,31,2020-11-29,1,Southampton,Man United,2,3,2,0
4018,2020,31,2020-11-29,2,Barcelona,Osasuna,4,0,2,0
4019,2020,31,2020-11-29,2,Celta,Granada,3,1,1,1
4020,2020,31,2020-11-29,2,Getafe,Ath Bilbao,1,1,0,1
4021,2020,31,2020-11-29,2,Sociedad,Villarreal,1,1,1,1
4022,2020,28,2020-11-29,3,Bologna,Crotone,1,0,1,0
4023,2020,28,2020-11-29,3,Cagliari,Spezia,2,2,0,1
4024,2020,28,2020-11-29,3,Lazio,Udinese,1,3,0,2
4025,2020,28,2020-11-29,3,Milan,Fiorentina,2,0,2,0
4026,2020,28,2020-11-29,3,Napoli,Roma,4,0,1,0
4027,2020,27,2020-11-29,4,Leverkusen,Hertha,0,0,0,0
4028,2020,27,2020-11-29,4,Mainz,Hoffenheim,1,1,1,0
4029,2020,40,2020-11-29,5,Lens,Angers,1,3,1,1
4030,2020,40,2020-11-29,5,Lorient,Montpellier,0,1,0,0
4031,2020,40,2020-11-29,5,Lyon,Reims,3,0,1,0
4032,2020,40,2020-11-29,5,Metz,Brest,0,2,0,1
4033,2020,40,2020-11-29,5,Monaco,Nimes,3,0,1,0
4034,2020,40,2020-11-29,5,Nice,Dijon,1,3,0,2
4035,2020,40,2020-11-29,5,St Etienne,Lille,1,1,1,0
4036,2020,32,2020-11-30,1,Leicester,Fulham,1,2,0,2
4037,2020,32,2020-11-30,1,West Ham,Aston Villa,2,1,1,1
4038,2020,32,2020-11-30,2,Betis,Eibar,0,2,0,0
4039,2020,29,2020-11-30,3,Genoa,Parma,1,2,0,1
4040,2020,29,2020-11-30,3,Torino,Sampdoria,2,2,1,0
4041,2020,33,2020-12-04,2,Ath Bilbao,Celta,0,2,0,0
4042,2020,28,2020-12-04,4,Hertha,Union Berlin,3,1,0,1
4043,2020,41,2020-12-04,5,Nimes,Marseille,0,2,0,0
4044,2020,33,2020-12-05,1,Burnley,Everton,1,1,1,1
4045,2020,33,2020-12-05,1,Chelsea,Leeds,3,1,1,1
4046,2020,33,2020-12-05,1,Man City,Fulham,2,0,2,0
4047,2020,33,2020-12-05,1,West Ham,Man United,1,3,1,0
4048,2020,34,2020-12-05,2,Ath Madrid,Valladolid,2,0,0,0
4049,2020,34,2020-12-05,2,Cadiz,Barcelona,2,1,1,0
4050,2020,34,2020-12-05,2,Levante,Getafe,3,0,2,0
4051,2020,34,2020-12-05,2,Sevilla,Real Madrid,0,1,0,0
4052,2020,30,2020-12-05,3,Inter,Bologna,3,1,2,0
4053,2020,30,2020-12-05,3,Juventus,Torino,2,1,0,1
4054,2020,30,2020-12-05,3,Spezia,Lazio,1,2,0,2
4055,2020,29,2020-12-05,4,Bayern Munich,RB Leipzig,3,3,2,2
4056,2020,29,2020-12-05,4,Bielefeld,Mainz,2,1,2,0
4057,2020,29,2020-12-05,4,Ein Frankfurt,Dortmund,1,1,1,0
4058,2020,29,2020-12-05,4,FC Koln,Wolfsburg,2,2,2,1
4059,2020,29,2020-12-05,4,Freiburg,M'gladbach,2,2,1,1
4060,2020,42,2020-12-05,5,Montpellier,Paris SG,1,3,1,1
4061,2020,42,2020-12-05,5,Rennes,Lens,0,2,0,1
4062,2020,34,2020-12-06,1,Liverpool,Wolves,4,0,1,0
4063,2020,34,2020-12-06,1,Sheffield United,Leicester,1,2,1,1
4064,2020,34,2020-12-06,1,Tottenham,Arsenal,2,0,2,0
4065,2020,34,2020-12-06,1,West Brom,Crystal Palace,1,5,1,1
4066,2020,35,2020-12-06,2,Alaves,Sociedad,0,0,0,0
4067,2020,35,2020-12-06,2,Granada,Huesca,3,3,1,1
4068,2020,35,2020-12-06,2,Osasuna,Betis,0,2,0,0
4069,2020,35,2020-12-06,2,Villarreal,Elche,0,0,0,0
4070,2020,31,2020-12-06,3,Crotone,Napoli,0,4,0,1
4071,2020,31,2020-12-06,3,Parma,Benevento,0,0,0,0
4072,2020,31,2020-12-06,3,Roma,Sassuolo,0,0,0,0
4073,2020,31,2020-12-06,3,Sampdoria,Milan,1,2,0,1
4074,2020,31,2020-12-06,3,Verona,Cagliari,1,1,1,0
4075,2020,30,2020-12-06,4,Schalke 04,Leverkusen,0,3,0,1
4076,2020,30,2020-12-06,4,Werder Bremen,Stuttgart,1,2,0,1
4077,2020,43,2020-12-06,5,Angers,Lorient,2,0,1,0
4078,2020,43,2020-12-06,5,Bordeaux,Brest,1,0,0,0
4079,2020,43,2020-12-06,5,Dijon,St Etienne,0,0,0,0
4080,2020,43,2020-12-06,5,Lille,Monaco,2,1,0,0
4081,2020,43,2020-12-06,5,Metz,Lyon,1,3,0,1
4082,2020,43,2020-12-06,5,Nantes,Strasbourg,0,4,0,2
4083,2020,43,2020-12-06,5,Reims,Nice,0,0,0,0
4084,2020,35,2020-12-07,1,Brighton,Southampton,1,2,1,1
4085,2020,36,2020-12-07,2,Eibar,Valencia,0,0,0,0
4086,2020,32,2020-12-07,3,Fiorentina,Genoa,1,1,0,0
4087,2020,31,2020-12-07,4,Hoffenheim,Augsburg,3,1,1,1
4088,2020,36,2020-12-11,1,Leeds,West Ham,1,2,1,1
4089,2020,37,2020-12-11,2,Valladolid,Osasuna,3,2,1,2
4090,2020,33,2020-12-11,3,Sassuolo,Benevento,1,0,1,0
4091,2020,32,2020-12-11,4,Wolfsburg,Ein Frankfurt,2,1,0,0
4092,2020,44,2020-12-11,5,St Etienne,Angers,0,0,0,0
4093,2020,37,2020-12-12,1,Everton,Chelsea,1,0,1,0
4094,2020,37,2020-12-12,1,Man United,Man City,0,0,0,0
4095,2020,37,2020-12-12,1,Newcastle,West Brom,2,1,1,0
4096,2020,37,2020-12-12,1,Wolves,Aston Villa,0,1,0,0
4097,2020,38,2020-12-12,2,Getafe,Sevilla,0,1,0,0
4098,2020,38,2020-12-12,2,Huesca,Alaves,1,0,0,0
4099,2020,38,2020-12-12,2,Real Madrid,Ath Madrid,2,0,1,0
4100,2020,38,2020-12-12,2,Valencia,Ath Bilbao,2,2,1,0
4101,2020,34,2020-12-12,3,Crotone,Spezia,4,1,1,1
4102,2020,34,2020-12-12,3,Lazio,Verona,1,2,0,1
4103,2020,34,2020-12-12,3,Torino,Udinese,2,3,0,1
4104,2020,33,2020-12-12,4,Dortmund,Stuttgart,1,5,1,1
4105,2020,33,2020-12-12,4,Freiburg,Bielefeld,2,0,0,0
4106,2020,33,2020-12-12,4,M'gladbach,Hertha,1,1,0,0
4107,2020,33,2020-12-12,4,Mainz,FC Koln,0,1,0,0
4108,2020,33,2020-12-12,4,RB Leipzig,Werder Bremen,2,0,2,0
4109,2020,33,2020-12-12,4,Union Berlin,Bayern Munich,1,1,1,0
4110,2020,45,2020-12-12,5,Lens,Montpellier,2,3,1,2
4111,2020,45,2020-12-12,5,Marseille,Monaco,2,1,2,0
4112,2020,38,2020-12-13,1,Arsenal,Burnley,0,1,0,0
4113,2020,38,2020-12-13,1,Crystal Palace,Tottenham,1,1,0,1
4114,2020,38,2020-12-13,1,Fulham,Liverpool,1,1,1,0
4115,2020,38,2020-12-13,1,Leicester,Brighton,3,0,3,0
4116,2020,38,2020-12-13,1,Southampton,Sheffield United,3,0,1,0
4117,2020,39,2020-12-13,2,Barcelona,Levante,1,0,0,0
4118,2020,39,2020-12-13,2,Betis,Villarreal,1,1,0,1
4119,2020,39,2020-12-13,2,Elche,Granada,0,1,0,1
4120,2020,39,2020-12-13,2,Sociedad,Eibar,1,1,1,0
4121,2020,35,2020-12-13,3,Atalanta,Fiorentina,3,0,1,0
4122,2020,35,2020-12-13,3,Bologna,Roma,1,5,1,5
4123,2020,35,2020-12-13,3,Cagliari,Inter,1,3,1,0
4124,2020,35,2020-12-13,3,Genoa,Juventus,1,3,0,0
4125,2020,35,2020-12-13,3,Milan,Parma,2,2,0,1
4126,2020,35,2020-12-13,3,Napoli,Sampdoria,2,1,0,1
4127,2020,34,2020-12-13,4,Augsburg,Schalke 04,2,2,1,0
4128,2020,34,2020-12-13,4,Leverkusen,Hoffenheim,4,1,2,0
4129,2020,46,2020-12-13,5,Brest,Reims,2,1,1,0
4130,2020,46,2020-12-13,5,Lille,Bordeaux,2,1,2,1
4131,2020,46,2020-12-13,5,Lorient,Nimes,3,0,2,0
4132,2020,46,2020-12-13,5,Nantes,Dijon,1,1,1,0
4133,2020,46,2020-12-13,5,Nice,Rennes,0,1,0,1
4134,2020,46,2020-12-13,5,Paris SG,Lyon,0,1,0,1
4135,2020,46,2020-12-13,5,Strasbourg,Metz,2,2,0,1
4136,2020,40,2020-12-14,2,Celta,Cadiz,4,0,4,0
4137,2020,39,2020-12-15,1,Man City,West Brom,1,1,1,1
4138,2020,39,2020-12-15,1,Wolves,Chelsea,2,1,0,0
4139,2020,41,2020-12-15,2,Real Madrid,Ath Bilbao,3,1,1,0
4140,2020,36,2020-12-15,3,Benevento,Lazio,1,1,1,1
4141,2020,36,2020-12-15,3,Udinese,Crotone,0,0,0,0
4142,2020,35,2020-12-15,4,Ein Frankfurt,M'gladbach,3,3,3,1
4143,2020,35,2020-12-15,4,Hertha,Mainz,0,0,0,0
4144,2020,35,2020-12-15,4,Stuttgart,Union Berlin,2,2,0,1
4145,2020,35,2020-12-15,4,Werder Bremen,Dortmund,1,2,1,1
4146,2020,40,2020-12-16,1,Arsenal,Southampton,1,1,0,1
4147,2020,40,2020-12-16,1,Fulham,Brighton,0,0,0,0
4148,2020,40,2020-12-16,1,Leeds,Newcastle,5,2,1,1
4149,2020,40,2020-12-16,1,Leicester,Everton,0,2,0,1
4150,2020,40,2020-12-16,1,Liverpool,Tottenham,2,1,1,1
4151,2020,40,2020-12-16,1,West Ham,Crystal Palace,1,1,0,1
4152,2020,42,2020-12-16,2,Barcelona,Sociedad,2,1,2,1
4153,2020,37,2020-12-16,3,Fiorentina,Sassuolo,1,1,1,1
4154,2020,37,2020-12-16,3,Genoa,Milan,2,2,0,0
4155,2020,37,2020-12-16,3,Inter,Napoli,1,0,0,0
4156,2020,37,2020-12-16,3,Juventus,Atalanta,1,1,1,0
4157,2020,37,2020-12-16,3,Parma,Cagliari,0,0,0,0
4158,2020,37,2020-12-16,3,Spezia,Bologna,2,2,1,0
4159,2020,37,2020-12-16,3,Verona,Sampdoria,1,2,0,1
4160,2020,36,2020-12-16,4,Bayern Munich,Wolfsburg,2,1,1,1
4161,2020,36,2020-12-16,4,Bielefeld,Augsburg,0,1,0,0
4162,2020,36,2020-12-16,4,FC Koln,Leverkusen,0,4,0,2
4163,2020,36,2020-12-16,4,Hoffenheim,RB Leipzig,0,1,0,0
4164,2020,36,2020-12-16,4,Schalke 04,Freiburg,0,2,0,0
4165,2020,47,2020-12-16,5,Angers,Strasbourg,0,2,0,0
4166,2020,47,2020-12-16,5,Bordeaux,St Etienne,1,2,1,1
4167,2020,47,2020-12-16,5,Dijon,Lille,0,2,0,1
4168,2020,47,2020-12-16,5,Lyon,Brest,2,2,0,1
4169,2020,47,2020-12-16,5,Monaco,Lens,0,3,0,3
4170,2020,47,2020-12-16,5,Montpellier,Metz,0,2,0,0
4171,2020,47,2020-12-16,5,Nimes,Nice,0,2,0,0
4172,2020,47,2020-12-16,5,Paris SG,Lorient,2,0,0,0
4173,2020,47,2020-12-16,5,Reims,Nantes,3,2,0,1
4174,2020,47,2020-12-16,5,Rennes,Marseille,2,1,0,1
4175,2020,41,2020-12-17,1,Aston Villa,Burnley,0,0,0,0
4176,2020,41,2020-12-17,1,Sheffield United,Man United,2,3,1,2
4177,2020,38,2020-12-17,3,Roma,Torino,3,1,2,0
4178,2020,43,2020-12-18,2,Ath Bilbao,Huesca,2,0,0,0
4179,2020,37,2020-12-18,4,Union Berlin,Dortmund,2,1,0,0
4180,2020,42,2020-12-19,1,Crystal Palace,Liverpool,0,7,0,3
4181,2020,42,2020-12-19,1,Everton,Arsenal,2,1,2,1
4182,2020,42,2020-12-19,1,Newcastle,Fulham,1,1,0,1
4183,2020,42,2020-12-19,1,Southampton,Man City,0,1,0,1
4184,2020,44,2020-12-19,2,Ath Madrid,Elche,3,1,1,0
4185,2020,44,2020-12-19,2,Barcelona,Valencia,2,2,1,1
4186,2020,44,2020-12-19,2,Levante,Sociedad,2,1,1,1
4187,2020,44,2020-12-19,2,Osasuna,Villarreal,1,3,0,2
4188,2020,44,2020-12-19,2,Sevilla,Valladolid,1,1,1,0
4189,2020,39,2020-12-19,3,Fiorentina,Verona,1,1,1,1
4190,2020,39,2020-12-19,3,Parma,Juventus,0,4,0,2
4191,2020,39,2020-12-19,3,Sampdoria,Crotone,3,1,2,1
4192,2020,38,2020-12-19,4,Augsburg,Ein Frankfurt,0,2,0,0
4193,2020,38,2020-12-19,4,Leverkusen,Bayern Munich,1,2,1,1
4194,2020,38,2020-12-19,4,M'gladbach,Hoffenheim,1,2,1,0
4195,2020,38,2020-12-19,4,Mainz,Werder Bremen,0,1,0,0
4196,2020,38,2020-12-19,4,RB Leipzig,FC Koln,0,0,0,0
4197,2020,38,2020-12-19,4,Schalke 04,Bielefeld,0,1,0,0
4198,2020,48,2020-12-19,5,Marseille,Reims,1,1,1,1
4199,2020,48,2020-12-19,5,Metz,Lens,2,0,1,0
4200,2020,48,2020-12-19,5,Nice,Lyon,1,4,1,2
4201,2020,43,2020-12-20,1,Brighton,Sheffield United,1,1,0,0
4202,2020,43,2020-12-20,1,Man United,Leeds,6,2,4,1
4203,2020,43,2020-12-20,1,Tottenham,Leicester,0,2,0,1
4204,2020,43,2020-12-20,1,West Brom,Aston Villa,0,3,0,1
4205,2020,45,2020-12-20,2,Cadiz,Getafe,0,2,0,1
4206,2020,45,2020-12-20,2,Celta,Alaves,2,0,1,0
4207,2020,45,2020-12-20,2,Eibar,Real Madrid,1,3,1,2
4208,2020,45,2020-12-20,2,Granada,Betis,2,0,2,0
4209,2020,40,2020-12-20,3,Atalanta,Roma,4,1,0,1
4210,2020,40,2020-12-20,3,Benevento,Genoa,2,0,0,0
4211,2020,40,2020-12-20,3,Cagliari,Udinese,1,1,1,0
4212,2020,40,2020-12-20,3,Inter,Spezia,2,1,0,0
4213,2020,40,2020-12-20,3,Lazio,Napoli,2,0,1,0
4214,2020,40,2020-12-20,3,Sassuolo,Milan,1,2,0,2
4215,2020,40,2020-12-20,3,Torino,Bologna,1,1,0,0
4216,2020,39,2020-12-20,4,Freiburg,Hertha,4,1,1,0
4217,2020,39,2020-12-20,4,Wolfsburg,Stuttgart,1,0,0,0
4218,2020,49,2020-12-20,5,Brest,Montpellier,2,2,0,1
4219,2020,49,2020-12-20,5,Dijon,Monaco,0,1,0,1
4220,2020,49,2020-12-20,5,Lille,Paris SG,0,0,0,0
4221,2020,49,2020-12-20,5,Lorient,Rennes,0,3,0,1
4222,2020,49,2020-12-20,5,Nantes,Angers,1,1,0,1
4223,2020,49,2020-12-20,5,St Etienne,Nimes,2,2,1,1
4224,2020,49,2020-12-20,5,Strasbourg,Bordeaux,0,2,0,1
4225,2020,44,2020-12-21,1,Burnley,Wolves,2,1,1,0
4226,2020,44,2020-12-21,1,Chelsea,West Ham,3,0,1,0
4227,2020,46,2020-12-22,2,Elche,Osasuna,2,2,0,1
4228,2020,46,2020-12-22,2,Huesca,Levante,1,1,1,0
4229,2020,46,2020-12-22,2,Sociedad,Ath Madrid,0,2,0,0
4230,2020,46,2020-12-22,2,Valencia,Sevilla,0,1,0,0
4231,2020,46,2020-12-22,2,Valladolid,Barcelona,0,3,0,2
4232,2020,46,2020-12-22,2,Villarreal,Ath Bilbao,1,1,0,1
4233,2020,41,2020-12-22,3,Crotone,Parma,2,1,2,0
4234,2020,41,2020-12-22,3,Juventus,Fiorentina,0,3,0,1
4235,2020,47,2020-12-23,2,Alaves,Eibar,2,1,2,1
4236,2020,47,2020-12-23,2,Betis,Cadiz,1,0,0,0
4237,2020,47,2020-12-23,2,Getafe,Celta,1,1,1,1
4238,2020,47,2020-12-23,2,Real Madrid,Granada,2,0,0,0
4239,2020,42,2020-12-23,3,Bologna,Atalanta,2,2,0,2
4240,2020,42,2020-12-23,3,Milan,Lazio,3,2,2,1
4241,2020,42,2020-12-23,3,Napoli,Torino,1,1,0,0
4242,2020,42,2020-12-23,3,Roma,Cagliari,3,2,1,0
4243,2020,42,2020-12-23,3,Sampdoria,Sassuolo,2,3,0,1
4244,2020,42,2020-12-23,3,Spezia,Genoa,1,2,1,1
4245,2020,42,2020-12-23,3,Udinese,Benevento,0,2,0,1
4246,2020,42,2020-12-23,3,Verona,Inter,1,2,0,0
4247,2020,50,2020-12-23,5,Angers,Marseille,2,1,2,0
4248,2020,50,2020-12-23,5,Bordeaux,Reims,1,3,0,2
4249,2020,50,2020-12-23,5,Lens,Brest,2,1,2,0
4250,2020,50,2020-12-23,5,Lyon,Nantes,3,0,3,0
4251,2020,50,2020-12-23,5,Monaco,St Etienne,2,2,1,2
4252,2020,50,2020-12-23,5,Montpellier,Lille,2,3,0,1
4253,2020,50,2020-12-23,5,Nice,Lorient,2,2,2,0
4254,2020,50,2020-12-23,5,Nimes,Dijon,1,3,1,0
4255,2020,50,2020-12-23,5,Paris SG,Strasbourg,4,0,1,0
4256,2020,50,2020-12-23,5,Rennes,Metz,1,0,0,0
4257,2020,45,2020-12-26,1,Arsenal,Chelsea,3,1,2,0
4258,2020,45,2020-12-26,1,Aston Villa,Crystal Palace,3,0,1,0
4259,2020,45,2020-12-26,1,Fulham,Southampton,0,0,0,0
4260,2020,45,2020-12-26,1,Leicester,Man United,2,2,1,1
4261,2020,45,2020-12-26,1,Man City,Newcastle,2,0,1,0
4262,2020,45,2020-12-26,1,Sheffield United,Everton,0,1,0,0
4263,2020,46,2020-12-27,1,Leeds,Burnley,1,0,1,0
4264,2020,46,2020-12-27,1,Liverpool,West Brom,1,1,1,0
4265,2020,46,2020-12-27,1,West Ham,Brighton,2,2,0,1
4266,2020,46,2020-12-27,1,Wolves,Tottenham,1,1,0,1
4267,2020,47,2020-12-28,1,Chelsea,Aston Villa,1,1,1,0
4268,2020,47,2020-12-28,1,Crystal Palace,Leicester,1,1,0,0
4269,2020,48,2020-12-29,1,Brighton,Arsenal,0,1,0,0
4270,2020,48,2020-12-29,1,Burnley,Sheffield United,1,0,1,0
4271,2020,48,2020-12-29,1,Man United,Wolves,1,0,0,0
4272,2020,48,2020-12-29,1,Southampton,West Ham,0,0,0,0
4273,2020,48,2020-12-29,1,West Brom,Leeds,0,5,0,4
4274,2020,48,2020-12-29,2,Barcelona,Eibar,1,1,0,0
4275,2020,48,2020-12-29,2,Cadiz,Valladolid,0,0,0,0
4276,2020,48,2020-12-29,2,Levante,Betis,4,3,3,1
4277,2020,48,2020-12-29,2,Sevilla,Villarreal,2,0,1,0
4278,2020,49,2020-12-30,1,Newcastle,Liverpool,0,0,0,0
4279,2020,49,2020-12-30,2,Ath Madrid,Getafe,1,0,1,0
4280,2020,49,2020-12-30,2,Celta,Huesca,2,1,1,0
4281,2020,49,2020-12-30,2,Elche,Real Madrid,1,1,0,1
4282,2020,49,2020-12-30,2,Granada,Valencia,2,1,1,1
4283,2020,50,2020-12-31,2,Ath Bilbao,Sociedad,0,1,0,1
4284,2020,50,2020-12-31,2,Osasuna,Alaves,1,1,0,0
4285,2020,50,2021-01-01,1,Everton,West Ham,0,1,0,0
4286,2020,50,2021-01-01,1,Man United,Aston Villa,2,1,1,0
4287,2020,51,2021-01-02,1,Brighton,Wolves,3,3,1,3
4288,2020,51,2021-01-02,1,Crystal Palace,Sheffield United,2,0,2,0
4289,2020,51,2021-01-02,1,Tottenham,Leeds,3,0,2,0
4290,2020,51,2021-01-02,1,West Brom,Arsenal,0,4,0,2
4291,2020,51,2021-01-02,2,Betis,Sevilla,1,1,0,0
4292,2020,51,2021-01-02,2,Getafe,Valladolid,0,1,0,1
4293,2020,51,2021-01-02,2,Real Madrid,Celta,2,0,1,0
4294,2020,51,2021-01-02,2,Villarreal,Levante,2,1,1,0
4295,2020,40,2021-01-02,4,Bielefeld,M'gladbach,0,1,0,0
4296,2020,40,2021-01-02,4,Ein Frankfurt,Leverkusen,2,1,1,1
4297,2020,40,2021-01-02,4,FC Koln,Augsburg,0,1,0,0
4298,2020,40,2021-01-02,4,Hertha,Schalke 04,3,0,1,0
4299,2020,40,2021-01-02,4,Hoffenheim,Freiburg,1,3,0,3
4300,2020,40,2021-01-02,4,Stuttgart,RB Leipzig,0,1,0,0
4301,2020,40,2021-01-02,4,Werder Bremen,Union Berlin,0,2,0,2
4302,2020,52,2021-01-03,1,Chelsea,Man City,1,3,0,3
4303,2020,52,2021-01-03,1,Newcastle,Leicester,1,2,0,0
4304,2020,52,2021-01-03,2,Alaves,Ath Madrid,1,2,0,1
4305,2020,52,2021-01-03,2,Ath Bilbao,Elche,1,0,1,0
4306,2020,52,2021-01-03,2,Eibar,Granada,2,0,0,0
4307,2020,52,2021-01-03,2,Huesca,Barcelona,0,1,0,1
4308,2020,52,2021-01-03,2,Sociedad,Osasuna,1,1,0,1
4309,2020,43,2021-01-03,3,Atalanta,Sassuolo,5,1,2,0
4310,2020,43,2021-01-03,3,Benevento,Milan,0,2,0,1
4311,2020,43,2021-01-03,3,Cagliari,Napoli,1,4,0,1
4312,2020,43,2021-01-03,3,Fiorentina,Bologna,0,0,0,0
4313,2020,43,2021-01-03,3,Genoa,Lazio,1,1,0,1
4314,2020,43,2021-01-03,3,Inter,Crotone,6,2,2,2
4315,2020,43,2021-01-03,3,Juventus,Udinese,4,1,1,0
4316,2020,43,2021-01-03,3,Parma,Torino,0,3,0,1
4317,2020,43,2021-01-03,3,Roma,Sampdoria,1,0,0,0
4318,2020,43,2021-01-03,3,Spezia,Verona,0,1,0,0
4319,2020,41,2021-01-03,4,Bayern Munich,Mainz,5,2,0,2
4320,2020,41,2021-01-03,4,Dortmund,Wolfsburg,2,0,0,0
4321,2020,53,2021-01-04,1,Southampton,Liverpool,1,0,1,0
4322,2020,53,2021-01-04,2,Valencia,Cadiz,1,1,0,0
4323,2020,54,2021-01-06,2,Ath Bilbao,Barcelona,2,3,1,2
4324,2020,44,2021-01-06,3,Atalanta,Parma,3,0,1,0
4325,2020,44,2021-01-06,3,Bologna,Udinese,2,2,2,1
4326,2020,44,2021-01-06,3,Cagliari,Benevento,1,2,1,2
4327,2020,44,2021-01-06,3,Crotone,Roma,1,3,0,3
4328,2020,44,2021-01-06,3,Lazio,Fiorentina,2,1,1,0
4329,2020,44,2021-01-06,3,Milan,Juventus,1,3,1,1
4330,2020,44,2021-01-06,3,Napoli,Spezia,1,2,0,0
4331,2020,44,2021-01-06,3,Sampdoria,Inter,2,1,2,0
4332,2020,44,2021-01-06,3,Sassuolo,Genoa,2,1,0,0
4333,2020,44,2021-01-06,3,Torino,Verona,1,1,0,0
4334,2020,51,2021-01-06,5,Brest,Nice,2,0,2,0
4335,2020,51,2021-01-06,5,Lille,Angers,1,2,1,2
4336,2020,51,2021-01-06,5,Lorient,Monaco,2,5,1,1
4337,2020,51,2021-01-06,5,Lyon,Lens,3,2,1,0
4338,2020,51,2021-01-06,5,Marseille,Montpellier,3,1,1,0
4339,2020,51,2021-01-06,5,Metz,Bordeaux,0,0,0,0
4340,2020,51,2021-01-06,5,Nantes,Rennes,0,0,0,0
4341,2020,51,2021-01-06,5,Reims,Dijon,0,0,0,0
4342,2020,51,2021-01-06,5,St Etienne,Paris SG,1,1,1,1
4343,2020,51,2021-01-06,5,Strasbourg,Nimes,5,0,3,0
4344,2020,55,2021-01-08,2,Celta,Villarreal,0,4,0,4
4345,2020,42,2021-01-08,4,M'gladbach,Bayern Munich,3,2,2,2
4346,2020,56,2021-01-09,2,Granada,Barcelona,0,4,0,3
4347,2020,56,2021-01-09,2,Osasuna,Real Madrid,0,0,0,0
4348,2020,56,2021-01-09,2,Sevilla,Sociedad,3,2,2,2
4349,2020,45,2021-01-09,3,Benevento,Atalanta,1,4,0,1
4350,2020,45,2021-01-09,3,Genoa,Bologna,2,0,1,0
4351,2020,45,2021-01-09,3,Milan,Torino,2,0,2,0
4352,2020,43,2021-01-09,4,Freiburg,FC Koln,5,0,2,0
4353,2020,43,2021-01-09,4,Leverkusen,Werder Bremen,1,1,0,0
4354,2020,43,2021-01-09,4,Mainz,Ein Frankfurt,0,2,0,1
4355,2020,43,2021-01-09,4,RB Leipzig,Dortmund,1,3,0,0
4356,2020,43,2021-01-09,4,Schalke 04,Hoffenheim,4,0,1,0
4357,2020,43,2021-01-09,4,Union Berlin,Wolfsburg,2,2,1,1
4358,2020,52,2021-01-09,5,Bordeaux,Lorient,2,1,2,1
4359,2020,52,2021-01-09,5,Dijon,Marseille,0,0,0,0
4360,2020,52,2021-01-09,5,Lens,Strasbourg,0,1,0,1
4361,2020,52,2021-01-09,5,Metz,Nice,1,1,0,1
4362,2020,52,2021-01-09,5,Monaco,Angers,3,0,1,0
4363,2020,52,2021-01-09,5,Montpellier,Nantes,1,1,1,0
4364,2020,52,2021-01-09,5,Nimes,Lille,0,1,0,1
4365,2020,52,2021-01-09,5,Paris SG,Brest,3,0,1,0
4366,2020,52,2021-01-09,5,Reims,St Etienne,3,1,2,0
4367,2020,52,2021-01-09,5,Rennes,Lyon,2,2,1,0
4368,2020,57,2021-01-10,2,Cadiz,Alaves,3,1,1,1
4369,2020,57,2021-01-10,2,Levante,Eibar,2,1,0,0
4370,2020,57,2021-01-10,2,Valladolid,Valencia,0,1,0,0
4371,2020,46,2021-01-10,3,Fiorentina,Cagliari,1,0,0,0
4372,2020,46,2021-01-10,3,Juventus,Sassuolo,3,1,0,0
4373,2020,46,2021-01-10,3,Parma,Lazio,0,2,0,0
4374,2020,46,2021-01-10,3,Roma,Inter,2,2,1,0
4375,2020,46,2021-01-10,3,Udinese,Napoli,1,2,1,1
4376,2020,46,2021-01-10,3,Verona,Crotone,2,1,2,0
4377,2020,44,2021-01-10,4,Augsburg,Stuttgart,1,4,0,2
4378,2020,44,2021-01-10,4,Bielefeld,Hertha,1,0,0,0
4379,2020,58,2021-01-11,2,Elche,Getafe,1,3,1,1
4380,2020,58,2021-01-11,2,Huesca,Betis,0,2,0,0
4381,2020,47,2021-01-11,3,Spezia,Sampdoria,2,1,1,1
4382,2020,54,2021-01-12,1,Burnley,Man United,0,1,0,0
4383,2020,54,2021-01-12,1,Sheffield United,Newcastle,1,0,0,0
4384,2020,54,2021-01-12,1,Wolves,Everton,1,2,1,1
4385,2020,59,2021-01-12,2,Ath Madrid,Sevilla,2,0,1,0
4386,2020,59,2021-01-12,2,Granada,Osasuna,2,0,2,0
4387,2020,55,2021-01-13,1,Man City,Brighton,1,0,1,0
4388,2020,55,2021-01-13,1,Tottenham,Fulham,1,1,1,0
4389,2020,56,2021-01-14,1,Arsenal,Crystal Palace,0,0,0,0
4390,2020,48,2021-01-15,3,Lazio,Roma,3,0,2,0
4391,2020,45,2021-01-15,4,Union Berlin,Leverkusen,1,0,0,0
4392,2020,53,2021-01-15,5,Montpellier,Monaco,2,3,0,2
4393,2020,57,2021-01-16,1,Fulham,Chelsea,0,1,0,0
4394,2020,57,2021-01-16,1,Leeds,Brighton,0,1,0,1
4395,2020,57,2021-01-16,1,Leicester,Southampton,2,0,1,0
4396,2020,57,2021-01-16,1,West Ham,Burnley,1,0,1,0
4397,2020,57,2021-01-16,1,Wolves,West Brom,2,3,2,1
4398,2020,49,2021-01-16,3,Bologna,Verona,1,0,1,0
4399,2020,49,2021-01-16,3,Sampdoria,Udinese,2,1,0,0
4400,2020,49,2021-01-16,3,Torino,Spezia,0,0,0,0
4401,2020,46,2021-01-16,4,Dortmund,Mainz,1,1,0,0
4402,2020,46,2021-01-16,4,FC Koln,Hertha,0,0,0,0
4403,2020,46,2021-01-16,4,Hoffenheim,Bielefeld,0,0,0,0
4404,2020,46,2021-01-16,4,Stuttgart,M'gladbach,2,2,0,1
4405,2020,46,2021-01-16,4,Werder Bremen,Augsburg,2,0,0,0
4406,2020,46,2021-01-16,4,Wolfsburg,RB Leipzig,2,2,2,1
4407,2020,54,2021-01-16,5,Angers,Paris SG,0,1,0,0
4408,2020,54,2021-01-16,5,Marseille,Nimes,1,2,0,0
4409,2020,58,2021-01-17,1,Liverpool,Man United,0,0,0,0
4410,2020,58,2021-01-17,1,Man City,Crystal Palace,4,0,1,0
4411,2020,58,2021-01-17,1,Sheffield United,Tottenham,1,3,0,2
4412,2020,50,2021-01-17,3,Atalanta,Genoa,0,0,0,0
4413,2020,50,2021-01-17,3,Crotone,Benevento,4,1,2,0
4414,2020,50,2021-01-17,3,Inter,Juventus,2,0,1,0
4415,2020,50,2021-01-17,3,Napoli,Fiorentina,6,0,4,0
4416,2020,50,2021-01-17,3,Sassuolo,Parma,1,1,0,1
4417,2020,47,2021-01-17,4,Bayern Munich,Freiburg,2,1,1,0
4418,2020,47,2021-01-17,4,Ein Frankfurt,Schalke 04,3,1,1,1
4419,2020,55,2021-01-17,5,Brest,Rennes,1,2,1,1
4420,2020,55,2021-01-17,5,Lille,Reims,2,1,0,1
4421,2020,55,2021-01-17,5,Lyon,Metz,0,1,0,0
4422,2020,55,2021-01-17,5,Nantes,Lens,1,1,1,0
4423,2020,55,2021-01-17,5,Nice,Bordeaux,0,3,0,0
4424,2020,55,2021-01-17,5,Strasbourg,St Etienne,1,0,1,0
4425,2020,59,2021-01-18,1,Arsenal,Newcastle,3,0,0,0
4426,2020,51,2021-01-18,3,Cagliari,Milan,0,2,0,1
4427,2020,60,2021-01-19,1,Leicester,Chelsea,2,0,2,0
4428,2020,60,2021-01-19,1,West Ham,West Brom,2,1,1,0
4429,2020,60,2021-01-19,2,Alaves,Sevilla,1,2,1,2
4430,2020,60,2021-01-19,2,Cadiz,Levante,2,2,2,2
4431,2020,60,2021-01-19,2,Valladolid,Elche,2,2,0,2
4432,2020,48,2021-01-19,4,Hertha,Hoffenheim,0,3,0,1
4433,2020,48,2021-01-19,4,Leverkusen,Dortmund,2,1,1,0
4434,2020,48,2021-01-19,4,M'gladbach,Werder Bremen,1,0,0,0
4435,2020,48,2021-01-19,4,Mainz,Wolfsburg,0,2,0,0
4436,2020,61,2021-01-20,1,Fulham,Man United,1,2,1,1
4437,2020,61,2021-01-20,1,Man City,Aston Villa,2,0,0,0
4438,2020,61,2021-01-20,2,Betis,Celta,2,1,2,1
4439,2020,61,2021-01-20,2,Getafe,Huesca,1,0,0,0
4440,2020,61,2021-01-20,2,Villarreal,Granada,2,2,1,1
4441,2020,52,2021-01-20,3,Udinese,Atalanta,1,1,1,1
4442,2020,49,2021-01-20,4,Augsburg,Bayern Munich,0,1,0,1
4443,2020,49,2021-01-20,4,Bielefeld,Stuttgart,3,0,1,0
4444,2020,49,2021-01-20,4,Freiburg,Ein Frankfurt,2,2,1,1
4445,2020,49,2021-01-20,4,RB Leipzig,Union Berlin,1,0,0,0
4446,2020,49,2021-01-20,4,Schalke 04,FC Koln,1,2,0,1
4447,2020,56,2021-01-20,5,Marseille,Lens,0,1,0,0
4448,2020,62,2021-01-21,1,Liverpool,Burnley,0,1,0,0
4449,2020,62,2021-01-21,2,Eibar,Ath Madrid,1,2,1,1
4450,2020,62,2021-01-21,2,Valencia,Osasuna,1,1,0,1
4451,2020,63,2021-01-22,2,Levante,Valladolid,2,2,0,0
4452,2020,53,2021-01-22,3,Benevento,Torino,2,2,1,0
4453,2020,50,2021-01-22,4,M'gladbach,Dortmund,4,2,2,2
4454,2020,57,2021-01-22,5,Paris SG,Montpellier,4,0,1,0
4455,2020,63,2021-01-23,1,Aston Villa,Newcastle,2,0,2,0
4456,2020,64,2021-01-23,2,Alaves,Real Madrid,1,4,0,3
4457,2020,64,2021-01-23,2,Huesca,Villarreal,0,0,0,0
4458,2020,64,2021-01-23,2,Sevilla,Cadiz,3,0,2,0
4459,2020,64,2021-01-23,2,Sociedad,Betis,2,2,0,0
4460,2020,54,2021-01-23,3,Fiorentina,Crotone,2,1,2,0
4461,2020,54,2021-01-23,3,Milan,Atalanta,0,3,0,1
4462,2020,54,2021-01-23,3,Roma,Spezia,4,3,1,1
4463,2020,54,2021-01-23,3,Udinese,Inter,0,0,0,0
4464,2020,51,2021-01-23,4,Augsburg,Union Berlin,2,1,1,1
4465,2020,51,2021-01-23,4,Bielefeld,Ein Frankfurt,1,5,1,3
4466,2020,51,2021-01-23,4,Freiburg,Stuttgart,2,1,2,1
4467,2020,51,2021-01-23,4,Hertha,Werder Bremen,1,4,1,2
4468,2020,51,2021-01-23,4,Leverkusen,Wolfsburg,0,1,0,1
4469,2020,51,2021-01-23,4,Mainz,RB Leipzig,3,2,2,2
4470,2020,58,2021-01-23,5,Lens,Nice,0,1,0,0
4471,2020,58,2021-01-23,5,Monaco,Marseille,3,1,0,1
4472,2020,65,2021-01-24,2,Ath Madrid,Valencia,3,1,1,1
4473,2020,65,2021-01-24,2,Celta,Eibar,1,1,1,0
4474,2020,65,2021-01-24,2,Elche,Barcelona,0,2,0,1
4475,2020,65,2021-01-24,2,Osasuna,Granada,3,1,2,0
4476,2020,55,2021-01-24,3,Genoa,Cagliari,1,0,1,0
4477,2020,55,2021-01-24,3,Juventus,Bologna,2,0,1,0
4478,2020,55,2021-01-24,3,Lazio,Sassuolo,2,1,1,1
4479,2020,55,2021-01-24,3,Parma,Sampdoria,0,2,0,2
4480,2020,55,2021-01-24,3,Verona,Napoli,3,1,1,1
4481,2020,52,2021-01-24,4,Hoffenheim,FC Koln,3,0,2,0
4482,2020,52,2021-01-24,4,Schalke 04,Bayern Munich,0,4,0,1
4483,2020,59,2021-01-24,5,Bordeaux,Angers,2,1,2,1
4484,2020,59,2021-01-24,5,Dijon,Strasbourg,1,1,0,0
4485,2020,59,2021-01-24,5,Metz,Nantes,2,0,1,0
4486,2020,59,2021-01-24,5,Reims,Brest,1,0,1,0
4487,2020,59,2021-01-24,5,Rennes,Lille,0,1,0,1
4488,2020,59,2021-01-24,5,St Etienne,Lyon,0,5,0,2
4489,2020,66,2021-01-25,2,Ath Bilbao,Getafe,5,1,1,1
4490,2020,64,2021-01-26,1,Crystal Palace,West Ham,2,3,1,2
4491,2020,64,2021-01-26,1,Newcastle,Leeds,1,2,0,1
4492,2020,64,2021-01-26,1,Southampton,Arsenal,1,3,1,2
4493,2020,64,2021-01-26,1,West Brom,Man City,0,5,0,4
4494,2020,65,2021-01-27,1,Brighton,Fulham,0,0,0,0
4495,2020,65,2021-01-27,1,Burnley,Aston Villa,3,2,0,1
4496,2020,65,2021-01-27,1,Chelsea,Wolves,0,0,0,0
4497,2020,65,2021-01-27,1,Everton,Leicester,1,1,1,0
4498,2020,65,2021-01-27,1,Man United,Sheffield United,1,2,0,1
4499,2020,60,2021-01-27,5,Lorient,Dijon,3,2,1,2
4500,2020,66,2021-01-28,1,Tottenham,Liverpool,1,3,0,1
4501,2020,67,2021-01-29,2,Valladolid,Huesca,1,3,0,1
4502,2020,56,2021-01-29,3,Torino,Fiorentina,1,1,0,0
4503,2020,53,2021-01-29,4,Stuttgart,Mainz,2,0,0,0
4504,2020,61,2021-01-29,5,Lyon,Bordeaux,2,1,1,0
4505,2020,67,2021-01-30,1,Arsenal,Man United,0,0,0,0
4506,2020,67,2021-01-30,1,Crystal Palace,Wolves,1,0,0,0
4507,2020,67,2021-01-30,1,Everton,Newcastle,0,2,0,0
4508,2020,67,2021-01-30,1,Man City,Sheffield United,1,0,1,0
4509,2020,67,2021-01-30,1,Southampton,Aston Villa,0,1,0,1
4510,2020,67,2021-01-30,1,West Brom,Fulham,2,2,0,1
4511,2020,68,2021-01-30,2,Eibar,Sevilla,0,2,0,1
4512,2020,68,2021-01-30,2,Real Madrid,Levante,1,2,1,1
4513,2020,68,2021-01-30,2,Valencia,Elche,1,0,1,0
4514,2020,68,2021-01-30,2,Villarreal,Sociedad,1,1,1,0
4515,2020,57,2021-01-30,3,Bologna,Milan,1,2,0,1
4516,2020,57,2021-01-30,3,Inter,Benevento,4,0,1,0
4517,2020,57,2021-01-30,3,Sampdoria,Juventus,0,2,0,1
4518,2020,54,2021-01-30,4,Bayern Munich,Hoffenheim,4,1,2,1
4519,2020,54,2021-01-30,4,Dortmund,Augsburg,3,1,1,1
4520,2020,54,2021-01-30,4,Ein Frankfurt,Hertha,3,1,0,0
4521,2020,54,2021-01-30,4,RB Leipzig,Leverkusen,1,0,0,0
4522,2020,54,2021-01-30,4,Union Berlin,M'gladbach,1,1,1,0
4523,2020,54,2021-01-30,4,Werder Bremen,Schalke 04,1,1,0,1
4524,2020,62,2021-01-30,5,Montpellier,Lens,1,2,0,1
4525,2020,68,2021-01-31,1,Brighton,Tottenham,1,0,1,0
4526,2020,68,2021-01-31,1,Chelsea,Burnley,2,0,1,0
4527,2020,68,2021-01-31,1,Leicester,Leeds,1,3,1,1
4528,2020,68,2021-01-31,1,West Ham,Liverpool,1,3,0,0
4529,2020,69,2021-01-31,2,Barcelona,Ath Bilbao,2,1,1,0
4530,2020,69,2021-01-31,2,Cadiz,Ath Madrid,2,4,1,2
4531,2020,69,2021-01-31,2,Getafe,Alaves,0,0,0,0
4532,2020,69,2021-01-31,2,Granada,Celta,0,0,0,0
4533,2020,58,2021-01-31,3,Atalanta,Lazio,1,3,0,1
4534,2020,58,2021-01-31,3,Cagliari,Sassuolo,1,1,0,0
4535,2020,58,2021-01-31,3,Crotone,Genoa,0,3,0,2
4536,2020,58,2021-01-31,3,Napoli,Parma,2,0,1,0
4537,2020,58,2021-01-31,3,Roma,Verona,3,1,3,0
4538,2020,58,2021-01-31,3,Spezia,Udinese,0,1,0,0
4539,2020,55,2021-01-31,4,FC Koln,Bielefeld,3,1,2,0
4540,2020,55,2021-01-31,4,Wolfsburg,Freiburg,3,0,2,0
4541,2020,63,2021-01-31,5,Angers,Nimes,3,1,2,1
4542,2020,63,2021-01-31,5,Brest,Metz,2,4,1,1
4543,2020,63,2021-01-31,5,Lille,Dijon,1,0,1,0
4544,2020,63,2021-01-31,5,Lorient,Paris SG,3,2,1,1
4545,2020,63,2021-01-31,5,Nantes,Monaco,1,2,0,1
4546,2020,63,2021-01-31,5,Nice,St Etienne,0,1,0,0
4547,2020,63,2021-01-31,5,Strasbourg,Reims,0,1,0,0
4548,2020,70,2021-02-01,2,Betis,Osasuna,1,0,0,0
4549,2020,69,2021-02-02,1,Man United,Southampton,9,0,4,0
4550,2020,69,2021-02-02,1,Newcastle,Crystal Palace,1,2,1,2
4551,2020,69,2021-02-02,1,Sheffield United,West Brom,2,1,0,1
4552,2020,69,2021-02-02,1,Wolves,Arsenal,2,1,1,1
4553,2020,70,2021-02-03,1,Aston Villa,West Ham,1,3,0,0
4554,2020,70,2021-02-03,1,Burnley,Man City,0,2,0,2
4555,2020,70,2021-02-03,1,Fulham,Leicester,0,2,0,2
4556,2020,70,2021-02-03,1,Leeds,Everton,1,2,0,2
4557,2020,70,2021-02-03,1,Liverpool,Brighton,0,1,0,0
4558,2020,64,2021-02-03,5,Bordeaux,Lille,0,3,0,0
4559,2020,64,2021-02-03,5,Dijon,Lyon,0,1,0,1
4560,2020,64,2021-02-03,5,Lens,Marseille,2,2,0,2
4561,2020,64,2021-02-03,5,Metz,Montpellier,1,1,0,0
4562,2020,64,2021-02-03,5,Monaco,Nice,2,1,1,0
4563,2020,64,2021-02-03,5,Paris SG,Nimes,3,0,2,0
4564,2020,64,2021-02-03,5,Reims,Angers,0,0,0,0
4565,2020,64,2021-02-03,5,Rennes,Lorient,1,1,1,0
4566,2020,64,2021-02-03,5,St Etienne,Nantes,1,1,0,1
4567,2020,64,2021-02-03,5,Strasbourg,Brest,2,2,1,0
4568,2020,71,2021-02-04,1,Tottenham,Chelsea,0,1,0,1
4569,2020,71,2021-02-05,2,Alaves,Valladolid,1,0,0,0
4570,2020,59,2021-02-05,3,Fiorentina,Inter,0,2,0,1
4571,2020,56,2021-02-05,4,Hertha,Bayern Munich,0,1,0,1
4572,2020,72,2021-02-06,1,Aston Villa,Arsenal,1,0,1,0
4573,2020,72,2021-02-06,1,Burnley,Brighton,1,1,0,1
4574,2020,72,2021-02-06,1,Fulham,West Ham,0,0,0,0
4575,2020,72,2021-02-06,1,Man United,Everton,3,3,2,0
4576,2020,72,2021-02-06,1,Newcastle,Southampton,3,2,3,1
4577,2020,72,2021-02-06,2,Elche,Villarreal,2,2,0,2
4578,2020,72,2021-02-06,2,Huesca,Real Madrid,1,2,0,0
4579,2020,72,2021-02-06,2,Levante,Granada,2,2,1,1
4580,2020,72,2021-02-06,2,Sevilla,Getafe,3,0,0,0
4581,2020,60,2021-02-06,3,Atalanta,Torino,3,3,3,2
4582,2020,60,2021-02-06,3,Genoa,Napoli,2,1,2,0
4583,2020,60,2021-02-06,3,Juventus,Roma,2,0,1,0
4584,2020,60,2021-02-06,3,Sassuolo,Spezia,1,2,1,1
4585,2020,57,2021-02-06,4,Augsburg,Wolfsburg,0,2,0,1
4586,2020,57,2021-02-06,4,Freiburg,Dortmund,2,1,0,0
4587,2020,57,2021-02-06,4,Leverkusen,Stuttgart,5,2,2,0
4588,2020,57,2021-02-06,4,M'gladbach,FC Koln,1,2,1,1
4589,2020,57,2021-02-06,4,Mainz,Union Berlin,1,0,1,0
4590,2020,57,2021-02-06,4,Schalke 04,RB Leipzig,0,3,0,1
4591,2020,65,2021-02-06,5,Lens,Rennes,0,0,0,0
4592,2020,65,2021-02-06,5,Lorient,Reims,1,0,0,0
4593,2020,65,2021-02-06,5,Lyon,Strasbourg,3,0,2,0
4594,2020,73,2021-02-07,1,Liverpool,Man City,1,4,0,0
4595,2020,73,2021-02-07,1,Sheffield United,Chelsea,1,2,0,1
4596,2020,73,2021-02-07,1,Tottenham,West Brom,2,0,0,0
4597,2020,73,2021-02-07,1,Wolves,Leicester,0,0,0,0
4598,2020,73,2021-02-07,2,Ath Bilbao,Valencia,1,1,1,0
4599,2020,73,2021-02-07,2,Betis,Barcelona,2,3,1,0
4600,2020,73,2021-02-07,2,Osasuna,Eibar,2,1,1,1
4601,2020,73,2021-02-07,2,Sociedad,Cadiz,4,1,2,0
4602,2020,61,2021-02-07,3,Benevento,Sampdoria,1,1,0,0
4603,2020,61,2021-02-07,3,Lazio,Cagliari,1,0,0,0
4604,2020,61,2021-02-07,3,Milan,Crotone,4,0,1,0
4605,2020,61,2021-02-07,3,Parma,Bologna,0,3,0,2
4606,2020,61,2021-02-07,3,Udinese,Verona,2,0,0,0
4607,2020,58,2021-02-07,4,Hoffenheim,Ein Frankfurt,1,3,0,1
4608,2020,66,2021-02-07,5,Brest,Bordeaux,2,1,0,0
4609,2020,66,2021-02-07,5,Marseille,Paris SG,0,2,0,2
4610,2020,66,2021-02-07,5,Montpellier,Dijon,4,2,0,1
4611,2020,66,2021-02-07,5,Nantes,Lille,0,2,0,1
4612,2020,66,2021-02-07,5,Nice,Angers,3,0,2,0
4613,2020,66,2021-02-07,5,Nimes,Monaco,3,4,2,2
4614,2020,66,2021-02-07,5,St Etienne,Metz,1,0,1,0
4615,2020,74,2021-02-08,1,Leeds,Crystal Palace,2,0,1,0
4616,2020,74,2021-02-08,2,Ath Madrid,Celta,2,2,1,1
4617,2020,75,2021-02-09,2,Real Madrid,Getafe,2,0,0,0
4618,2020,76,2021-02-12,2,Celta,Elche,3,1,2,0
4619,2020,62,2021-02-12,3,Bologna,Benevento,1,1,1,0
4620,2020,59,2021-02-12,4,RB Leipzig,Augsburg,2,1,2,0
4621,2020,75,2021-02-13,1,Brighton,Aston Villa,0,0,0,0
4622,2020,75,2021-02-13,1,Crystal Palace,Burnley,0,3,0,2
4623,2020,75,2021-02-13,1,Leicester,Liverpool,3,1,0,0
4624,2020,75,2021-02-13,1,Man City,Tottenham,3,0,1,0
4625,2020,77,2021-02-13,2,Barcelona,Alaves,5,1,2,0
4626,2020,77,2021-02-13,2,Eibar,Valladolid,1,1,1,1
4627,2020,77,2021-02-13,2,Granada,Ath Madrid,1,2,0,0
4628,2020,77,2021-02-13,2,Sevilla,Huesca,1,0,0,0
4629,2020,63,2021-02-13,3,Napoli,Juventus,1,0,1,0
4630,2020,63,2021-02-13,3,Spezia,Milan,2,0,0,0
4631,2020,63,2021-02-13,3,Torino,Genoa,0,0,0,0
4632,2020,60,2021-02-13,4,Dortmund,Hoffenheim,2,2,1,1
4633,2020,60,2021-02-13,4,Leverkusen,Mainz,2,2,1,0
4634,2020,60,2021-02-13,4,Stuttgart,Hertha,1,1,1,0
4635,2020,60,2021-02-13,4,Union Berlin,Schalke 04,0,0,0,0
4636,2020,60,2021-02-13,4,Werder Bremen,Freiburg,0,0,0,0
4637,2020,67,2021-02-13,5,Lyon,Montpellier,1,2,1,1
4638,2020,67,2021-02-13,5,Paris SG,Nice,2,1,1,0
4639,2020,67,2021-02-13,5,Reims,Lens,1,1,1,0
4640,2020,76,2021-02-14,1,Arsenal,Leeds,4,2,3,0
4641,2020,76,2021-02-14,1,Everton,Fulham,0,2,0,0
4642,2020,76,2021-02-14,1,Southampton,Wolves,1,2,1,0
4643,2020,76,2021-02-14,1,West Brom,Man United,1,1,1,1
4644,2020,78,2021-02-14,2,Getafe,Sociedad,0,1,0,1
4645,2020,78,2021-02-14,2,Levante,Osasuna,0,1,0,0
4646,2020,78,2021-02-14,2,Real Madrid,Valencia,2,0,2,0
4647,2020,78,2021-02-14,2,Villarreal,Betis,1,2,0,1
4648,2020,64,2021-02-14,3,Cagliari,Atalanta,0,1,0,0
4649,2020,64,2021-02-14,3,Crotone,Sassuolo,1,2,1,1
4650,2020,64,2021-02-14,3,Inter,Lazio,3,1,2,0
4651,2020,64,2021-02-14,3,Roma,Udinese,3,0,2,0
4652,2020,64,2021-02-14,3,Sampdoria,Fiorentina,2,1,1,1
4653,2020,61,2021-02-14,4,Ein Frankfurt,FC Koln,2,0,0,0
4654,2020,61,2021-02-14,4,Wolfsburg,M'gladbach,0,0,0,0
4655,2020,68,2021-02-14,5,Angers,Nantes,1,3,1,2
4656,2020,68,2021-02-14,5,Bordeaux,Marseille,0,0,0,0
4657,2020,68,2021-02-14,5,Dijon,Nimes,0,2,0,0
4658,2020,68,2021-02-14,5,Lille,Brest,0,0,0,0
4659,2020,68,2021-02-14,5,Metz,Strasbourg,1,2,1,1
4660,2020,68,2021-02-14,5,Monaco,Lorient,2,2,0,1
4661,2020,68,2021-02-14,5,Rennes,St Etienne,0,2,0,1
4662,2020,77,2021-02-15,1,Chelsea,Newcastle,2,0,2,0
4663,2020,77,2021-02-15,1,West Ham,Sheffield United,3,0,1,0
4664,2020,79,2021-02-15,2,Cadiz,Ath Bilbao,0,4,0,3
4665,2020,65,2021-02-15,3,Verona,Parma,2,1,1,1
4666,2020,62,2021-02-15,4,Bayern Munich,Bielefeld,3,3,0,2
4667,2020,78,2021-02-17,1,Burnley,Fulham,1,1,0,0
4668,2020,78,2021-02-17,1,Everton,Man City,1,3,1,1
4669,2020,80,2021-02-17,2,Levante,Ath Madrid,1,1,1,1
4670,2020,69,2021-02-17,5,Marseille,Nice,3,2,2,0
4671,2020,79,2021-02-19,1,Wolves,Leeds,1,0,0,0
4672,2020,81,2021-02-19,2,Betis,Getafe,1,0,0,0
4673,2020,66,2021-02-19,3,Cagliari,Torino,0,1,0,0
4674,2020,66,2021-02-19,3,Fiorentina,Spezia,3,0,0,0
4675,2020,63,2021-02-19,4,Bielefeld,Wolfsburg,0,3,0,1
4676,2020,70,2021-02-19,5,Brest,Lyon,2,3,0,3
4677,2020,80,2021-02-20,1,Burnley,West Brom,0,0,0,0
4678,2020,80,2021-02-20,1,Fulham,Sheffield United,1,0,0,0
4679,2020,80,2021-02-20,1,Liverpool,Everton,0,2,0,1
4680,2020,80,2021-02-20,1,Southampton,Chelsea,1,1,1,0
4681,2020,82,2021-02-20,2,Ath Madrid,Levante,0,2,0,1
4682,2020,82,2021-02-20,2,Elche,Eibar,1,0,1,0
4683,2020,82,2021-02-20,2,Valencia,Celta,2,0,0,0
4684,2020,82,2021-02-20,2,Valladolid,Real Madrid,0,1,0,0
4685,2020,67,2021-02-20,3,Genoa,Verona,2,2,0,1
4686,2020,67,2021-02-20,3,Lazio,Sampdoria,1,0,1,0
4687,2020,67,2021-02-20,3,Sassuolo,Bologna,1,1,0,1
4688,2020,64,2021-02-20,4,Ein Frankfurt,Bayern Munich,2,1,2,0
4689,2020,64,2021-02-20,4,FC Koln,Stuttgart,0,1,0,0
4690,2020,64,2021-02-20,4,Freiburg,Union Berlin,0,1,0,0
4691,2020,64,2021-02-20,4,M'gladbach,Mainz,1,2,1,1
4692,2020,64,2021-02-20,4,Schalke 04,Dortmund,0,4,0,2
4693,2020,71,2021-02-20,5,Nantes,Marseille,1,1,0,0
4694,2020,71,2021-02-20,5,St Etienne,Reims,1,1,0,0
4695,2020,81,2021-02-21,1,Arsenal,Man City,0,1,0,1
4696,2020,81,2021-02-21,1,Aston Villa,Leicester,1,2,0,2
4697,2020,81,2021-02-21,1,Man United,Newcastle,3,1,1,1
4698,2020,81,2021-02-21,1,West Ham,Tottenham,2,1,1,0
4699,2020,83,2021-02-21,2,Ath Bilbao,Villarreal,1,1,1,1
4700,2020,83,2021-02-21,2,Barcelona,Cadiz,1,1,1,0
4701,2020,83,2021-02-21,2,Huesca,Granada,3,2,3,1
4702,2020,83,2021-02-21,2,Sociedad,Alaves,4,0,1,0
4703,2020,68,2021-02-21,3,Atalanta,Napoli,4,2,0,0
4704,2020,68,2021-02-21,3,Benevento,Roma,0,0,0,0
4705,2020,68,2021-02-21,3,Milan,Inter,0,3,0,1
4706,2020,68,2021-02-21,3,Parma,Udinese,2,2,2,0
4707,2020,65,2021-02-21,4,Augsburg,Leverkusen,1,1,1,0
4708,2020,65,2021-02-21,4,Hertha,RB Leipzig,0,3,0,1
4709,2020,65,2021-02-21,4,Hoffenheim,Werder Bremen,4,0,2,0
4710,2020,72,2021-02-21,5,Lens,Dijon,2,1,1,0
4711,2020,72,2021-02-21,5,Lorient,Lille,1,4,1,2
4712,2020,72,2021-02-21,5,Montpellier,Rennes,2,1,2,0
4713,2020,72,2021-02-21,5,Nice,Metz,1,2,0,2
4714,2020,72,2021-02-21,5,Nimes,Bordeaux,2,0,1,0
4715,2020,72,2021-02-21,5,Paris SG,Monaco,0,2,0,1
4716,2020,72,2021-02-21,5,Strasbourg,Angers,0,0,0,0
4717,2020,82,2021-02-22,1,Brighton,Crystal Palace,1,2,0,1
4718,2020,84,2021-02-22,2,Osasuna,Sevilla,0,2,0,1
4719,2020,69,2021-02-22,3,Juventus,Crotone,3,0,2,0
4720,2020,83,2021-02-23,1,Leeds,Southampton,3,0,0,0
4721,2020,85,2021-02-24,2,Barcelona,Elche,3,0,0,0
4722,2020,73,2021-02-24,5,Nimes,Lorient,1,0,0,0
4723,2020,86,2021-02-26,2,Levante,Ath Bilbao,1,1,1,0
4724,2020,66,2021-02-26,4,Werder Bremen,Ein Frankfurt,2,1,0,1
4725,2020,74,2021-02-26,5,Rennes,Nice,1,2,1,1
4726,2020,84,2021-02-27,1,Leeds,Aston Villa,0,1,0,1
4727,2020,84,2021-02-27,1,Man City,West Ham,2,1,1,1
4728,2020,84,2021-02-27,1,Newcastle,Wolves,1,1,0,0
4729,2020,84,2021-02-27,1,West Brom,Brighton,1,0,1,0
4730,2020,87,2021-02-27,2,Alaves,Osasuna,0,1,0,0
4731,2020,87,2021-02-27,2,Eibar,Huesca,1,1,0,0
4732,2020,87,2021-02-27,2,Getafe,Valencia,3,0,1,0
4733,2020,87,2021-02-27,2,Sevilla,Barcelona,0,2,0,1
4734,2020,70,2021-02-27,3,Bologna,Lazio,2,0,1,0
4735,2020,70,2021-02-27,3,Spezia,Parma,2,2,0,2
4736,2020,70,2021-02-27,3,Verona,Juventus,1,1,0,0
4737,2020,67,2021-02-27,4,Bayern Munich,FC Koln,5,1,2,0
4738,2020,67,2021-02-27,4,Dortmund,Bielefeld,3,0,0,0
4739,2020,67,2021-02-27,4,RB Leipzig,M'gladbach,3,2,0,2
4740,2020,67,2021-02-27,4,Stuttgart,Schalke 04,5,1,3,1
4741,2020,67,2021-02-27,4,Wolfsburg,Hertha,2,0,1,0
4742,2020,75,2021-02-27,5,Bordeaux,Metz,1,2,1,0
4743,2020,75,2021-02-27,5,Dijon,Paris SG,0,4,0,2
4744,2020,85,2021-02-28,1,Chelsea,Man United,0,0,0,0
4745,2020,85,2021-02-28,1,Crystal Palace,Fulham,0,0,0,0
4746,2020,85,2021-02-28,1,Leicester,Arsenal,1,3,1,2
4747,2020,85,2021-02-28,1,Sheffield United,Liverpool,0,2,0,0
4748,2020,85,2021-02-28,1,Tottenham,Burnley,4,0,3,0
4749,2020,88,2021-02-28,2,Cadiz,Betis,0,1,0,0
4750,2020,88,2021-02-28,2,Celta,Valladolid,1,1,0,0
4751,2020,88,2021-02-28,2,Granada,Elche,2,1,1,1
4752,2020,88,2021-02-28,2,Villarreal,Ath Madrid,0,2,0,1
4753,2020,71,2021-02-28,3,Crotone,Cagliari,0,2,0,0
4754,2020,71,2021-02-28,3,Inter,Genoa,3,0,1,0
4755,2020,71,2021-02-28,3,Napoli,Benevento,2,0,1,0
4756,2020,71,2021-02-28,3,Roma,Milan,1,2,0,1
4757,2020,71,2021-02-28,3,Sampdoria,Atalanta,0,2,0,1
4758,2020,71,2021-02-28,3,Udinese,Fiorentina,1,0,0,0
4759,2020,68,2021-02-28,4,Leverkusen,Freiburg,1,2,0,0
4760,2020,68,2021-02-28,4,Mainz,Augsburg,0,1,0,1
4761,2020,68,2021-02-28,4,Union Berlin,Hoffenheim,1,1,1,1
4762,2020,76,2021-02-28,5,Angers,Lens,2,2,2,1
4763,2020,76,2021-02-28,5,Lille,Strasbourg,1,1,0,1
4764,2020,76,2021-02-28,5,Lorient,St Etienne,2,1,0,1
4765,2020,76,2021-02-28,5,Marseille,Lyon,1,1,1,1
4766,2020,76,2021-02-28,5,Monaco,Brest,2,0,0,0
4767,2020,76,2021-02-28,5,Nimes,Nantes,1,1,0,1
4768,2020,76,2021-02-28,5,Reims,Montpellier,0,0,0,0
4769,2020,86,2021-03-01,1,Everton,Southampton,1,0,1,0
4770,2020,89,2021-03-01,2,Real Madrid,Sociedad,1,1,0,0
4771,2020,87,2021-03-02,1,Man City,Wolves,4,1,1,0
4772,2020,72,2021-03-02,3,Juventus,Spezia,3,0,0,0
4773,2020,88,2021-03-03,1,Burnley,Leicester,1,1,1,1
4774,2020,88,2021-03-03,1,Crystal Palace,Man United,0,0,0,0
4775,2020,88,2021-03-03,1,Sheffield United,Aston Villa,1,0,1,0
4776,2020,73,2021-03-03,3,Atalanta,Crotone,5,1,1,1
4777,2020,73,2021-03-03,3,Benevento,Verona,0,3,0,2
4778,2020,73,2021-03-03,3,Cagliari,Bologna,1,0,1,0
4779,2020,73,2021-03-03,3,Fiorentina,Roma,1,2,0,0
4780,2020,73,2021-03-03,3,Genoa,Sampdoria,1,1,0,0
4781,2020,73,2021-03-03,3,Milan,Udinese,1,1,0,0
4782,2020,73,2021-03-03,3,Sassuolo,Napoli,3,3,2,1
4783,2020,77,2021-03-03,5,Bordeaux,Paris SG,0,1,0,1
4784,2020,77,2021-03-03,5,Brest,Dijon,3,1,3,1
4785,2020,77,2021-03-03,5,Lille,Marseille,2,0,0,0
4786,2020,77,2021-03-03,5,Lyon,Rennes,1,0,0,0
4787,2020,77,2021-03-03,5,Metz,Angers,0,1,0,1
4788,2020,77,2021-03-03,5,Montpellier,Lorient,1,1,1,1
4789,2020,77,2021-03-03,5,Nantes,Reims,1,2,1,1
4790,2020,77,2021-03-03,5,Nice,Nimes,2,1,1,0
4791,2020,77,2021-03-03,5,St Etienne,Lens,2,3,1,2
4792,2020,77,2021-03-03,5,Strasbourg,Monaco,1,0,0,0
4793,2020,89,2021-03-04,1,Fulham,Tottenham,0,1,0,1
4794,2020,89,2021-03-04,1,Liverpool,Chelsea,0,1,0,1
4795,2020,89,2021-03-04,1,West Brom,Everton,0,1,0,0
4796,2020,74,2021-03-04,3,Parma,Inter,1,2,0,0
4797,2020,90,2021-03-05,2,Valencia,Villarreal,2,1,0,1
4798,2020,69,2021-03-05,4,Schalke 04,Mainz,0,0,0,0
4799,2020,90,2021-03-06,1,Aston Villa,Wolves,0,0,0,0
4800,2020,90,2021-03-06,1,Brighton,Leicester,1,2,1,0
4801,2020,90,2021-03-06,1,Burnley,Arsenal,1,1,1,1
4802,2020,90,2021-03-06,1,Sheffield United,Southampton,0,2,0,1
4803,2020,91,2021-03-06,2,Cadiz,Eibar,1,0,1,0
4804,2020,91,2021-03-06,2,Elche,Sevilla,2,1,0,0
4805,2020,91,2021-03-06,2,Osasuna,Barcelona,0,2,0,1
4806,2020,91,2021-03-06,2,Valladolid,Getafe,2,1,2,1
4807,2020,75,2021-03-06,3,Juventus,Lazio,3,1,1,1
4808,2020,75,2021-03-06,3,Spezia,Benevento,1,1,0,1
4809,2020,75,2021-03-06,3,Udinese,Sassuolo,2,0,1,0
4810,2020,70,2021-03-06,4,Bayern Munich,Dortmund,4,2,2,2
4811,2020,70,2021-03-06,4,Ein Frankfurt,Stuttgart,1,1,0,0
4812,2020,70,2021-03-06,4,Freiburg,RB Leipzig,0,3,0,1
4813,2020,70,2021-03-06,4,Hertha,Augsburg,2,1,0,1
4814,2020,70,2021-03-06,4,Hoffenheim,Wolfsburg,2,1,2,1
4815,2020,70,2021-03-06,4,M'gladbach,Leverkusen,0,1,0,0
4816,2020,91,2021-03-07,1,Liverpool,Fulham,0,1,0,1
4817,2020,91,2021-03-07,1,Man City,Man United,0,2,0,1
4818,2020,91,2021-03-07,1,Tottenham,Crystal Palace,4,1,1,1
4819,2020,91,2021-03-07,1,West Brom,Newcastle,0,0,0,0
4820,2020,92,2021-03-07,2,Ath Bilbao,Granada,2,1,1,0
4821,2020,92,2021-03-07,2,Ath Madrid,Real Madrid,1,1,1,0
4822,2020,92,2021-03-07,2,Huesca,Celta,3,4,2,2
4823,2020,92,2021-03-07,2,Sociedad,Levante,1,0,1,0
4824,2020,76,2021-03-07,3,Crotone,Torino,4,2,1,1
4825,2020,76,2021-03-07,3,Fiorentina,Parma,3,3,2,1
4826,2020,76,2021-03-07,3,Napoli,Bologna,3,1,1,0
4827,2020,76,2021-03-07,3,Roma,Genoa,1,0,1,0
4828,2020,76,2021-03-07,3,Sampdoria,Cagliari,2,2,0,1
4829,2020,76,2021-03-07,3,Verona,Milan,0,2,0,1
4830,2020,71,2021-03-07,4,Bielefeld,Union Berlin,0,0,0,0
4831,2020,71,2021-03-07,4,FC Koln,Werder Bremen,1,1,0,0
4832,2020,92,2021-03-08,1,Chelsea,Everton,2,0,1,0
4833,2020,92,2021-03-08,1,West Ham,Leeds,2,0,2,0
4834,2020,93,2021-03-08,2,Betis,Alaves,3,2,0,2
4835,2020,77,2021-03-08,3,Inter,Atalanta,1,0,0,0
4836,2020,93,2021-03-10,1,Man City,Southampton,5,2,3,1
4837,2020,94,2021-03-10,2,Ath Madrid,Ath Bilbao,2,1,1,1
4838,2020,72,2021-03-10,4,Bielefeld,Werder Bremen,0,2,0,0
4839,2020,78,2021-03-10,5,Marseille,Rennes,1,0,0,0
4840,2020,94,2021-03-12,1,Newcastle,Aston Villa,1,1,0,0
4841,2020,95,2021-03-12,2,Levante,Valencia,1,0,1,0
4842,2020,78,2021-03-12,3,Atalanta,Spezia,3,1,0,0
4843,2020,78,2021-03-12,3,Lazio,Crotone,3,2,2,1
4844,2020,73,2021-03-12,4,Augsburg,M'gladbach,3,1,0,0
4845,2020,79,2021-03-12,5,Reims,Lyon,1,1,1,0
4846,2020,95,2021-03-13,1,Crystal Palace,West Brom,1,0,1,0
4847,2020,95,2021-03-13,1,Everton,Burnley,1,2,1,2
4848,2020,95,2021-03-13,1,Fulham,Man City,0,3,0,0
4849,2020,95,2021-03-13,1,Leeds,Chelsea,0,0,0,0
4850,2020,96,2021-03-13,2,Alaves,Cadiz,1,1,1,0
4851,2020,96,2021-03-13,2,Getafe,Ath Madrid,0,0,0,0
4852,2020,96,2021-03-13,2,Osasuna,Valladolid,0,0,0,0
4853,2020,96,2021-03-13,2,Real Madrid,Elche,2,1,0,0
4854,2020,79,2021-03-13,3,Benevento,Fiorentina,1,4,0,3
4855,2020,79,2021-03-13,3,Genoa,Udinese,1,1,1,1
4856,2020,79,2021-03-13,3,Sassuolo,Verona,3,2,1,1
4857,2020,74,2021-03-13,4,Dortmund,Hertha,2,0,0,0
4858,2020,74,2021-03-13,4,Mainz,Freiburg,1,0,0,0
4859,2020,74,2021-03-13,4,Union Berlin,FC Koln,2,1,0,1
4860,2020,74,2021-03-13,4,Werder Bremen,Bayern Munich,1,3,0,2
4861,2020,74,2021-03-13,4,Wolfsburg,Schalke 04,5,0,1,0
4862,2020,80,2021-03-13,5,Angers,St Etienne,0,1,0,0
4863,2020,80,2021-03-13,5,Marseille,Brest,3,1,1,0
4864,2020,96,2021-03-14,1,Arsenal,Tottenham,2,1,1,1
4865,2020,96,2021-03-14,1,Leicester,Sheffield United,5,0,1,0
4866,2020,96,2021-03-14,1,Man United,West Ham,1,0,0,0
4867,2020,96,2021-03-14,1,Southampton,Brighton,1,2,1,1
4868,2020,97,2021-03-14,2,Celta,Ath Bilbao,0,0,0,0
4869,2020,97,2021-03-14,2,Eibar,Villarreal,1,3,0,2
4870,2020,97,2021-03-14,2,Granada,Sociedad,1,0,0,0
4871,2020,97,2021-03-14,2,Sevilla,Betis,1,0,1,0
4872,2020,80,2021-03-14,3,Bologna,Sampdoria,3,1,2,1
4873,2020,80,2021-03-14,3,Cagliari,Juventus,1,3,0,3
4874,2020,80,2021-03-14,3,Milan,Napoli,0,1,0,0
4875,2020,80,2021-03-14,3,Parma,Roma,2,0,1,0
4876,2020,80,2021-03-14,3,Torino,Inter,1,2,0,0
4877,2020,75,2021-03-14,4,Leverkusen,Bielefeld,1,2,0,1
4878,2020,75,2021-03-14,4,RB Leipzig,Ein Frankfurt,1,1,0,0
4879,2020,75,2021-03-14,4,Stuttgart,Hoffenheim,2,0,1,0
4880,2020,81,2021-03-14,5,Dijon,Bordeaux,1,3,0,2
4881,2020,81,2021-03-14,5,Lens,Metz,2,2,2,1
4882,2020,81,2021-03-14,5,Lorient,Nice,1,1,0,0
4883,2020,81,2021-03-14,5,Monaco,Lille,0,0,0,0
4884,2020,81,2021-03-14,5,Nimes,Montpellier,1,1,0,0
4885,2020,81,2021-03-14,5,Paris SG,Nantes,1,2,1,0
4886,2020,81,2021-03-14,5,Rennes,Strasbourg,1,0,1,0
4887,2020,97,2021-03-15,1,Wolves,Liverpool,0,1,0,1
4888,2020,98,2021-03-15,2,Barcelona,Huesca,4,1,2,1
4889,2020,99,2021-03-17,2,Sevilla,Elche,2,0,1,0
4890,2020,81,2021-03-17,3,Torino,Sassuolo,3,2,0,2
4891,2020,98,2021-03-19,1,Fulham,Leeds,1,2,1,1
4892,2020,100,2021-03-19,2,Betis,Levante,2,0,0,0
4893,2020,82,2021-03-19,3,Parma,Genoa,1,2,1,0
4894,2020,76,2021-03-19,4,Bielefeld,RB Leipzig,0,1,0,0
4895,2020,82,2021-03-19,5,St Etienne,Monaco,0,4,0,1
4896,2020,99,2021-03-20,1,Brighton,Newcastle,3,0,1,0
4897,2020,101,2021-03-20,2,Ath Bilbao,Eibar,1,1,1,1
4898,2020,101,2021-03-20,2,Celta,Real Madrid,1,3,1,2
4899,2020,101,2021-03-20,2,Huesca,Osasuna,0,0,0,0
4900,2020,101,2021-03-20,2,Valladolid,Sevilla,1,1,1,0
4901,2020,83,2021-03-20,3,Crotone,Bologna,2,3,2,0
4902,2020,83,2021-03-20,3,Spezia,Cagliari,2,1,0,0
4903,2020,77,2021-03-20,4,Bayern Munich,Stuttgart,4,0,4,0
4904,2020,77,2021-03-20,4,Ein Frankfurt,Union Berlin,5,2,4,2
4905,2020,77,2021-03-20,4,FC Koln,Dortmund,2,2,1,1
4906,2020,77,2021-03-20,4,Schalke 04,M'gladbach,0,3,0,1
4907,2020,77,2021-03-20,4,Werder Bremen,Wolfsburg,1,2,1,2
4908,2020,83,2021-03-20,5,Metz,Rennes,1,3,0,2
4909,2020,83,2021-03-20,5,Nice,Marseille,3,0,1,0
4910,2020,100,2021-03-21,1,Aston Villa,Tottenham,0,2,0,1
4911,2020,100,2021-03-21,1,West Ham,Arsenal,3,3,3,1
4912,2020,102,2021-03-21,2,Ath Madrid,Alaves,1,0,0,0
4913,2020,102,2021-03-21,2,Getafe,Elche,1,1,0,1
4914,2020,102,2021-03-21,2,Sociedad,Barcelona,1,6,0,2
4915,2020,102,2021-03-21,2,Valencia,Granada,2,1,1,0
4916,2020,102,2021-03-21,2,Villarreal,Cadiz,2,1,1,0
4917,2020,84,2021-03-21,3,Fiorentina,Milan,2,3,1,1
4918,2020,84,2021-03-21,3,Juventus,Benevento,0,1,0,0
4919,2020,84,2021-03-21,3,Roma,Napoli,0,2,0,2
4920,2020,84,2021-03-21,3,Sampdoria,Torino,1,0,1,0
4921,2020,84,2021-03-21,3,Udinese,Lazio,0,1,0,1
4922,2020,84,2021-03-21,3,Verona,Atalanta,0,2,0,2
4923,2020,78,2021-03-21,4,Freiburg,Augsburg,2,0,0,0
4924,2020,78,2021-03-21,4,Hertha,Leverkusen,3,0,3,0
4925,2020,78,2021-03-21,4,Hoffenheim,Mainz,1,2,1,2
4926,2020,84,2021-03-21,5,Brest,Angers,0,0,0,0
4927,2020,84,2021-03-21,5,Dijon,Reims,0,1,0,0
4928,2020,84,2021-03-21,5,Lille,Nimes,1,2,1,2
4929,2020,84,2021-03-21,5,Lyon,Paris SG,2,4,0,2
4930,2020,84,2021-03-21,5,Montpellier,Bordeaux,3,1,1,1
4931,2020,84,2021-03-21,5,Nantes,Lorient,1,1,1,0
4932,2020,84,2021-03-21,5,Strasbourg,Lens,1,2,1,2
4933,2020,103,2021-04-02,2,Levante,Huesca,0,2,0,1
4934,2020,101,2021-04-03,1,Arsenal,Liverpool,0,3,0,0
4935,2020,101,2021-04-03,1,Chelsea,West Brom,2,5,1,2
4936,2020,101,2021-04-03,1,Leeds,Sheffield United,2,1,1,1
4937,2020,101,2021-04-03,1,Leicester,Man City,0,2,0,0
4938,2020,104,2021-04-03,2,Granada,Villarreal,0,3,0,2
4939,2020,104,2021-04-03,2,Osasuna,Getafe,0,0,0,0
4940,2020,104,2021-04-03,2,Real Madrid,Eibar,2,0,1,0
4941,2020,85,2021-04-03,3,Atalanta,Udinese,3,2,2,1
4942,2020,85,2021-04-03,3,Benevento,Parma,2,2,1,0
4943,2020,85,2021-04-03,3,Bologna,Inter,0,1,0,1
4944,2020,85,2021-04-03,3,Cagliari,Verona,0,2,0,0
4945,2020,85,2021-04-03,3,Genoa,Fiorentina,1,1,1,1
4946,2020,85,2021-04-03,3,Lazio,Spezia,2,1,0,0
4947,2020,85,2021-04-03,3,Milan,Sampdoria,1,1,0,0
4948,2020,85,2021-04-03,3,Napoli,Crotone,4,3,3,1
4949,2020,85,2021-04-03,3,Sassuolo,Roma,2,2,0,1
4950,2020,85,2021-04-03,3,Torino,Juventus,2,2,1,1
4951,2020,79,2021-04-03,4,Augsburg,Hoffenheim,2,1,2,0
4952,2020,79,2021-04-03,4,Dortmund,Ein Frankfurt,1,2,1,1
4953,2020,79,2021-04-03,4,Leverkusen,Schalke 04,2,1,1,0
4954,2020,79,2021-04-03,4,M'gladbach,Freiburg,2,1,0,1
4955,2020,79,2021-04-03,4,Mainz,Bielefeld,1,1,0,0
4956,2020,79,2021-04-03,4,RB Leipzig,Bayern Munich,0,1,0,1
4957,2020,79,2021-04-03,4,Wolfsburg,FC Koln,1,0,0,0
4958,2020,85,2021-04-03,5,Lens,Lyon,1,1,0,0
4959,2020,85,2021-04-03,5,Monaco,Metz,4,0,0,0
4960,2020,85,2021-04-03,5,Paris SG,Lille,0,1,0,1
4961,2020,102,2021-04-04,1,Aston Villa,Fulham,3,1,0,0
4962,2020,102,2021-04-04,1,Man United,Brighton,2,1,0,1
4963,2020,102,2021-04-04,1,Newcastle,Tottenham,2,2,1,2
4964,2020,102,2021-04-04,1,Southampton,Burnley,3,2,2,2
4965,2020,105,2021-04-04,2,Alaves,Celta,1,3,0,3
4966,2020,105,2021-04-04,2,Cadiz,Valencia,2,1,1,1
4967,2020,105,2021-04-04,2,Elche,Betis,1,1,1,1
4968,2020,105,2021-04-04,2,Sevilla,Ath Madrid,1,0,0,0
4969,2020,80,2021-04-04,4,Stuttgart,Werder Bremen,1,0,0,0
4970,2020,80,2021-04-04,4,Union Berlin,Hertha,1,1,1,1
4971,2020,86,2021-04-04,5,Angers,Montpellier,1,1,0,0
4972,2020,86,2021-04-04,5,Bordeaux,Strasbourg,2,3,2,3
4973,2020,86,2021-04-04,5,Lorient,Brest,1,0,1,0
4974,2020,86,2021-04-04,5,Marseille,Dijon,2,0,1,0
4975,2020,86,2021-04-04,5,Nantes,Nice,1,2,1,2
4976,2020,86,2021-04-04,5,Nimes,St Etienne,0,2,0,1
4977,2020,86,2021-04-04,5,Reims,Rennes,2,2,0,0
4978,2020,103,2021-04-05,1,Everton,Crystal Palace,1,1,0,0
4979,2020,103,2021-04-05,1,Wolves,West Ham,2,3,1,3
4980,2020,106,2021-04-05,2,Barcelona,Valladolid,1,0,0,0
4981,2020,107,2021-04-07,2,Sociedad,Ath Bilbao,1,1,0,0
4982,2020,86,2021-04-07,3,Inter,Sassuolo,2,1,1,0
4983,2020,86,2021-04-07,3,Juventus,Napoli,2,1,1,0
4984,2020,104,2021-04-09,1,Fulham,Wolves,0,1,0,0
4985,2020,108,2021-04-09,2,Huesca,Elche,3,1,2,1
4986,2020,81,2021-04-09,4,Bielefeld,Freiburg,1,0,0,0
4987,2020,87,2021-04-09,5,Metz,Lille,0,2,0,0
4988,2020,105,2021-04-10,1,Crystal Palace,Chelsea,1,4,0,3
4989,2020,105,2021-04-10,1,Liverpool,Aston Villa,2,1,0,1
4990,2020,105,2021-04-10,1,Man City,Leeds,1,2,0,1
4991,2020,109,2021-04-10,2,Ath Bilbao,Alaves,0,0,0,0
4992,2020,109,2021-04-10,2,Eibar,Levante,0,1,0,1
4993,2020,109,2021-04-10,2,Getafe,Cadiz,0,1,0,0
4994,2020,109,2021-04-10,2,Real Madrid,Barcelona,2,1,2,0
4995,2020,87,2021-04-10,3,Parma,Milan,1,3,0,2
4996,2020,87,2021-04-10,3,Spezia,Crotone,3,2,0,1
4997,2020,87,2021-04-10,3,Udinese,Torino,0,1,0,0
4998,2020,82,2021-04-10,4,Bayern Munich,Union Berlin,1,1,0,0
4999,2020,82,2021-04-10,4,Ein Frankfurt,Wolfsburg,4,3,2,1
5000,2020,82,2021-04-10,4,Hertha,M'gladbach,2,2,1,2
5001,2020,82,2021-04-10,4,Stuttgart,Dortmund,2,3,1,0
5002,2020,82,2021-04-10,4,Werder Bremen,RB Leipzig,1,4,0,3
5003,2020,88,2021-04-10,5,Montpellier,Marseille,3,3,1,2
5004,2020,88,2021-04-10,5,Strasbourg,Paris SG,1,4,0,3
5005,2020,106,2021-04-11,1,Burnley,Newcastle,1,2,1,0
5006,2020,106,2021-04-11,1,Sheffield United,Arsenal,0,3,0,1
5007,2020,106,2021-04-11,1,Tottenham,Man United,1,3,1,0
5008,2020,106,2021-04-11,1,West Ham,Leicester,3,2,2,0
5009,2020,110,2021-04-11,2,Betis,Ath Madrid,1,1,1,1
5010,2020,110,2021-04-11,2,Valencia,Sociedad,2,2,0,2
5011,2020,110,2021-04-11,2,Valladolid,Granada,1,2,1,0
5012,2020,110,2021-04-11,2,Villarreal,Osasuna,1,2,0,0
5013,2020,88,2021-04-11,3,Fiorentina,Atalanta,2,3,0,2
5014,2020,88,2021-04-11,3,Inter,Cagliari,1,0,0,0
5015,2020,88,2021-04-11,3,Juventus,Genoa,3,1,2,0
5016,2020,88,2021-04-11,3,Roma,Bologna,1,0,1,0
5017,2020,88,2021-04-11,3,Sampdoria,Napoli,0,2,0,1
5018,2020,88,2021-04-11,3,Verona,Lazio,0,1,0,0
5019,2020,83,2021-04-11,4,FC Koln,Mainz,2,3,1,1
5020,2020,83,2021-04-11,4,Schalke 04,Augsburg,1,0,1,0
5021,2020,89,2021-04-11,5,Brest,Nimes,1,1,1,1
5022,2020,89,2021-04-11,5,Lens,Lorient,4,1,2,1
5023,2020,89,2021-04-11,5,Lyon,Angers,3,0,2,0
5024,2020,89,2021-04-11,5,Monaco,Dijon,3,0,0,0
5025,2020,89,2021-04-11,5,Nice,Reims,0,0,0,0
5026,2020,89,2021-04-11,5,Rennes,Nantes,1,0,0,0
5027,2020,89,2021-04-11,5,St Etienne,Bordeaux,4,1,2,1
5028,2020,107,2021-04-12,1,Brighton,Everton,0,0,0,0
5029,2020,107,2021-04-12,1,West Brom,Southampton,3,0,2,0
5030,2020,111,2021-04-12,2,Celta,Sevilla,3,4,3,2
5031,2020,89,2021-04-12,3,Benevento,Sassuolo,0,1,0,1
5032,2020,84,2021-04-12,4,Hoffenheim,Leverkusen,0,0,0,0
5033,2020,108,2021-04-16,1,Everton,Tottenham,2,2,1,1
5034,2020,85,2021-04-16,4,RB Leipzig,Hoffenheim,0,0,0,0
5035,2020,90,2021-04-16,5,Lille,Montpellier,1,1,0,1
5036,2020,109,2021-04-17,1,Newcastle,West Ham,3,2,2,0
5037,2020,109,2021-04-17,1,Wolves,Sheffield United,1,0,0,0
5038,2020,90,2021-04-17,3,Cagliari,Parma,4,3,1,2
5039,2020,90,2021-04-17,3,Crotone,Udinese,1,2,0,1
5040,2020,90,2021-04-17,3,Sampdoria,Verona,3,1,0,1
5041,2020,90,2021-04-17,3,Sassuolo,Fiorentina,3,1,0,1
5042,2020,86,2021-04-17,4,Augsburg,Bielefeld,0,0,0,0
5043,2020,86,2021-04-17,4,Freiburg,Schalke 04,4,0,2,0
5044,2020,86,2021-04-17,4,Leverkusen,FC Koln,3,0,1,0
5045,2020,86,2021-04-17,4,M'gladbach,Ein Frankfurt,4,0,1,0
5046,2020,86,2021-04-17,4,Union Berlin,Stuttgart,2,1,2,0
5047,2020,86,2021-04-17,4,Wolfsburg,Bayern Munich,2,3,1,3
5048,2020,91,2021-04-17,5,Angers,Rennes,0,3,0,1
5049,2020,91,2021-04-17,5,Marseille,Lorient,3,2,0,1
5050,2020,110,2021-04-18,1,Arsenal,Fulham,1,1,0,0
5051,2020,110,2021-04-18,1,Man United,Burnley,3,1,0,0
5052,2020,112,2021-04-18,2,Alaves,Huesca,1,0,0,0
5053,2020,112,2021-04-18,2,Ath Madrid,Eibar,5,0,2,0
5054,2020,112,2021-04-18,2,Betis,Valencia,2,2,2,1
5055,2020,112,2021-04-18,2,Cadiz,Celta,0,0,0,0
5056,2020,112,2021-04-18,2,Getafe,Real Madrid,0,0,0,0
5057,2020,112,2021-04-18,2,Levante,Villarreal,1,5,1,2
5058,2020,112,2021-04-18,2,Osasuna,Elche,2,0,1,0
5059,2020,112,2021-04-18,2,Sociedad,Sevilla,1,2,1,2
5060,2020,91,2021-04-18,3,Atalanta,Juventus,1,0,0,0
5061,2020,91,2021-04-18,3,Bologna,Spezia,4,1,2,1
5062,2020,91,2021-04-18,3,Lazio,Benevento,5,3,3,1
5063,2020,91,2021-04-18,3,Milan,Genoa,2,1,1,1
5064,2020,91,2021-04-18,3,Napoli,Inter,1,1,1,0
5065,2020,91,2021-04-18,3,Torino,Roma,3,1,0,1
5066,2020,87,2021-04-18,4,Dortmund,Werder Bremen,4,1,3,1
5067,2020,92,2021-04-18,5,Bordeaux,Monaco,0,3,0,1
5068,2020,92,2021-04-18,5,Brest,Lens,1,1,1,0
5069,2020,92,2021-04-18,5,Dijon,Nice,2,0,0,0
5070,2020,92,2021-04-18,5,Nantes,Lyon,1,2,0,2
5071,2020,92,2021-04-18,5,Nimes,Strasbourg,1,1,0,0
5072,2020,92,2021-04-18,5,Paris SG,St Etienne,3,2,0,0
5073,2020,92,2021-04-18,5,Reims,Metz,0,0,0,0
5074,2020,111,2021-04-19,1,Leeds,Liverpool,1,1,0,1
5075,2020,112,2021-04-20,1,Chelsea,Brighton,0,0,0,0
5076,2020,92,2021-04-20,3,Verona,Fiorentina,1,2,0,1
5077,2020,88,2021-04-20,4,Bayern Munich,Leverkusen,2,0,2,0
5078,2020,88,2021-04-20,4,Bielefeld,Schalke 04,1,0,0,0
5079,2020,88,2021-04-20,4,Ein Frankfurt,Augsburg,2,0,1,0
5080,2020,88,2021-04-20,4,FC Koln,RB Leipzig,2,1,0,0
5081,2020,113,2021-04-21,1,Aston Villa,Man City,1,2,1,2
5082,2020,113,2021-04-21,1,Tottenham,Southampton,2,1,0,1
5083,2020,113,2021-04-21,2,Alaves,Villarreal,2,1,1,0
5084,2020,113,2021-04-21,2,Betis,Ath Bilbao,0,0,0,0
5085,2020,113,2021-04-21,2,Cadiz,Real Madrid,0,3,0,3
5086,2020,113,2021-04-21,2,Elche,Valladolid,1,1,1,0
5087,2020,113,2021-04-21,2,Levante,Sevilla,0,1,0,0
5088,2020,113,2021-04-21,2,Osasuna,Valencia,3,1,2,1
5089,2020,93,2021-04-21,3,Bologna,Torino,1,1,1,0
5090,2020,93,2021-04-21,3,Crotone,Sampdoria,0,1,0,0
5091,2020,93,2021-04-21,3,Genoa,Benevento,2,2,2,2
5092,2020,93,2021-04-21,3,Juventus,Parma,3,1,1,1
5093,2020,93,2021-04-21,3,Milan,Sassuolo,1,2,1,0
5094,2020,93,2021-04-21,3,Spezia,Inter,1,1,1,1
5095,2020,93,2021-04-21,3,Udinese,Cagliari,0,1,0,0
5096,2020,89,2021-04-21,4,Dortmund,Union Berlin,2,0,1,0
5097,2020,89,2021-04-21,4,Hoffenheim,M'gladbach,3,2,0,2
5098,2020,89,2021-04-21,4,Stuttgart,Wolfsburg,1,3,0,2
5099,2020,89,2021-04-21,4,Werder Bremen,Mainz,0,1,0,1
5100,2020,114,2021-04-22,1,Leicester,West Brom,3,0,3,0
5101,2020,114,2021-04-22,2,Ath Madrid,Huesca,2,0,1,0
5102,2020,114,2021-04-22,2,Barcelona,Getafe,5,2,3,1
5103,2020,114,2021-04-22,2,Granada,Eibar,4,1,2,0
5104,2020,114,2021-04-22,2,Sociedad,Celta,2,1,2,1
5105,2020,94,2021-04-22,3,Napoli,Lazio,5,2,2,0
5106,2020,94,2021-04-22,3,Roma,Atalanta,1,1,0,1
5107,2020,115,2021-04-23,1,Arsenal,Everton,0,1,0,0
5108,2020,90,2021-04-23,4,Augsburg,FC Koln,2,3,0,3
5109,2020,93,2021-04-23,5,Reims,Marseille,1,3,1,2
5110,2020,116,2021-04-24,1,Liverpool,Newcastle,1,1,1,0
5111,2020,116,2021-04-24,1,Sheffield United,Brighton,1,0,1,0
5112,2020,116,2021-04-24,1,West Ham,Chelsea,0,1,0,1
5113,2020,115,2021-04-24,2,Elche,Levante,1,0,1,0
5114,2020,115,2021-04-24,2,Real Madrid,Betis,0,0,0,0
5115,2020,115,2021-04-24,2,Valencia,Alaves,1,1,0,0
5116,2020,115,2021-04-24,2,Valladolid,Cadiz,1,1,1,0
5117,2020,95,2021-04-24,3,Genoa,Spezia,2,0,0,0
5118,2020,95,2021-04-24,3,Parma,Crotone,3,4,1,3
5119,2020,95,2021-04-24,3,Sassuolo,Sampdoria,1,0,0,0
5120,2020,91,2021-04-24,4,Freiburg,Hoffenheim,1,1,0,1
5121,2020,91,2021-04-24,4,Leverkusen,Ein Frankfurt,3,1,0,0
5122,2020,91,2021-04-24,4,Mainz,Bayern Munich,2,1,2,0
5123,2020,91,2021-04-24,4,Union Berlin,Werder Bremen,3,1,0,0
5124,2020,91,2021-04-24,4,Wolfsburg,Dortmund,0,2,0,1
5125,2020,94,2021-04-24,5,Metz,Paris SG,1,3,0,1
5126,2020,94,2021-04-24,5,St Etienne,Brest,1,2,1,0
5127,2020,117,2021-04-25,1,Aston Villa,West Brom,2,2,1,1
5128,2020,117,2021-04-25,1,Leeds,Man United,0,0,0,0
5129,2020,117,2021-04-25,1,Wolves,Burnley,0,4,0,3
5130,2020,116,2021-04-25,2,Ath Bilbao,Ath Madrid,2,1,1,0
5131,2020,116,2021-04-25,2,Celta,Osasuna,2,1,1,0
5132,2020,116,2021-04-25,2,Huesca,Getafe,0,2,0,1
5133,2020,116,2021-04-25,2,Sevilla,Granada,2,1,1,0
5134,2020,116,2021-04-25,2,Villarreal,Barcelona,1,2,1,2
5135,2020,96,2021-04-25,3,Atalanta,Bologna,5,0,2,0
5136,2020,96,2021-04-25,3,Benevento,Udinese,2,4,1,2
5137,2020,96,2021-04-25,3,Cagliari,Roma,3,2,1,1
5138,2020,96,2021-04-25,3,Fiorentina,Juventus,1,1,1,0
5139,2020,96,2021-04-25,3,Inter,Verona,1,0,0,0
5140,2020,92,2021-04-25,4,M'gladbach,Bielefeld,5,0,3,0
5141,2020,92,2021-04-25,4,RB Leipzig,Stuttgart,2,0,0,0
5142,2020,95,2021-04-25,5,Angers,Monaco,0,1,0,0
5143,2020,95,2021-04-25,5,Lens,Nimes,2,1,1,0
5144,2020,95,2021-04-25,5,Lorient,Bordeaux,4,1,3,0
5145,2020,95,2021-04-25,5,Lyon,Lille,2,3,2,1
5146,2020,95,2021-04-25,5,Nice,Montpellier,3,1,3,1
5147,2020,95,2021-04-25,5,Rennes,Dijon,5,1,1,1
5148,2020,95,2021-04-25,5,Strasbourg,Nantes,1,2,1,0
5149,2020,118,2021-04-26,1,Leicester,Crystal Palace,2,1,0,1
5150,2020,117,2021-04-26,2,Eibar,Sociedad,0,1,0,1
5151,2020,97,2021-04-26,3,Lazio,Milan,3,0,1,0
5152,2020,97,2021-04-26,3,Torino,Napoli,0,2,0,2
5153,2020,118,2021-04-28,2,Ath Bilbao,Valladolid,2,2,1,0
5154,2020,119,2021-04-29,2,Barcelona,Granada,1,2,1,0
5155,2020,119,2021-04-30,1,Southampton,Leicester,1,1,0,0
5156,2020,120,2021-04-30,2,Celta,Levante,2,0,0,0
5157,2020,96,2021-04-30,5,Marseille,Strasbourg,1,1,0,0
5158,2020,120,2021-05-01,1,Brighton,Leeds,2,0,1,0
5159,2020,120,2021-05-01,1,Chelsea,Fulham,2,0,1,0
5160,2020,120,2021-05-01,1,Crystal Palace,Man City,0,2,0,0
5161,2020,120,2021-05-01,1,Everton,Aston Villa,1,2,1,1
5162,2020,121,2021-05-01,2,Eibar,Alaves,3,0,1,0
5163,2020,121,2021-05-01,2,Elche,Ath Madrid,0,1,0,1
5164,2020,121,2021-05-01,2,Huesca,Sociedad,1,0,0,0
5165,2020,121,2021-05-01,2,Real Madrid,Osasuna,2,0,0,0
5166,2020,98,2021-05-01,3,Crotone,Inter,0,2,0,0
5167,2020,98,2021-05-01,3,Milan,Benevento,2,0,1,0
5168,2020,98,2021-05-01,3,Verona,Spezia,1,1,0,0
5169,2020,97,2021-05-01,5,Lille,Nice,2,0,1,0
5170,2020,97,2021-05-01,5,Paris SG,Lens,2,1,1,0
5171,2020,121,2021-05-02,1,Newcastle,Arsenal,0,2,0,1
5172,2020,121,2021-05-02,1,Tottenham,Sheffield United,4,0,1,0
5173,2020,122,2021-05-02,2,Granada,Cadiz,0,1,0,1
5174,2020,122,2021-05-02,2,Valencia,Barcelona,2,3,0,0
5175,2020,122,2021-05-02,2,Valladolid,Betis,1,1,0,0
5176,2020,122,2021-05-02,2,Villarreal,Getafe,1,0,0,0
5177,2020,99,2021-05-02,3,Bologna,Fiorentina,3,3,1,1
5178,2020,99,2021-05-02,3,Lazio,Genoa,4,3,2,0
5179,2020,99,2021-05-02,3,Napoli,Cagliari,1,1,1,0
5180,2020,99,2021-05-02,3,Sampdoria,Roma,2,0,1,0
5181,2020,99,2021-05-02,3,Sassuolo,Atalanta,1,1,0,1
5182,2020,99,2021-05-02,3,Udinese,Juventus,1,2,1,0
5183,2020,98,2021-05-02,5,Bordeaux,Rennes,1,0,1,0
5184,2020,98,2021-05-02,5,Brest,Nantes,1,4,0,2
5185,2020,98,2021-05-02,5,Dijon,Metz,1,5,0,2
5186,2020,98,2021-05-02,5,Lorient,Angers,2,0,1,0
5187,2020,98,2021-05-02,5,Monaco,Lyon,2,3,1,0
5188,2020,98,2021-05-02,5,Montpellier,St Etienne,1,2,1,1
5189,2020,98,2021-05-02,5,Nimes,Reims,2,2,0,1
5190,2020,122,2021-05-03,1,Burnley,West Ham,1,2,1,2
5191,2020,122,2021-05-03,1,West Brom,Wolves,1,1,0,1
5192,2020,123,2021-05-03,2,Sevilla,Ath Bilbao,0,1,0,0
5193,2020,100,2021-05-03,3,Torino,Parma,1,0,0,0
5194,2020,93,2021-05-03,4,Mainz,Hertha,1,1,1,1
5195,2020,94,2021-05-06,4,Hertha,Freiburg,3,0,2,0
5196,2020,123,2021-05-07,1,Leicester,Newcastle,2,4,0,2
5197,2020,124,2021-05-07,2,Sociedad,Elche,2,0,0,0
5198,2020,95,2021-05-07,4,Stuttgart,Augsburg,2,1,1,0
5199,2020,99,2021-05-07,5,Lens,Lille,0,3,0,2
5200,2020,124,2021-05-08,1,Leeds,Tottenham,3,1,2,1
5201,2020,124,2021-05-08,1,Liverpool,Southampton,2,0,1,0
5202,2020,124,2021-05-08,1,Man City,Chelsea,1,2,1,0
5203,2020,124,2021-05-08,1,Sheffield United,Crystal Palace,0,2,0,1
5204,2020,125,2021-05-08,2,Alaves,Levante,2,2,1,2
5205,2020,125,2021-05-08,2,Ath Bilbao,Osasuna,2,2,1,1
5206,2020,125,2021-05-08,2,Barcelona,Ath Madrid,0,0,0,0
5207,2020,125,2021-05-08,2,Cadiz,Huesca,2,1,2,1
5208,2020,101,2021-05-08,3,Fiorentina,Lazio,2,0,1,0
5209,2020,101,2021-05-08,3,Inter,Sampdoria,5,1,3,1
5210,2020,101,2021-05-08,3,Spezia,Napoli,1,4,0,3
5211,2020,101,2021-05-08,3,Udinese,Bologna,1,1,1,0
5212,2020,96,2021-05-08,4,Bayern Munich,M'gladbach,6,0,4,0
5213,2020,96,2021-05-08,4,Dortmund,RB Leipzig,3,2,1,0
5214,2020,96,2021-05-08,4,Hoffenheim,Schalke 04,4,2,0,2
5215,2020,96,2021-05-08,4,Werder Bremen,Leverkusen,0,0,0,0
5216,2020,96,2021-05-08,4,Wolfsburg,Union Berlin,3,0,1,0
5217,2020,100,2021-05-08,5,Lyon,Lorient,4,1,0,0
5218,2020,100,2021-05-08,5,Nantes,Bordeaux,3,0,1,0
5219,2020,125,2021-05-09,1,Arsenal,West Brom,3,1,2,0
5220,2020,125,2021-05-09,1,Aston Villa,Man United,1,3,1,0
5221,2020,125,2021-05-09,1,West Ham,Everton,0,1,0,1
5222,2020,125,2021-05-09,1,Wolves,Brighton,2,1,0,1
5223,2020,126,2021-05-09,2,Getafe,Eibar,0,1,0,0
5224,2020,126,2021-05-09,2,Real Madrid,Sevilla,2,2,0,1
5225,2020,126,2021-05-09,2,Valencia,Valladolid,3,0,1,0
5226,2020,126,2021-05-09,2,Villarreal,Celta,2,4,1,3
5227,2020,102,2021-05-09,3,Benevento,Cagliari,1,3,1,1
5228,2020,102,2021-05-09,3,Genoa,Sassuolo,1,2,0,1
5229,2020,102,2021-05-09,3,Juventus,Milan,0,3,0,1
5230,2020,102,2021-05-09,3,Parma,Atalanta,2,5,0,1
5231,2020,102,2021-05-09,3,Roma,Crotone,5,0,0,0
5232,2020,102,2021-05-09,3,Verona,Torino,1,1,0,0
5233,2020,97,2021-05-09,4,Ein Frankfurt,Mainz,1,1,0,1
5234,2020,97,2021-05-09,4,FC Koln,Freiburg,1,4,0,2
5235,2020,97,2021-05-09,4,Hertha,Bielefeld,0,0,0,0
5236,2020,101,2021-05-09,5,Angers,Dijon,3,0,1,0
5237,2020,101,2021-05-09,5,Metz,Nimes,0,3,0,0
5238,2020,101,2021-05-09,5,Nice,Brest,3,2,1,2
5239,2020,101,2021-05-09,5,Reims,Monaco,0,1,0,1
5240,2020,101,2021-05-09,5,Rennes,Paris SG,1,1,0,1
5241,2020,101,2021-05-09,5,St Etienne,Marseille,1,0,1,0
5242,2020,101,2021-05-09,5,Strasbourg,Montpellier,2,3,0,1
5243,2020,126,2021-05-10,1,Fulham,Burnley,0,2,0,2
5244,2020,127,2021-05-10,2,Betis,Granada,2,1,1,0
5245,2020,127,2021-05-11,1,Man United,Leicester,1,2,1,1
5246,2020,127,2021-05-11,1,Southampton,Crystal Palace,3,1,1,1
5247,2020,128,2021-05-11,2,Elche,Alaves,0,2,0,1
5248,2020,128,2021-05-11,2,Levante,Barcelona,3,3,0,2
5249,2020,128,2021-05-11,2,Osasuna,Cadiz,3,2,1,0
5250,2020,103,2021-05-11,3,Napoli,Udinese,5,1,2,1
5251,2020,128,2021-05-12,1,Chelsea,Arsenal,0,1,0,1
5252,2020,129,2021-05-12,2,Ath Madrid,Sociedad,2,1,2,0
5253,2020,129,2021-05-12,2,Celta,Getafe,1,0,1,0
5254,2020,129,2021-05-12,2,Huesca,Ath Bilbao,1,0,0,0
5255,2020,129,2021-05-12,2,Sevilla,Valencia,1,0,0,0
5256,2020,104,2021-05-12,3,Atalanta,Benevento,2,0,1,0
5257,2020,104,2021-05-12,3,Bologna,Genoa,0,2,0,1
5258,2020,104,2021-05-12,3,Cagliari,Fiorentina,0,0,0,0
5259,2020,104,2021-05-12,3,Inter,Roma,3,1,2,1
5260,2020,104,2021-05-12,3,Lazio,Parma,1,0,0,0
5261,2020,104,2021-05-12,3,Sampdoria,Spezia,2,2,1,1
5262,2020,104,2021-05-12,3,Sassuolo,Juventus,1,3,0,2
5263,2020,104,2021-05-12,3,Torino,Milan,0,7,0,2
5264,2020,98,2021-05-12,4,Schalke 04,Hertha,1,2,1,1
5265,2020,129,2021-05-13,1,Aston Villa,Everton,0,0,0,0
5266,2020,129,2021-05-13,1,Man United,Liverpool,2,4,1,2
5267,2020,130,2021-05-13,2,Eibar,Betis,1,1,0,1
5268,2020,130,2021-05-13,2,Granada,Real Madrid,1,4,0,2
5269,2020,130,2021-05-13,2,Valladolid,Villarreal,0,2,0,0
5270,2020,105,2021-05-13,3,Crotone,Verona,2,1,1,0
5271,2020,130,2021-05-14,1,Newcastle,Man City,3,4,2,2
5272,2020,131,2021-05-15,1,Brighton,West Ham,1,1,0,0
5273,2020,131,2021-05-15,1,Burnley,Leeds,0,4,0,1
5274,2020,131,2021-05-15,1,Southampton,Fulham,3,1,1,0
5275,2020,106,2021-05-15,3,Genoa,Atalanta,3,4,0,3
5276,2020,106,2021-05-15,3,Juventus,Inter,3,2,2,1
5277,2020,106,2021-05-15,3,Roma,Lazio,2,0,1,0
5278,2020,106,2021-05-15,3,Spezia,Torino,4,1,2,0
5279,2020,99,2021-05-15,4,Augsburg,Werder Bremen,2,0,0,0
5280,2020,99,2021-05-15,4,Bielefeld,Hoffenheim,1,1,1,1
5281,2020,99,2021-05-15,4,Freiburg,Bayern Munich,2,2,1,1
5282,2020,99,2021-05-15,4,Hertha,FC Koln,0,0,0,0
5283,2020,99,2021-05-15,4,Leverkusen,Union Berlin,1,1,1,0
5284,2020,99,2021-05-15,4,M'gladbach,Stuttgart,1,2,1,0
5285,2020,99,2021-05-15,4,Schalke 04,Ein Frankfurt,4,3,1,1
5286,2020,132,2021-05-16,1,Crystal Palace,Aston Villa,3,2,1,2
5287,2020,132,2021-05-16,1,Everton,Sheffield United,0,1,0,1
5288,2020,132,2021-05-16,1,Tottenham,Wolves,2,0,1,0
5289,2020,132,2021-05-16,1,West Brom,Liverpool,1,2,1,1
5290,2020,131,2021-05-16,2,Alaves,Granada,4,2,2,1
5291,2020,131,2021-05-16,2,Ath Bilbao,Real Madrid,0,1,0,0
5292,2020,131,2021-05-16,2,Ath Madrid,Osasuna,2,1,0,0
5293,2020,131,2021-05-16,2,Barcelona,Celta,1,2,1,1
5294,2020,131,2021-05-16,2,Betis,Huesca,1,0,0,0
5295,2020,131,2021-05-16,2,Cadiz,Elche,1,3,1,0
5296,2020,131,2021-05-16,2,Getafe,Levante,2,1,1,1
5297,2020,131,2021-05-16,2,Sociedad,Valladolid,4,1,4,0
5298,2020,131,2021-05-16,2,Valencia,Eibar,4,1,3,1
5299,2020,131,2021-05-16,2,Villarreal,Sevilla,4,0,1,0
5300,2020,107,2021-05-16,3,Benevento,Crotone,1,1,1,0
5301,2020,107,2021-05-16,3,Fiorentina,Napoli,0,2,0,0
5302,2020,107,2021-05-16,3,Milan,Cagliari,0,0,0,0
5303,2020,107,2021-05-16,3,Parma,Sassuolo,1,3,1,1
5304,2020,107,2021-05-16,3,Udinese,Sampdoria,0,1,0,0
5305,2020,100,2021-05-16,4,Mainz,Dortmund,1,3,0,2
5306,2020,100,2021-05-16,4,RB Leipzig,Wolfsburg,2,2,0,2
5307,2020,102,2021-05-16,5,Bordeaux,Lens,3,0,1,0
5308,2020,102,2021-05-16,5,Dijon,Nantes,0,4,0,2
5309,2020,102,2021-05-16,5,Lille,St Etienne,0,0,0,0
5310,2020,102,2021-05-16,5,Lorient,Metz,2,1,1,0
5311,2020,102,2021-05-16,5,Marseille,Angers,3,2,1,0
5312,2020,102,2021-05-16,5,Monaco,Rennes,2,1,2,0
5313,2020,102,2021-05-16,5,Montpellier,Brest,0,0,0,0
5314,2020,102,2021-05-16,5,Nice,Strasbourg,0,2,0,1
5315,2020,102,2021-05-16,5,Nimes,Lyon,2,5,1,3
5316,2020,102,2021-05-16,5,Paris SG,Reims,4,0,2,0
5317,2020,108,2021-05-17,3,Verona,Bologna,2,2,1,1
5318,2020,133,2021-05-18,1,Brighton,Man City,3,2,0,1
5319,2020,133,2021-05-18,1,Chelsea,Leicester,2,1,0,0
5320,2020,133,2021-05-18,1,Man United,Fulham,1,1,1,0
5321,2020,133,2021-05-18,1,Southampton,Leeds,0,2,0,0
5322,2020,109,2021-05-18,3,Lazio,Torino,0,0,0,0
5323,2020,134,2021-05-19,1,Burnley,Liverpool,0,3,0,1
5324,2020,134,2021-05-19,1,Crystal Palace,Arsenal,1,3,0,1
5325,2020,134,2021-05-19,1,Everton,Wolves,1,0,0,0
5326,2020,134,2021-05-19,1,Newcastle,Sheffield United,1,0,1,0
5327,2020,134,2021-05-19,1,Tottenham,Aston Villa,1,2,1,2
5328,2020,134,2021-05-19,1,West Brom,West Ham,1,3,1,1
5329,2020,132,2021-05-21,2,Levante,Cadiz,2,2,1,2
5330,2020,133,2021-05-22,2,Celta,Betis,2,3,1,0
5331,2020,133,2021-05-22,2,Eibar,Barcelona,0,1,0,0
5332,2020,133,2021-05-22,2,Elche,Ath Bilbao,2,0,1,0
5333,2020,133,2021-05-22,2,Huesca,Valencia,0,0,0,0
5334,2020,133,2021-05-22,2,Osasuna,Sociedad,0,1,0,0
5335,2020,133,2021-05-22,2,Real Madrid,Villarreal,2,1,0,1
5336,2020,133,2021-05-22,2,Valladolid,Ath Madrid,1,2,1,0
5337,2020,110,2021-05-22,3,Cagliari,Genoa,0,1,0,1
5338,2020,110,2021-05-22,3,Crotone,Fiorentina,0,0,0,0
5339,2020,110,2021-05-22,3,Sampdoria,Parma,3,0,2,0
5340,2020,101,2021-05-22,4,Bayern Munich,Augsburg,5,2,4,0
5341,2020,101,2021-05-22,4,Dortmund,Leverkusen,3,1,1,0
5342,2020,101,2021-05-22,4,Ein Frankfurt,Freiburg,3,1,0,0
5343,2020,101,2021-05-22,4,FC Koln,Schalke 04,1,0,0,0
5344,2020,101,2021-05-22,4,Hoffenheim,Hertha,2,1,0,1
5345,2020,101,2021-05-22,4,Stuttgart,Bielefeld,0,2,0,0
5346,2020,101,2021-05-22,4,Union Berlin,RB Leipzig,2,1,0,0
5347,2020,101,2021-05-22,4,Werder Bremen,M'gladbach,2,4,0,1
5348,2020,101,2021-05-22,4,Wolfsburg,Mainz,2,3,0,1
5349,2020,135,2021-05-23,1,Arsenal,Brighton,2,0,0,0
5350,2020,135,2021-05-23,1,Aston Villa,Chelsea,2,1,1,0
5351,2020,135,2021-05-23,1,Fulham,Newcastle,0,2,0,1
5352,2020,135,2021-05-23,1,Leeds,West Brom,3,1,2,0
5353,2020,135,2021-05-23,1,Leicester,Tottenham,2,4,1,1
5354,2020,135,2021-05-23,1,Liverpool,Crystal Palace,2,0,1,0
5355,2020,135,2021-05-23,1,Man City,Everton,5,0,2,0
5356,2020,135,2021-05-23,1,Sheffield United,Burnley,1,0,1,0
5357,2020,135,2021-05-23,1,West Ham,Southampton,3,0,2,0
5358,2020,135,2021-05-23,1,Wolves,Man United,1,2,1,2
5359,2020,134,2021-05-23,2,Granada,Getafe,0,0,0,0
5360,2020,134,2021-05-23,2,Sevilla,Alaves,1,0,0,0
5361,2020,111,2021-05-23,3,Atalanta,Milan,0,2,0,1
5362,2020,111,2021-05-23,3,Bologna,Juventus,1,4,0,3
5363,2020,111,2021-05-23,3,Inter,Udinese,5,1,2,0
5364,2020,111,2021-05-23,3,Napoli,Verona,1,1,0,0
5365,2020,111,2021-05-23,3,Sassuolo,Lazio,2,0,1,0
5366,2020,111,2021-05-23,3,Spezia,Roma,2,2,2,0
5367,2020,111,2021-05-23,3,Torino,Benevento,1,1,1,0
5368,2020,103,2021-05-23,5,Angers,Lille,1,2,0,2
5369,2020,103,2021-05-23,5,Brest,Paris SG,0,2,0,1
5370,2020,103,2021-05-23,5,Lens,Monaco,0,0,0,0
5371,2020,103,2021-05-23,5,Lyon,Nice,2,3,2,1
5372,2020,103,2021-05-23,5,Metz,Marseille,1,1,0,0
5373,2020,103,2021-05-23,5,Nantes,Montpellier,1,2,1,1
5374,2020,103,2021-05-23,5,Reims,Bordeaux,1,2,1,1
5375,2020,103,2021-05-23,5,Rennes,Nimes,2,0,1,0
5376,2020,103,2021-05-23,5,St Etienne,Dijon,0,1,0,1
5377,2020,103,2021-05-23,5,Strasbourg,Lorient,1,1,1,0
5378,2021,1,2021-08-06,5,Monaco,Nantes,1,1,1,1
5379,2021,2,2021-08-07,5,Lyon,Brest,1,1,0,1
5380,2021,2,2021-08-07,5,Troyes,Paris SG,1,2,1,2
5381,2021,3,2021-08-08,5,Bordeaux,Clermont,0,2,0,0
5382,2021,3,2021-08-08,5,Metz,Lille,3,3,2,1
5383,2021,3,2021-08-08,5,Montpellier,Marseille,2,3,2,0
5384,2021,3,2021-08-08,5,Nice,Reims,0,0,0,0
5385,2021,3,2021-08-08,5,Rennes,Lens,1,1,1,1
5386,2021,3,2021-08-08,5,St Etienne,Lorient,1,1,0,0
5387,2021,3,2021-08-08,5,Strasbourg,Angers,0,2,0,0
5388,2021,1,2021-08-13,1,Brentford,Arsenal,2,0,1,0
5389,2021,1,2021-08-13,2,Valencia,Getafe,1,0,1,0
5390,2021,1,2021-08-13,4,M'gladbach,Bayern Munich,1,1,1,1
5391,2021,4,2021-08-13,5,Lorient,Monaco,1,0,1,0
5392,2021,2,2021-08-14,1,Burnley,Brighton,1,2,1,0
5393,2021,2,2021-08-14,1,Chelsea,Crystal Palace,3,0,2,0
5394,2021,2,2021-08-14,1,Everton,Southampton,3,1,0,1
5395,2021,2,2021-08-14,1,Leicester,Wolves,1,0,1,0
5396,2021,2,2021-08-14,1,Man United,Leeds,5,1,1,0
5397,2021,2,2021-08-14,1,Norwich,Liverpool,0,3,0,1
5398,2021,2,2021-08-14,1,Watford,Aston Villa,3,2,2,0
5399,2021,2,2021-08-14,2,Alaves,Real Madrid,1,4,0,0
5400,2021,2,2021-08-14,2,Cadiz,Levante,1,1,0,1
5401,2021,2,2021-08-14,2,Mallorca,Betis,1,1,1,0
5402,2021,2,2021-08-14,2,Osasuna,Espanol,0,0,0,0
5403,2021,2,2021-08-14,4,Augsburg,Hoffenheim,0,4,0,1
5404,2021,2,2021-08-14,4,Bielefeld,Freiburg,0,0,0,0
5405,2021,2,2021-08-14,4,Dortmund,Ein Frankfurt,5,2,3,1
5406,2021,2,2021-08-14,4,Stuttgart,Greuther Furth,5,1,2,0
5407,2021,2,2021-08-14,4,Union Berlin,Leverkusen,1,1,1,1
5408,2021,2,2021-08-14,4,Wolfsburg,Bochum,1,0,1,0
5409,2021,5,2021-08-14,5,Lille,Nice,0,4,0,3
5410,2021,5,2021-08-14,5,Paris SG,Strasbourg,4,2,3,0
5411,2021,3,2021-08-15,1,Newcastle,West Ham,2,4,2,1
5412,2021,3,2021-08-15,1,Tottenham,Man City,1,0,0,0
5413,2021,3,2021-08-15,2,Barcelona,Sociedad,4,2,2,0
5414,2021,3,2021-08-15,2,Celta,Ath Madrid,1,2,0,1
5415,2021,3,2021-08-15,2,Sevilla,Vallecano,3,0,1,0
5416,2021,3,2021-08-15,4,FC Koln,Hertha,3,1,1,1
5417,2021,3,2021-08-15,4,Mainz,RB Leipzig,1,0,1,0
5418,2021,6,2021-08-15,5,Angers,Lyon,3,0,1,0
5419,2021,6,2021-08-15,5,Brest,Rennes,1,1,0,0
5420,2021,6,2021-08-15,5,Clermont,Troyes,2,0,0,0
5421,2021,6,2021-08-15,5,Lens,St Etienne,2,2,1,1
5422,2021,6,2021-08-15,5,Marseille,Bordeaux,2,2,2,0
5423,2021,6,2021-08-15,5,Nantes,Metz,2,0,1,0
5424,2021,6,2021-08-15,5,Reims,Montpellier,3,3,2,3
5425,2021,4,2021-08-16,2,Elche,Ath Bilbao,0,0,0,0
5426,2021,4,2021-08-16,2,Villarreal,Granada,0,0,0,0
5427,2021,5,2021-08-20,2,Betis,Cadiz,1,1,1,1
5428,2021,4,2021-08-20,4,RB Leipzig,Stuttgart,4,0,1,0
5429,2021,7,2021-08-20,5,Brest,Paris SG,2,4,1,2
5430,2021,4,2021-08-21,1,Aston Villa,Newcastle,2,0,1,0
5431,2021,4,2021-08-21,1,Brighton,Watford,2,0,2,0
5432,2021,4,2021-08-21,1,Crystal Palace,Brentford,0,0,0,0
5433,2021,4,2021-08-21,1,Leeds,Everton,2,2,1,1
5434,2021,4,2021-08-21,1,Liverpool,Burnley,2,0,1,0
5435,2021,4,2021-08-21,1,Man City,Norwich,5,0,2,0
5436,2021,6,2021-08-21,2,Alaves,Mallorca,0,1,0,0
5437,2021,6,2021-08-21,2,Ath Bilbao,Barcelona,1,1,0,0
5438,2021,6,2021-08-21,2,Espanol,Villarreal,0,0,0,0
5439,2021,6,2021-08-21,2,Granada,Valencia,1,1,1,0
5440,2021,1,2021-08-21,3,Empoli,Lazio,1,3,1,3
5441,2021,1,2021-08-21,3,Inter,Genoa,4,0,2,0
5442,2021,1,2021-08-21,3,Torino,Atalanta,1,2,0,1
5443,2021,1,2021-08-21,3,Verona,Sassuolo,2,3,0,1
5444,2021,5,2021-08-21,4,Bochum,Mainz,2,0,1,0
5445,2021,5,2021-08-21,4,Ein Frankfurt,Augsburg,0,0,0,0
5446,2021,5,2021-08-21,4,Freiburg,Dortmund,2,1,1,0
5447,2021,5,2021-08-21,4,Greuther Furth,Bielefeld,1,1,0,1
5448,2021,5,2021-08-21,4,Hertha,Wolfsburg,1,2,0,0
5449,2021,5,2021-08-21,4,Leverkusen,M'gladbach,4,0,2,0
5450,2021,8,2021-08-21,5,Monaco,Lens,0,2,0,0
5451,2021,8,2021-08-21,5,St Etienne,Lille,1,1,0,1
5452,2021,5,2021-08-22,1,Arsenal,Chelsea,0,2,0,2
5453,2021,5,2021-08-22,1,Southampton,Man United,1,1,1,0
5454,2021,5,2021-08-22,1,Wolves,Tottenham,0,1,0,1
5455,2021,7,2021-08-22,2,Ath Madrid,Elche,1,0,1,0
5456,2021,7,2021-08-22,2,Levante,Real Madrid,3,3,0,1
5457,2021,7,2021-08-22,2,Sociedad,Vallecano,1,0,0,0
5458,2021,2,2021-08-22,3,Bologna,Salernitana,3,2,0,0
5459,2021,2,2021-08-22,3,Napoli,Venezia,2,0,0,0
5460,2021,2,2021-08-22,3,Roma,Fiorentina,3,1,1,0
5461,2021,2,2021-08-22,3,Udinese,Juventus,2,2,0,2
5462,2021,6,2021-08-22,4,Bayern Munich,FC Koln,3,2,0,0
5463,2021,6,2021-08-22,4,Hoffenheim,Union Berlin,2,2,2,1
5464,2021,9,2021-08-22,5,Bordeaux,Angers,1,1,1,1
5465,2021,9,2021-08-22,5,Lyon,Clermont,3,3,3,1
5466,2021,9,2021-08-22,5,Metz,Reims,1,1,1,1
5467,2021,9,2021-08-22,5,Montpellier,Lorient,3,1,0,1
5468,2021,9,2021-08-22,5,Rennes,Nantes,1,0,0,0
5469,2021,9,2021-08-22,5,Strasbourg,Troyes,1,1,0,1
5470,2021,6,2021-08-23,1,West Ham,Leicester,4,1,1,0
5471,2021,8,2021-08-23,2,Getafe,Sevilla,0,1,0,0
5472,2021,8,2021-08-23,2,Osasuna,Celta,0,0,0,0
5473,2021,3,2021-08-23,3,Cagliari,Spezia,2,2,0,1
5474,2021,3,2021-08-23,3,Sampdoria,Milan,0,1,0,1
5475,2021,9,2021-08-27,2,Mallorca,Espanol,1,0,1,0
5476,2021,9,2021-08-27,2,Valencia,Alaves,3,0,2,0
5477,2021,4,2021-08-27,3,Udinese,Venezia,3,0,1,0
5478,2021,4,2021-08-27,3,Verona,Inter,1,3,1,0
5479,2021,7,2021-08-27,4,Dortmund,Hoffenheim,3,2,0,0
5480,2021,10,2021-08-27,5,Nantes,Lyon,0,1,0,1
5481,2021,7,2021-08-28,1,Aston Villa,Brentford,1,1,1,1
5482,2021,7,2021-08-28,1,Brighton,Everton,0,2,0,1
5483,2021,7,2021-08-28,1,Liverpool,Chelsea,1,1,1,1
5484,2021,7,2021-08-28,1,Man City,Arsenal,5,0,3,0
5485,2021,7,2021-08-28,1,Newcastle,Southampton,2,2,0,0
5486,2021,7,2021-08-28,1,Norwich,Leicester,1,2,1,1
5487,2021,7,2021-08-28,1,West Ham,Crystal Palace,2,2,1,0
5488,2021,10,2021-08-28,2,Betis,Real Madrid,0,1,0,0
5489,2021,10,2021-08-28,2,Celta,Ath Bilbao,0,1,0,1
5490,2021,10,2021-08-28,2,Elche,Sevilla,1,1,1,1
5491,2021,10,2021-08-28,2,Sociedad,Levante,1,0,1,0
5492,2021,5,2021-08-28,3,Atalanta,Bologna,0,0,0,0
5493,2021,5,2021-08-28,3,Fiorentina,Torino,2,1,1,0
5494,2021,5,2021-08-28,3,Juventus,Empoli,0,1,0,1
5495,2021,5,2021-08-28,3,Lazio,Spezia,6,1,3,1
5496,2021,8,2021-08-28,4,Augsburg,Leverkusen,1,4,1,2
5497,2021,8,2021-08-28,4,Bayern Munich,Hertha,5,0,2,0
5498,2021,8,2021-08-28,4,Bielefeld,Ein Frankfurt,1,1,0,1
5499,2021,8,2021-08-28,4,FC Koln,Bochum,2,1,0,0
5500,2021,8,2021-08-28,4,Mainz,Greuther Furth,3,0,2,0
5501,2021,8,2021-08-28,4,Stuttgart,Freiburg,2,3,2,3
5502,2021,11,2021-08-28,5,Marseille,St Etienne,3,1,1,1
5503,2021,11,2021-08-28,5,Nice,Bordeaux,4,0,3,0
5504,2021,8,2021-08-29,1,Burnley,Leeds,1,1,0,0
5505,2021,8,2021-08-29,1,Tottenham,Watford,1,0,1,0
5506,2021,8,2021-08-29,1,Wolves,Man United,0,1,0,0
5507,2021,11,2021-08-29,2,Ath Madrid,Villarreal,2,2,0,0
5508,2021,11,2021-08-29,2,Barcelona,Getafe,2,1,2,1
5509,2021,11,2021-08-29,2,Cadiz,Osasuna,2,3,1,0
5510,2021,11,2021-08-29,2,Vallecano,Granada,4,0,3,0
5511,2021,6,2021-08-29,3,Genoa,Napoli,1,2,0,1
5512,2021,6,2021-08-29,3,Milan,Cagliari,4,1,4,1
5513,2021,6,2021-08-29,3,Salernitana,Roma,0,4,0,0
5514,2021,6,2021-08-29,3,Sassuolo,Sampdoria,0,0,0,0
5515,2021,9,2021-08-29,4,Union Berlin,M'gladbach,2,1,2,0
5516,2021,9,2021-08-29,4,Wolfsburg,RB Leipzig,1,0,0,0
5517,2021,12,2021-08-29,5,Angers,Rennes,2,0,0,0
5518,2021,12,2021-08-29,5,Clermont,Metz,2,2,1,2
5519,2021,12,2021-08-29,5,Lens,Lorient,2,2,1,2
5520,2021,12,2021-08-29,5,Lille,Montpellier,2,1,1,1
5521,2021,12,2021-08-29,5,Reims,Paris SG,0,2,0,1
5522,2021,12,2021-08-29,5,Strasbourg,Brest,3,1,2,1
5523,2021,12,2021-08-29,5,Troyes,Monaco,1,2,0,1
5524,2021,13,2021-09-10,5,Lorient,Lille,2,1,1,1
5525,2021,9,2021-09-11,1,Arsenal,Norwich,1,0,0,0
5526,2021,9,2021-09-11,1,Brentford,Brighton,0,1,0,0
5527,2021,9,2021-09-11,1,Chelsea,Aston Villa,3,0,1,0
5528,2021,9,2021-09-11,1,Crystal Palace,Tottenham,3,0,0,0
5529,2021,9,2021-09-11,1,Leicester,Man City,0,1,0,0
5530,2021,9,2021-09-11,1,Man United,Newcastle,4,1,1,0
5531,2021,9,2021-09-11,1,Southampton,West Ham,0,0,0,0
5532,2021,9,2021-09-11,1,Watford,Wolves,0,2,0,0
5533,2021,12,2021-09-11,2,Ath Bilbao,Mallorca,2,0,0,0
5534,2021,12,2021-09-11,2,Levante,Vallecano,1,1,1,0
5535,2021,7,2021-09-11,3,Atalanta,Fiorentina,1,2,0,1
5536,2021,7,2021-09-11,3,Empoli,Venezia,1,2,0,1
5537,2021,7,2021-09-11,3,Napoli,Juventus,2,1,0,1
5538,2021,10,2021-09-11,4,Freiburg,FC Koln,1,1,0,1
5539,2021,10,2021-09-11,4,Greuther Furth,Wolfsburg,0,2,0,1
5540,2021,10,2021-09-11,4,Hoffenheim,Mainz,0,2,0,1
5541,2021,10,2021-09-11,4,Leverkusen,Dortmund,3,4,2,1
5542,2021,10,2021-09-11,4,RB Leipzig,Bayern Munich,1,4,0,1
5543,2021,10,2021-09-11,4,Union Berlin,Augsburg,0,0,0,0
5544,2021,14,2021-09-11,5,Monaco,Marseille,0,2,0,1
5545,2021,14,2021-09-11,5,Paris SG,Clermont,4,0,2,0
5546,2021,10,2021-09-12,1,Leeds,Liverpool,0,3,0,1
5547,2021,13,2021-09-12,2,Cadiz,Sociedad,0,2,0,0
5548,2021,13,2021-09-12,2,Espanol,Ath Madrid,1,2,1,0
5549,2021,13,2021-09-12,2,Osasuna,Valencia,1,4,1,1
5550,2021,13,2021-09-12,2,Real Madrid,Celta,5,2,1,2
5551,2021,8,2021-09-12,3,Cagliari,Genoa,2,3,1,0
5552,2021,8,2021-09-12,3,Milan,Lazio,2,0,1,0
5553,2021,8,2021-09-12,3,Roma,Sassuolo,2,1,1,0
5554,2021,8,2021-09-12,3,Sampdoria,Inter,2,2,1,2
5555,2021,8,2021-09-12,3,Spezia,Udinese,0,1,0,0
5556,2021,8,2021-09-12,3,Torino,Salernitana,4,0,1,0
5557,2021,11,2021-09-12,4,Bochum,Hertha,1,3,0,2
5558,2021,11,2021-09-12,4,Ein Frankfurt,Stuttgart,1,1,0,0
5559,2021,11,2021-09-12,4,M'gladbach,Bielefeld,3,1,1,1
5560,2021,15,2021-09-12,5,Bordeaux,Lens,2,3,0,2
5561,2021,15,2021-09-12,5,Brest,Angers,1,1,0,0
5562,2021,15,2021-09-12,5,Lyon,Strasbourg,3,1,1,0
5563,2021,15,2021-09-12,5,Metz,Troyes,0,2,0,0
5564,2021,15,2021-09-12,5,Montpellier,St Etienne,2,0,1,0
5565,2021,15,2021-09-12,5,Nantes,Nice,0,2,0,0
5566,2021,15,2021-09-12,5,Rennes,Reims,0,2,0,1
5567,2021,11,2021-09-13,1,Everton,Burnley,3,1,0,0
5568,2021,14,2021-09-13,2,Getafe,Elche,0,1,0,0
5569,2021,14,2021-09-13,2,Granada,Betis,1,2,0,1
5570,2021,9,2021-09-13,3,Bologna,Verona,1,0,0,0
5571,2021,12,2021-09-17,1,Newcastle,Leeds,1,1,1,1
5572,2021,15,2021-09-17,2,Celta,Cadiz,1,2,0,2
5573,2021,10,2021-09-17,3,Sassuolo,Torino,0,1,0,0
5574,2021,12,2021-09-17,4,Hertha,Greuther Furth,2,1,0,0
5575,2021,16,2021-09-17,5,Strasbourg,Metz,3,0,3,0
5576,2021,13,2021-09-18,1,Aston Villa,Everton,3,0,0,0
5577,2021,13,2021-09-18,1,Burnley,Arsenal,0,1,0,1
5578,2021,13,2021-09-18,1,Liverpool,Crystal Palace,3,0,1,0
5579,2021,13,2021-09-18,1,Man City,Southampton,0,0,0,0
5580,2021,13,2021-09-18,1,Norwich,Watford,1,3,1,1
5581,2021,13,2021-09-18,1,Wolves,Brentford,0,2,0,2
5582,2021,16,2021-09-18,2,Alaves,Osasuna,0,2,0,2
5583,2021,16,2021-09-18,2,Ath Madrid,Ath Bilbao,0,0,0,0
5584,2021,16,2021-09-18,2,Elche,Levante,1,1,1,0
5585,2021,16,2021-09-18,2,Vallecano,Getafe,3,0,1,0
5586,2021,11,2021-09-18,3,Genoa,Fiorentina,1,2,0,0
5587,2021,11,2021-09-18,3,Inter,Bologna,6,1,3,0
5588,2021,11,2021-09-18,3,Salernitana,Atalanta,0,1,0,0
5589,2021,13,2021-09-18,4,Augsburg,M'gladbach,1,0,0,0
5590,2021,13,2021-09-18,4,Bayern Munich,Bochum,7,0,4,0
5591,2021,13,2021-09-18,4,Bielefeld,Hoffenheim,0,0,0,0
5592,2021,13,2021-09-18,4,FC Koln,RB Leipzig,1,1,0,0
5593,2021,13,2021-09-18,4,Mainz,Freiburg,0,0,0,0
5594,2021,17,2021-09-18,5,Lens,Lille,1,0,0,0
5595,2021,17,2021-09-18,5,St Etienne,Bordeaux,1,2,0,1
5596,2021,14,2021-09-19,1,Brighton,Leicester,2,1,1,0
5597,2021,14,2021-09-19,1,Tottenham,Chelsea,0,3,0,0
5598,2021,14,2021-09-19,1,West Ham,Man United,1,2,1,1
5599,2021,17,2021-09-19,2,Betis,Espanol,2,2,2,1
5600,2021,17,2021-09-19,2,Mallorca,Villarreal,0,0,0,0
5601,2021,17,2021-09-19,2,Sociedad,Sevilla,0,0,0,0
5602,2021,17,2021-09-19,2,Valencia,Real Madrid,1,2,0,0
5603,2021,12,2021-09-19,3,Empoli,Sampdoria,0,3,0,1
5604,2021,12,2021-09-19,3,Juventus,Milan,1,1,1,0
5605,2021,12,2021-09-19,3,Lazio,Cagliari,2,2,1,0
5606,2021,12,2021-09-19,3,Venezia,Spezia,1,2,0,1
5607,2021,12,2021-09-19,3,Verona,Roma,3,2,0,1
5608,2021,14,2021-09-19,4,Dortmund,Union Berlin,4,2,2,0
5609,2021,14,2021-09-19,4,Stuttgart,Leverkusen,1,3,1,2
5610,2021,14,2021-09-19,4,Wolfsburg,Ein Frankfurt,1,1,0,1
5611,2021,18,2021-09-19,5,Angers,Nantes,1,4,1,3
5612,2021,18,2021-09-19,5,Clermont,Brest,1,1,0,0
5613,2021,18,2021-09-19,5,Marseille,Rennes,2,0,0,0
5614,2021,18,2021-09-19,5,Nice,Monaco,2,2,0,1
5615,2021,18,2021-09-19,5,Paris SG,Lyon,2,1,0,0
5616,2021,18,2021-09-19,5,Reims,Lorient,0,0,0,0
5617,2021,18,2021-09-19,5,Troyes,Montpellier,1,1,1,0
5618,2021,18,2021-09-20,2,Barcelona,Granada,1,1,0,1
5619,2021,13,2021-09-20,3,Udinese,Napoli,0,4,0,2
5620,2021,19,2021-09-21,2,Ath Bilbao,Vallecano,1,2,1,1
5621,2021,19,2021-09-21,2,Getafe,Ath Madrid,1,2,1,0
5622,2021,19,2021-09-21,2,Levante,Celta,0,2,0,0
5623,2021,14,2021-09-21,3,Atalanta,Sassuolo,2,1,2,1
5624,2021,14,2021-09-21,3,Bologna,Genoa,2,2,0,0
5625,2021,14,2021-09-21,3,Fiorentina,Inter,1,3,1,0
5626,2021,20,2021-09-22,2,Espanol,Alaves,1,0,0,0
5627,2021,20,2021-09-22,2,Real Madrid,Mallorca,6,1,3,1
5628,2021,20,2021-09-22,2,Sevilla,Valencia,3,1,3,1
5629,2021,20,2021-09-22,2,Villarreal,Elche,4,1,2,1
5630,2021,15,2021-09-22,3,Cagliari,Empoli,0,2,0,1
5631,2021,15,2021-09-22,3,Milan,Venezia,2,0,0,0
5632,2021,15,2021-09-22,3,Salernitana,Verona,2,2,1,2
5633,2021,15,2021-09-22,3,Spezia,Juventus,2,3,1,1
5634,2021,19,2021-09-22,5,Angers,Marseille,0,0,0,0
5635,2021,19,2021-09-22,5,Lens,Strasbourg,0,1,0,0
5636,2021,19,2021-09-22,5,Lille,Reims,2,1,2,0
5637,2021,19,2021-09-22,5,Lorient,Nice,1,0,1,0
5638,2021,19,2021-09-22,5,Lyon,Troyes,3,1,0,1
5639,2021,19,2021-09-22,5,Metz,Paris SG,1,2,1,1
5640,2021,19,2021-09-22,5,Monaco,St Etienne,3,1,1,1
5641,2021,19,2021-09-22,5,Montpellier,Bordeaux,3,3,1,2
5642,2021,19,2021-09-22,5,Nantes,Brest,3,1,1,0
5643,2021,19,2021-09-22,5,Rennes,Clermont,6,0,2,0
5644,2021,21,2021-09-23,2,Cadiz,Barcelona,0,0,0,0
5645,2021,21,2021-09-23,2,Granada,Sociedad,2,3,1,0
5646,2021,21,2021-09-23,2,Osasuna,Betis,1,3,1,1
5647,2021,16,2021-09-23,3,Roma,Udinese,1,0,1,0
5648,2021,16,2021-09-23,3,Sampdoria,Napoli,0,4,0,2
5649,2021,16,2021-09-23,3,Torino,Lazio,1,1,0,0
5650,2021,15,2021-09-24,4,Greuther Furth,Bayern Munich,1,3,0,2
5651,2021,15,2021-09-25,1,Brentford,Liverpool,3,3,1,1
5652,2021,15,2021-09-25,1,Chelsea,Man City,0,1,0,0
5653,2021,15,2021-09-25,1,Everton,Norwich,2,0,1,0
5654,2021,15,2021-09-25,1,Leeds,West Ham,1,2,1,0
5655,2021,15,2021-09-25,1,Leicester,Burnley,2,2,1,2
5656,2021,15,2021-09-25,1,Man United,Aston Villa,0,1,0,0
5657,2021,15,2021-09-25,1,Watford,Newcastle,1,1,0,1
5658,2021,22,2021-09-25,2,Alaves,Ath Madrid,1,0,1,0
5659,2021,22,2021-09-25,2,Real Madrid,Villarreal,0,0,0,0
5660,2021,22,2021-09-25,2,Sevilla,Espanol,2,0,1,0
5661,2021,22,2021-09-25,2,Valencia,Ath Bilbao,1,1,0,0
5662,2021,17,2021-09-25,3,Genoa,Verona,3,3,0,1
5663,2021,17,2021-09-25,3,Inter,Atalanta,2,2,1,2
5664,2021,17,2021-09-25,3,Spezia,Milan,1,2,0,0
5665,2021,16,2021-09-25,4,Ein Frankfurt,FC Koln,1,1,1,1
5666,2021,16,2021-09-25,4,Hoffenheim,Wolfsburg,3,1,1,1
5667,2021,16,2021-09-25,4,Leverkusen,Mainz,1,0,0,0
5668,2021,16,2021-09-25,4,M'gladbach,Dortmund,1,0,1,0
5669,2021,16,2021-09-25,4,RB Leipzig,Hertha,6,0,3,0
5670,2021,16,2021-09-25,4,Union Berlin,Bielefeld,1,0,0,0
5671,2021,20,2021-09-25,5,Lyon,Lorient,1,1,0,1
5672,2021,20,2021-09-25,5,Paris SG,Montpellier,2,0,1,0
5673,2021,20,2021-09-25,5,St Etienne,Nice,0,3,0,1
5674,2021,20,2021-09-25,5,Strasbourg,Lille,1,2,0,1
5675,2021,16,2021-09-26,1,Arsenal,Tottenham,3,1,3,0
5676,2021,16,2021-09-26,1,Southampton,Wolves,0,1,0,0
5677,2021,23,2021-09-26,2,Barcelona,Levante,3,0,2,0
5678,2021,23,2021-09-26,2,Betis,Getafe,2,0,1,0
5679,2021,23,2021-09-26,2,Mallorca,Osasuna,2,3,2,1
5680,2021,23,2021-09-26,2,Sociedad,Elche,1,0,0,0
5681,2021,23,2021-09-26,2,Vallecano,Cadiz,3,1,2,1
5682,2021,18,2021-09-26,3,Empoli,Bologna,4,2,2,1
5683,2021,18,2021-09-26,3,Juventus,Sampdoria,3,2,2,1
5684,2021,18,2021-09-26,3,Lazio,Roma,3,2,2,1
5685,2021,18,2021-09-26,3,Napoli,Cagliari,2,0,1,0
5686,2021,18,2021-09-26,3,Sassuolo,Salernitana,1,0,0,0
5687,2021,18,2021-09-26,3,Udinese,Fiorentina,0,1,0,1
5688,2021,17,2021-09-26,4,Bochum,Stuttgart,0,0,0,0
5689,2021,17,2021-09-26,4,Freiburg,Augsburg,3,0,3,0
5690,2021,21,2021-09-26,5,Bordeaux,Rennes,1,1,0,0
5691,2021,21,2021-09-26,5,Brest,Metz,1,2,0,1
5692,2021,21,2021-09-26,5,Clermont,Monaco,1,3,1,1
5693,2021,21,2021-09-26,5,Marseille,Lens,2,3,2,2
5694,2021,21,2021-09-26,5,Reims,Nantes,3,1,0,0
5695,2021,21,2021-09-26,5,Troyes,Angers,1,1,1,0
5696,2021,17,2021-09-27,1,Crystal Palace,Brighton,1,1,1,0
5697,2021,24,2021-09-27,2,Celta,Granada,1,0,0,0
5698,2021,19,2021-09-27,3,Venezia,Torino,1,1,0,0
5699,2021,25,2021-10-01,2,Ath Bilbao,Alaves,1,0,1,0
5700,2021,20,2021-10-01,3,Cagliari,Venezia,1,1,1,0
5701,2021,18,2021-10-01,4,FC Koln,Greuther Furth,3,1,0,1
5702,2021,22,2021-10-01,5,Lens,Reims,2,0,1,0
5703,2021,18,2021-10-02,1,Brighton,Arsenal,0,0,0,0
5704,2021,18,2021-10-02,1,Burnley,Norwich,0,0,0,0
5705,2021,18,2021-10-02,1,Chelsea,Southampton,3,1,1,0
5706,2021,18,2021-10-02,1,Leeds,Watford,1,0,1,0
5707,2021,18,2021-10-02,1,Man United,Everton,1,1,1,0
5708,2021,18,2021-10-02,1,Wolves,Newcastle,2,1,1,1
5709,2021,26,2021-10-02,2,Ath Madrid,Barcelona,2,0,2,0
5710,2021,26,2021-10-02,2,Cadiz,Valencia,0,0,0,0
5711,2021,26,2021-10-02,2,Mallorca,Levante,1,0,0,0
5712,2021,26,2021-10-02,2,Osasuna,Vallecano,1,0,0,0
5713,2021,21,2021-10-02,3,Salernitana,Genoa,1,0,0,0
5714,2021,21,2021-10-02,3,Sassuolo,Inter,1,2,1,0
5715,2021,21,2021-10-02,3,Torino,Juventus,0,1,0,0
5716,2021,19,2021-10-02,4,Dortmund,Augsburg,2,1,1,1
5717,2021,19,2021-10-02,4,Hertha,Freiburg,1,2,0,1
5718,2021,19,2021-10-02,4,RB Leipzig,Bochum,3,0,0,0
5719,2021,19,2021-10-02,4,Stuttgart,Hoffenheim,3,1,1,0
5720,2021,19,2021-10-02,4,Wolfsburg,M'gladbach,1,3,1,2
5721,2021,23,2021-10-02,5,Montpellier,Strasbourg,1,1,1,1
5722,2021,23,2021-10-02,5,Nice,Brest,2,1,1,0
5723,2021,19,2021-10-03,1,Crystal Palace,Leicester,2,2,0,2
5724,2021,19,2021-10-03,1,Liverpool,Man City,2,2,0,0
5725,2021,19,2021-10-03,1,Tottenham,Aston Villa,2,1,1,0
5726,2021,19,2021-10-03,1,West Ham,Brentford,1,2,0,1
5727,2021,27,2021-10-03,2,Elche,Celta,1,0,0,0
5728,2021,27,2021-10-03,2,Espanol,Real Madrid,2,1,1,0
5729,2021,27,2021-10-03,2,Getafe,Sociedad,1,1,1,0
5730,2021,27,2021-10-03,2,Granada,Sevilla,1,0,1,0
5731,2021,27,2021-10-03,2,Villarreal,Betis,2,0,1,0
5732,2021,22,2021-10-03,3,Atalanta,Milan,2,3,0,2
5733,2021,22,2021-10-03,3,Bologna,Lazio,3,0,2,0
5734,2021,22,2021-10-03,3,Fiorentina,Napoli,1,2,1,1
5735,2021,22,2021-10-03,3,Roma,Empoli,2,0,1,0
5736,2021,22,2021-10-03,3,Sampdoria,Udinese,3,3,1,2
5737,2021,22,2021-10-03,3,Verona,Spezia,4,0,3,0
5738,2021,20,2021-10-03,4,Bayern Munich,Ein Frankfurt,1,2,1,1
5739,2021,20,2021-10-03,4,Bielefeld,Leverkusen,0,4,0,2
5740,2021,20,2021-10-03,4,Mainz,Union Berlin,1,2,1,0
5741,2021,24,2021-10-03,5,Angers,Metz,3,2,0,1
5742,2021,24,2021-10-03,5,Lille,Marseille,2,0,1,0
5743,2021,24,2021-10-03,5,Lorient,Clermont,1,1,0,1
5744,2021,24,2021-10-03,5,Monaco,Bordeaux,3,0,1,0
5745,2021,24,2021-10-03,5,Nantes,Troyes,2,0,0,0
5746,2021,24,2021-10-03,5,Rennes,Paris SG,2,0,1,0
5747,2021,24,2021-10-03,5,St Etienne,Lyon,1,1,0,1
5748,2021,21,2021-10-15,4,Hoffenheim,FC Koln,5,0,1,0
5749,2021,25,2021-10-15,5,Paris SG,Angers,2,1,0,1
5750,2021,20,2021-10-16,1,Aston Villa,Wolves,2,3,0,0
5751,2021,20,2021-10-16,1,Brentford,Chelsea,0,1,0,1
5752,2021,20,2021-10-16,1,Leicester,Man United,4,2,1,1
5753,2021,20,2021-10-16,1,Man City,Burnley,2,0,1,0
5754,2021,20,2021-10-16,1,Norwich,Brighton,0,0,0,0
5755,2021,20,2021-10-16,1,Southampton,Leeds,1,0,0,0
5756,2021,20,2021-10-16,1,Watford,Liverpool,0,5,0,2
5757,2021,28,2021-10-16,2,Levante,Getafe,0,0,0,0
5758,2021,28,2021-10-16,2,Sociedad,Mallorca,1,0,0,0
5759,2021,23,2021-10-16,3,Lazio,Inter,3,1,0,1
5760,2021,23,2021-10-16,3,Milan,Verona,3,2,0,2
5761,2021,23,2021-10-16,3,Spezia,Salernitana,2,1,0,1
5762,2021,22,2021-10-16,4,Dortmund,Mainz,3,1,1,0
5763,2021,22,2021-10-16,4,Ein Frankfurt,Hertha,1,2,0,1
5764,2021,22,2021-10-16,4,Freiburg,RB Leipzig,1,1,0,1
5765,2021,22,2021-10-16,4,Greuther Furth,Bochum,0,1,0,0
5766,2021,22,2021-10-16,4,M'gladbach,Stuttgart,1,1,1,1
5767,2021,22,2021-10-16,4,Union Berlin,Wolfsburg,2,0,0,0
5768,2021,26,2021-10-16,5,Clermont,Lille,1,0,1,0
5769,2021,26,2021-10-16,5,Lyon,Monaco,2,0,0,0
5770,2021,21,2021-10-17,1,Everton,West Ham,0,1,0,0
5771,2021,21,2021-10-17,1,Newcastle,Tottenham,2,3,1,3
5772,2021,29,2021-10-17,2,Barcelona,Valencia,3,1,2,1
5773,2021,29,2021-10-17,2,Celta,Sevilla,0,1,0,0
5774,2021,29,2021-10-17,2,Vallecano,Elche,2,1,1,1
5775,2021,29,2021-10-17,2,Villarreal,Osasuna,1,2,0,1
5776,2021,24,2021-10-17,3,Cagliari,Sampdoria,3,1,1,0
5777,2021,24,2021-10-17,3,Empoli,Atalanta,1,4,1,2
5778,2021,24,2021-10-17,3,Genoa,Sassuolo,2,2,1,2
5779,2021,24,2021-10-17,3,Juventus,Roma,1,0,1,0
5780,2021,24,2021-10-17,3,Napoli,Torino,1,0,0,0
5781,2021,24,2021-10-17,3,Udinese,Bologna,1,1,0,0
5782,2021,23,2021-10-17,4,Augsburg,Bielefeld,1,1,1,0
5783,2021,23,2021-10-17,4,Leverkusen,Bayern Munich,1,5,0,5
5784,2021,27,2021-10-17,5,Bordeaux,Nantes,1,1,0,0
5785,2021,27,2021-10-17,5,Brest,Reims,1,1,0,1
5786,2021,27,2021-10-17,5,Marseille,Lorient,4,1,1,1
5787,2021,27,2021-10-17,5,Metz,Rennes,0,3,0,3
5788,2021,27,2021-10-17,5,Montpellier,Lens,1,0,0,0
5789,2021,27,2021-10-17,5,Strasbourg,St Etienne,5,1,2,1
5790,2021,27,2021-10-17,5,Troyes,Nice,1,0,1,0
5791,2021,22,2021-10-18,1,Arsenal,Crystal Palace,2,2,1,0
5792,2021,30,2021-10-18,2,Alaves,Betis,0,1,0,0
5793,2021,30,2021-10-18,2,Espanol,Cadiz,2,0,1,0
5794,2021,25,2021-10-18,3,Venezia,Fiorentina,1,0,1,0
5795,2021,23,2021-10-22,1,Arsenal,Aston Villa,3,1,2,0
5796,2021,31,2021-10-22,2,Osasuna,Granada,1,1,1,0
5797,2021,26,2021-10-22,3,Sampdoria,Spezia,2,1,2,0
5798,2021,26,2021-10-22,3,Torino,Genoa,3,2,2,0
5799,2021,24,2021-10-22,4,Mainz,Augsburg,4,1,3,0
5800,2021,28,2021-10-22,5,St Etienne,Angers,2,2,0,1
5801,2021,24,2021-10-23,1,Brighton,Man City,1,4,0,3
5802,2021,24,2021-10-23,1,Chelsea,Norwich,7,0,3,0
5803,2021,24,2021-10-23,1,Crystal Palace,Newcastle,1,1,0,0
5804,2021,24,2021-10-23,1,Everton,Watford,2,5,1,1
5805,2021,24,2021-10-23,1,Leeds,Wolves,1,1,0,1
5806,2021,24,2021-10-23,1,Southampton,Burnley,2,2,1,1
5807,2021,32,2021-10-23,2,Ath Bilbao,Villarreal,2,1,1,1
5808,2021,32,2021-10-23,2,Cadiz,Alaves,0,2,0,1
5809,2021,32,2021-10-23,2,Elche,Espanol,2,2,1,0
5810,2021,32,2021-10-23,2,Valencia,Mallorca,2,2,0,2
5811,2021,27,2021-10-23,3,Bologna,Milan,2,4,0,2
5812,2021,27,2021-10-23,3,Salernitana,Empoli,2,4,0,4
5813,2021,27,2021-10-23,3,Sassuolo,Venezia,3,1,1,1
5814,2021,25,2021-10-23,4,Bayern Munich,Hoffenheim,4,0,2,0
5815,2021,25,2021-10-23,4,Bielefeld,Dortmund,1,3,0,2
5816,2021,25,2021-10-23,4,Hertha,M'gladbach,1,0,1,0
5817,2021,25,2021-10-23,4,RB Leipzig,Greuther Furth,4,1,0,1
5818,2021,25,2021-10-23,4,Wolfsburg,Freiburg,0,2,0,1
5819,2021,29,2021-10-23,5,Lille,Brest,1,1,1,1
5820,2021,29,2021-10-23,5,Nantes,Clermont,2,1,1,0
5821,2021,25,2021-10-24,1,Brentford,Leicester,1,2,0,1
5822,2021,25,2021-10-24,1,Man United,Liverpool,0,5,0,4
5823,2021,25,2021-10-24,1,West Ham,Tottenham,1,0,0,0
5824,2021,33,2021-10-24,2,Ath Madrid,Sociedad,2,2,0,1
5825,2021,33,2021-10-24,2,Barcelona,Real Madrid,1,2,0,1
5826,2021,33,2021-10-24,2,Betis,Vallecano,3,2,2,1
5827,2021,33,2021-10-24,2,Sevilla,Levante,5,3,3,1
5828,2021,28,2021-10-24,3,Atalanta,Udinese,1,1,0,0
5829,2021,28,2021-10-24,3,Fiorentina,Cagliari,3,0,2,0
5830,2021,28,2021-10-24,3,Inter,Juventus,1,1,1,0
5831,2021,28,2021-10-24,3,Roma,Napoli,0,0,0,0
5832,2021,28,2021-10-24,3,Verona,Lazio,4,1,2,0
5833,2021,26,2021-10-24,4,Bochum,Ein Frankfurt,2,0,1,0
5834,2021,26,2021-10-24,4,FC Koln,Leverkusen,2,2,0,2
5835,2021,26,2021-10-24,4,Stuttgart,Union Berlin,1,1,0,1
5836,2021,30,2021-10-24,5,Lens,Metz,4,1,2,1
5837,2021,30,2021-10-24,5,Lorient,Bordeaux,1,1,0,0
5838,2021,30,2021-10-24,5,Marseille,Paris SG,0,0,0,0
5839,2021,30,2021-10-24,5,Monaco,Montpellier,3,1,2,0
5840,2021,30,2021-10-24,5,Nice,Lyon,3,2,0,1
5841,2021,30,2021-10-24,5,Reims,Troyes,1,2,1,1
5842,2021,30,2021-10-24,5,Rennes,Strasbourg,1,0,0,0
5843,2021,34,2021-10-25,2,Getafe,Celta,0,3,0,0
5844,2021,35,2021-10-26,2,Alaves,Elche,1,0,0,0
5845,2021,35,2021-10-26,2,Espanol,Ath Bilbao,1,1,1,0
5846,2021,35,2021-10-26,2,Villarreal,Cadiz,3,3,1,2
5847,2021,29,2021-10-26,3,Milan,Torino,1,0,1,0
5848,2021,29,2021-10-26,3,Spezia,Genoa,1,1,0,0
5849,2021,29,2021-10-26,3,Venezia,Salernitana,1,2,1,0
5850,2021,36,2021-10-27,2,Betis,Valencia,4,1,2,1
5851,2021,36,2021-10-27,2,Mallorca,Sevilla,1,1,1,0
5852,2021,36,2021-10-27,2,Real Madrid,Osasuna,0,0,0,0
5853,2021,36,2021-10-27,2,Vallecano,Barcelona,1,0,1,0
5854,2021,30,2021-10-27,3,Cagliari,Roma,1,2,0,0
5855,2021,30,2021-10-27,3,Empoli,Inter,0,2,0,1
5856,2021,30,2021-10-27,3,Juventus,Sassuolo,1,2,0,1
5857,2021,30,2021-10-27,3,Lazio,Fiorentina,1,0,0,0
5858,2021,30,2021-10-27,3,Sampdoria,Atalanta,1,3,1,2
5859,2021,30,2021-10-27,3,Udinese,Verona,1,1,1,0
5860,2021,31,2021-10-27,5,Nice,Marseille,1,1,1,1
5861,2021,37,2021-10-28,2,Celta,Sociedad,0,2,0,0
5862,2021,37,2021-10-28,2,Granada,Getafe,1,1,0,1
5863,2021,37,2021-10-28,2,Levante,Ath Madrid,2,2,1,1
5864,2021,31,2021-10-28,3,Napoli,Bologna,3,0,2,0
5865,2021,27,2021-10-29,4,Hoffenheim,Hertha,2,0,2,0
5866,2021,32,2021-10-29,5,Paris SG,Lille,2,1,0,1
5867,2021,26,2021-10-30,1,Burnley,Brentford,3,1,3,0
5868,2021,26,2021-10-30,1,Leicester,Arsenal,0,2,0,2
5869,2021,26,2021-10-30,1,Liverpool,Brighton,2,2,2,1
5870,2021,26,2021-10-30,1,Man City,Crystal Palace,0,2,0,1
5871,2021,26,2021-10-30,1,Newcastle,Chelsea,0,3,0,0
5872,2021,26,2021-10-30,1,Tottenham,Man United,0,3,0,1
5873,2021,26,2021-10-30,1,Watford,Southampton,0,1,0,1
5874,2021,38,2021-10-30,2,Barcelona,Alaves,1,1,0,0
5875,2021,38,2021-10-30,2,Elche,Real Madrid,1,2,0,1
5876,2021,38,2021-10-30,2,Sevilla,Osasuna,2,0,1,0
5877,2021,38,2021-10-30,2,Valencia,Villarreal,2,0,1,0
5878,2021,32,2021-10-30,3,Atalanta,Lazio,2,2,1,1
5879,2021,32,2021-10-30,3,Torino,Sampdoria,3,0,1,0
5880,2021,32,2021-10-30,3,Verona,Juventus,2,1,2,0
5881,2021,28,2021-10-30,4,Bielefeld,Mainz,1,2,1,1
5882,2021,28,2021-10-30,4,Dortmund,FC Koln,2,0,1,0
5883,2021,28,2021-10-30,4,Ein Frankfurt,RB Leipzig,1,1,0,1
5884,2021,28,2021-10-30,4,Freiburg,Greuther Furth,3,1,2,0
5885,2021,28,2021-10-30,4,Leverkusen,Wolfsburg,0,2,0,0
5886,2021,28,2021-10-30,4,Union Berlin,Bayern Munich,2,5,1,3
5887,2021,33,2021-10-30,5,Lyon,Lens,2,1,2,0
5888,2021,33,2021-10-30,5,Metz,St Etienne,1,1,1,1
5889,2021,27,2021-10-31,1,Aston Villa,West Ham,1,4,1,2
5890,2021,27,2021-10-31,1,Norwich,Leeds,1,2,0,0
5891,2021,39,2021-10-31,2,Ath Madrid,Betis,3,0,1,0
5892,2021,39,2021-10-31,2,Cadiz,Mallorca,1,1,0,1
5893,2021,39,2021-10-31,2,Getafe,Espanol,2,1,1,1
5894,2021,39,2021-10-31,2,Sociedad,Ath Bilbao,1,1,0,0
5895,2021,33,2021-10-31,3,Fiorentina,Spezia,3,0,1,0
5896,2021,33,2021-10-31,3,Genoa,Venezia,0,0,0,0
5897,2021,33,2021-10-31,3,Inter,Udinese,2,0,0,0
5898,2021,33,2021-10-31,3,Roma,Milan,1,2,0,1
5899,2021,33,2021-10-31,3,Salernitana,Napoli,0,1,0,0
5900,2021,33,2021-10-31,3,Sassuolo,Empoli,1,2,1,0
5901,2021,29,2021-10-31,4,Augsburg,Stuttgart,4,1,1,1
5902,2021,29,2021-10-31,4,M'gladbach,Bochum,2,1,2,0
5903,2021,34,2021-10-31,5,Angers,Nice,1,2,1,0
5904,2021,34,2021-10-31,5,Bordeaux,Reims,3,2,0,1
5905,2021,34,2021-10-31,5,Brest,Monaco,2,0,1,0
5906,2021,34,2021-10-31,5,Clermont,Marseille,0,1,0,1
5907,2021,34,2021-10-31,5,Montpellier,Nantes,2,0,0,0
5908,2021,34,2021-10-31,5,Strasbourg,Lorient,4,0,3,0
5909,2021,34,2021-10-31,5,Troyes,Rennes,2,2,2,1
5910,2021,28,2021-11-01,1,Wolves,Everton,2,1,2,0
5911,2021,40,2021-11-01,2,Levante,Granada,0,3,0,2
5912,2021,40,2021-11-01,2,Vallecano,Celta,0,0,0,0
5913,2021,34,2021-11-01,3,Bologna,Cagliari,2,0,0,0
5914,2021,29,2021-11-05,1,Southampton,Aston Villa,1,0,1,0
5915,2021,41,2021-11-05,2,Ath Bilbao,Cadiz,0,1,0,1
5916,2021,35,2021-11-05,3,Empoli,Genoa,2,2,0,1
5917,2021,30,2021-11-05,4,Mainz,M'gladbach,1,1,0,1
5918,2021,35,2021-11-05,5,Lens,Troyes,4,0,3,0
5919,2021,30,2021-11-06,1,Brentford,Norwich,1,2,0,2
5920,2021,30,2021-11-06,1,Brighton,Newcastle,1,1,1,0
5921,2021,30,2021-11-06,1,Chelsea,Burnley,1,1,1,0
5922,2021,30,2021-11-06,1,Crystal Palace,Wolves,2,0,0,0
5923,2021,30,2021-11-06,1,Man United,Man City,0,2,0,2
5924,2021,42,2021-11-06,2,Alaves,Levante,2,1,0,1
5925,2021,42,2021-11-06,2,Celta,Barcelona,3,3,0,3
5926,2021,42,2021-11-06,2,Espanol,Granada,2,0,2,0
5927,2021,42,2021-11-06,2,Real Madrid,Vallecano,2,1,2,0
5928,2021,36,2021-11-06,3,Cagliari,Atalanta,1,2,1,2
5929,2021,36,2021-11-06,3,Juventus,Fiorentina,1,0,0,0
5930,2021,36,2021-11-06,3,Spezia,Torino,1,0,0,0
5931,2021,31,2021-11-06,4,Bayern Munich,Freiburg,2,1,1,0
5932,2021,31,2021-11-06,4,Bochum,Hoffenheim,2,0,0,0
5933,2021,31,2021-11-06,4,RB Leipzig,Dortmund,2,1,1,0
5934,2021,31,2021-11-06,4,Stuttgart,Bielefeld,0,1,0,1
5935,2021,31,2021-11-06,4,Wolfsburg,Augsburg,1,0,1,0
5936,2021,36,2021-11-06,5,Bordeaux,Paris SG,2,3,0,2
5937,2021,36,2021-11-06,5,Lille,Angers,1,1,1,0
5938,2021,31,2021-11-07,1,Arsenal,Watford,1,0,0,0
5939,2021,31,2021-11-07,1,Everton,Tottenham,0,0,0,0
5940,2021,31,2021-11-07,1,Leeds,Leicester,1,1,1,1
5941,2021,31,2021-11-07,1,West Ham,Liverpool,3,2,1,1
5942,2021,43,2021-11-07,2,Betis,Sevilla,0,2,0,0
5943,2021,43,2021-11-07,2,Mallorca,Elche,2,2,0,0
5944,2021,43,2021-11-07,2,Osasuna,Sociedad,0,2,0,0
5945,2021,43,2021-11-07,2,Valencia,Ath Madrid,3,3,0,1
5946,2021,43,2021-11-07,2,Villarreal,Getafe,1,0,1,0
5947,2021,37,2021-11-07,3,Lazio,Salernitana,3,0,2,0
5948,2021,37,2021-11-07,3,Milan,Inter,1,1,1,1
5949,2021,37,2021-11-07,3,Napoli,Verona,1,1,1,1
5950,2021,37,2021-11-07,3,Sampdoria,Bologna,1,2,0,0
5951,2021,37,2021-11-07,3,Udinese,Sassuolo,3,2,2,2
5952,2021,37,2021-11-07,3,Venezia,Roma,3,2,1,2
5953,2021,32,2021-11-07,4,FC Koln,Union Berlin,2,2,1,2
5954,2021,32,2021-11-07,4,Greuther Furth,Ein Frankfurt,1,2,0,0
5955,2021,32,2021-11-07,4,Hertha,Leverkusen,1,1,1,0
5956,2021,37,2021-11-07,5,Lorient,Brest,1,2,1,0
5957,2021,37,2021-11-07,5,Marseille,Metz,0,0,0,0
5958,2021,37,2021-11-07,5,Nantes,Strasbourg,2,2,1,1
5959,2021,37,2021-11-07,5,Nice,Montpellier,0,1,0,0
5960,2021,37,2021-11-07,5,Reims,Monaco,0,0,0,0
5961,2021,37,2021-11-07,5,Rennes,Lyon,4,1,1,0
5962,2021,37,2021-11-07,5,St Etienne,Clermont,3,2,0,0
5963,2021,44,2021-11-19,2,Levante,Ath Bilbao,0,0,0,0
5964,2021,33,2021-11-19,4,Augsburg,Bayern Munich,2,1,2,1
5965,2021,38,2021-11-19,5,Monaco,Lille,2,2,1,2
5966,2021,32,2021-11-20,1,Aston Villa,Brighton,2,0,0,0
5967,2021,32,2021-11-20,1,Burnley,Crystal Palace,3,3,2,3
5968,2021,32,2021-11-20,1,Leicester,Chelsea,0,3,0,2
5969,2021,32,2021-11-20,1,Liverpool,Arsenal,4,0,1,0
5970,2021,32,2021-11-20,1,Newcastle,Brentford,3,3,2,2
5971,2021,32,2021-11-20,1,Norwich,Southampton,2,1,1,1
5972,2021,32,2021-11-20,1,Watford,Man United,4,1,2,0
5973,2021,32,2021-11-20,1,Wolves,West Ham,1,0,0,0
5974,2021,45,2021-11-20,2,Ath Madrid,Osasuna,1,0,0,0
5975,2021,45,2021-11-20,2,Barcelona,Espanol,1,0,0,0
5976,2021,45,2021-11-20,2,Celta,Villarreal,1,1,0,1
5977,2021,45,2021-11-20,2,Sevilla,Alaves,2,2,1,2
5978,2021,38,2021-11-20,3,Atalanta,Spezia,5,2,3,1
5979,2021,38,2021-11-20,3,Fiorentina,Milan,4,3,2,0
5980,2021,38,2021-11-20,3,Lazio,Juventus,0,2,0,1
5981,2021,34,2021-11-20,4,Bielefeld,Wolfsburg,2,2,1,0
5982,2021,34,2021-11-20,4,Dortmund,Stuttgart,2,1,0,0
5983,2021,34,2021-11-20,4,Hoffenheim,RB Leipzig,2,0,1,0
5984,2021,34,2021-11-20,4,Leverkusen,Bochum,1,0,1,0
5985,2021,34,2021-11-20,4,M'gladbach,Greuther Furth,4,0,3,0
5986,2021,34,2021-11-20,4,Union Berlin,Hertha,2,0,2,0
5987,2021,39,2021-11-20,5,Paris SG,Nantes,3,1,1,0
5988,2021,39,2021-11-20,5,Rennes,Montpellier,2,0,2,0
5989,2021,33,2021-11-21,1,Man City,Everton,3,0,1,0
5990,2021,33,2021-11-21,1,Tottenham,Leeds,2,1,0,1
5991,2021,46,2021-11-21,2,Elche,Betis,0,3,0,3
5992,2021,46,2021-11-21,2,Getafe,Cadiz,4,0,1,0
5993,2021,46,2021-11-21,2,Granada,Real Madrid,1,4,1,2
5994,2021,46,2021-11-21,2,Sociedad,Valencia,0,0,0,0
5995,2021,39,2021-11-21,3,Bologna,Venezia,0,1,0,0
5996,2021,39,2021-11-21,3,Genoa,Roma,0,2,0,0
5997,2021,39,2021-11-21,3,Inter,Napoli,3,2,2,1
5998,2021,39,2021-11-21,3,Salernitana,Sampdoria,0,2,0,2
5999,2021,39,2021-11-21,3,Sassuolo,Cagliari,2,2,1,1
6000,2021,35,2021-11-21,4,Freiburg,Ein Frankfurt,0,2,0,2
6001,2021,35,2021-11-21,4,Mainz,FC Koln,1,1,1,0
6002,2021,40,2021-11-21,5,Angers,Lorient,1,0,0,0
6003,2021,40,2021-11-21,5,Brest,Lens,4,0,3,0
6004,2021,40,2021-11-21,5,Clermont,Nice,1,2,1,0
6005,2021,40,2021-11-21,5,Metz,Bordeaux,3,3,1,2
6006,2021,40,2021-11-21,5,Strasbourg,Reims,1,1,0,1
6007,2021,40,2021-11-21,5,Troyes,St Etienne,0,1,0,0
6008,2021,47,2021-11-22,2,Vallecano,Mallorca,3,1,2,0
6009,2021,40,2021-11-22,3,Torino,Udinese,2,1,1,0
6010,2021,40,2021-11-22,3,Verona,Empoli,2,1,0,0
6011,2021,48,2021-11-26,2,Ath Bilbao,Granada,2,2,1,2
6012,2021,41,2021-11-26,3,Cagliari,Salernitana,1,1,0,0
6013,2021,36,2021-11-26,4,Stuttgart,Mainz,2,1,1,1
6014,2021,41,2021-11-26,5,Lens,Angers,2,2,0,1
6015,2021,34,2021-11-27,1,Arsenal,Newcastle,2,0,0,0
6016,2021,34,2021-11-27,1,Brighton,Leeds,0,0,0,0
6017,2021,34,2021-11-27,1,Crystal Palace,Aston Villa,1,2,0,1
6018,2021,34,2021-11-27,1,Liverpool,Southampton,4,0,3,0
6019,2021,34,2021-11-27,1,Norwich,Wolves,0,0,0,0
6020,2021,49,2021-11-27,2,Alaves,Celta,1,2,1,1
6021,2021,49,2021-11-27,2,Mallorca,Getafe,0,0,0,0
6022,2021,49,2021-11-27,2,Valencia,Vallecano,1,1,1,0
6023,2021,49,2021-11-27,2,Villarreal,Barcelona,1,3,0,0
6024,2021,42,2021-11-27,3,Empoli,Fiorentina,2,1,0,0
6025,2021,42,2021-11-27,3,Juventus,Atalanta,0,1,0,1
6026,2021,42,2021-11-27,3,Sampdoria,Verona,3,1,0,1
6027,2021,42,2021-11-27,3,Venezia,Inter,0,2,0,1
6028,2021,37,2021-11-27,4,Bayern Munich,Bielefeld,1,0,0,0
6029,2021,37,2021-11-27,4,Bochum,Freiburg,2,1,0,0
6030,2021,37,2021-11-27,4,FC Koln,M'gladbach,4,1,0,0
6031,2021,37,2021-11-27,4,Greuther Furth,Hoffenheim,3,6,1,2
6032,2021,37,2021-11-27,4,Hertha,Augsburg,1,1,1,0
6033,2021,37,2021-11-27,4,Wolfsburg,Dortmund,1,3,1,1
6034,2021,42,2021-11-27,5,Lille,Nantes,1,1,1,1
6035,2021,42,2021-11-27,5,Nice,Metz,0,1,0,1
6036,2021,35,2021-11-28,1,Brentford,Everton,1,0,1,0
6037,2021,35,2021-11-28,1,Chelsea,Man United,1,1,0,0
6038,2021,35,2021-11-28,1,Leicester,Watford,4,2,3,1
6039,2021,35,2021-11-28,1,Man City,West Ham,2,1,1,0
6040,2021,50,2021-11-28,2,Betis,Levante,3,1,0,1
6041,2021,50,2021-11-28,2,Cadiz,Ath Madrid,1,4,0,0
6042,2021,50,2021-11-28,2,Espanol,Sociedad,1,0,0,0
6043,2021,50,2021-11-28,2,Real Madrid,Sevilla,2,1,1,1
6044,2021,43,2021-11-28,3,Milan,Sassuolo,1,3,1,2
6045,2021,43,2021-11-28,3,Napoli,Lazio,4,0,3,0
6046,2021,43,2021-11-28,3,Roma,Torino,1,0,1,0
6047,2021,43,2021-11-28,3,Spezia,Bologna,0,1,0,0
6048,2021,43,2021-11-28,3,Udinese,Genoa,0,0,0,0
6049,2021,38,2021-11-28,4,Ein Frankfurt,Union Berlin,2,1,1,0
6050,2021,38,2021-11-28,4,RB Leipzig,Leverkusen,1,3,0,2
6051,2021,43,2021-11-28,5,Bordeaux,Brest,1,2,1,0
6052,2021,43,2021-11-28,5,Lorient,Rennes,0,2,0,0
6053,2021,43,2021-11-28,5,Marseille,Troyes,1,0,0,0
6054,2021,43,2021-11-28,5,Monaco,Strasbourg,1,1,1,0
6055,2021,43,2021-11-28,5,Montpellier,Lyon,0,1,0,1
6056,2021,43,2021-11-28,5,Reims,Clermont,1,0,0,0
6057,2021,43,2021-11-28,5,St Etienne,Paris SG,1,3,1,1
6058,2021,51,2021-11-29,2,Osasuna,Elche,1,1,1,1
6059,2021,36,2021-11-30,1,Leeds,Crystal Palace,1,0,0,0
6060,2021,36,2021-11-30,1,Newcastle,Norwich,1,1,0,0
6061,2021,44,2021-11-30,3,Atalanta,Venezia,4,0,2,0
6062,2021,44,2021-11-30,3,Fiorentina,Sampdoria,3,1,3,1
6063,2021,44,2021-11-30,3,Salernitana,Juventus,0,2,0,1
6064,2021,44,2021-11-30,3,Verona,Cagliari,0,0,0,0
6065,2021,37,2021-12-01,1,Aston Villa,Man City,1,2,0,2
6066,2021,37,2021-12-01,1,Everton,Liverpool,1,4,1,2
6067,2021,37,2021-12-01,1,Southampton,Leicester,2,2,2,1
6068,2021,37,2021-12-01,1,Watford,Chelsea,1,2,1,1
6069,2021,37,2021-12-01,1,West Ham,Brighton,1,1,1,0
6070,2021,37,2021-12-01,1,Wolves,Burnley,0,0,0,0
6071,2021,52,2021-12-01,2,Real Madrid,Ath Bilbao,1,0,1,0
6072,2021,45,2021-12-01,3,Bologna,Roma,1,0,1,0
6073,2021,45,2021-12-01,3,Genoa,Milan,0,3,0,2
6074,2021,45,2021-12-01,3,Inter,Spezia,2,0,1,0
6075,2021,45,2021-12-01,3,Sassuolo,Napoli,2,2,0,0
6076,2021,44,2021-12-01,5,Angers,Monaco,1,3,0,2
6077,2021,44,2021-12-01,5,Brest,St Etienne,1,0,0,0
6078,2021,44,2021-12-01,5,Clermont,Lens,2,2,1,1
6079,2021,44,2021-12-01,5,Lyon,Reims,1,2,0,0
6080,2021,44,2021-12-01,5,Metz,Montpellier,1,3,0,2
6081,2021,44,2021-12-01,5,Nantes,Marseille,0,1,0,1
6082,2021,44,2021-12-01,5,Paris SG,Nice,0,0,0,0
6083,2021,44,2021-12-01,5,Rennes,Lille,1,2,0,2
6084,2021,44,2021-12-01,5,Strasbourg,Bordeaux,5,2,3,1
6085,2021,44,2021-12-01,5,Troyes,Lorient,2,0,2,0
6086,2021,38,2021-12-02,1,Man United,Arsenal,3,2,1,1
6087,2021,38,2021-12-02,1,Tottenham,Brentford,2,0,1,0
6088,2021,46,2021-12-02,3,Lazio,Udinese,4,4,1,3
6089,2021,46,2021-12-02,3,Torino,Empoli,2,2,2,1
6090,2021,53,2021-12-03,2,Granada,Alaves,2,1,1,0
6091,2021,39,2021-12-03,4,Union Berlin,RB Leipzig,2,1,1,1
6092,2021,39,2021-12-04,1,Newcastle,Burnley,1,0,1,0
6093,2021,39,2021-12-04,1,Southampton,Brighton,1,1,1,0
6094,2021,39,2021-12-04,1,Watford,Man City,1,3,0,2
6095,2021,39,2021-12-04,1,West Ham,Chelsea,3,2,1,2
6096,2021,39,2021-12-04,1,Wolves,Liverpool,0,1,0,0
6097,2021,54,2021-12-04,2,Ath Madrid,Mallorca,1,2,0,0
6098,2021,54,2021-12-04,2,Barcelona,Betis,0,1,0,0
6099,2021,54,2021-12-04,2,Sevilla,Villarreal,1,0,1,0
6100,2021,54,2021-12-04,2,Sociedad,Real Madrid,0,2,0,0
6101,2021,47,2021-12-04,3,Milan,Salernitana,2,0,2,0
6102,2021,47,2021-12-04,3,Napoli,Atalanta,2,3,1,1
6103,2021,47,2021-12-04,3,Roma,Inter,0,3,0,3
6104,2021,40,2021-12-04,4,Augsburg,Bochum,2,3,0,3
6105,2021,40,2021-12-04,4,Bielefeld,FC Koln,1,1,0,1
6106,2021,40,2021-12-04,4,Dortmund,Bayern Munich,2,3,1,2
6107,2021,40,2021-12-04,4,Hoffenheim,Ein Frankfurt,3,2,2,1
6108,2021,40,2021-12-04,4,Leverkusen,Greuther Furth,7,1,3,1
6109,2021,40,2021-12-04,4,Mainz,Wolfsburg,3,0,2,0
6110,2021,45,2021-12-04,5,Lens,Paris SG,1,1,0,0
6111,2021,45,2021-12-04,5,Lille,Troyes,2,1,0,1
6112,2021,45,2021-12-04,5,Marseille,Brest,1,2,1,0
6113,2021,40,2021-12-05,1,Aston Villa,Leicester,2,1,1,1
6114,2021,40,2021-12-05,1,Leeds,Brentford,2,2,1,0
6115,2021,40,2021-12-05,1,Man United,Crystal Palace,1,0,0,0
6116,2021,40,2021-12-05,1,Tottenham,Norwich,3,0,1,0
6117,2021,55,2021-12-05,2,Celta,Valencia,1,2,1,1
6118,2021,55,2021-12-05,2,Elche,Cadiz,3,1,1,0
6119,2021,55,2021-12-05,2,Levante,Osasuna,0,0,0,0
6120,2021,55,2021-12-05,2,Vallecano,Espanol,1,0,0,0
6121,2021,48,2021-12-05,3,Bologna,Fiorentina,2,3,1,1
6122,2021,48,2021-12-05,3,Juventus,Genoa,2,0,1,0
6123,2021,48,2021-12-05,3,Sampdoria,Lazio,1,3,0,3
6124,2021,48,2021-12-05,3,Spezia,Sassuolo,2,2,1,0
6125,2021,48,2021-12-05,3,Venezia,Verona,3,4,3,0
6126,2021,41,2021-12-05,4,M'gladbach,Freiburg,0,6,0,6
6127,2021,41,2021-12-05,4,Stuttgart,Hertha,2,2,2,1
6128,2021,46,2021-12-05,5,Bordeaux,Lyon,2,2,1,2
6129,2021,46,2021-12-05,5,Lorient,Nantes,0,1,0,0
6130,2021,46,2021-12-05,5,Monaco,Metz,4,0,2,0
6131,2021,46,2021-12-05,5,Montpellier,Clermont,1,0,1,0
6132,2021,46,2021-12-05,5,Nice,Strasbourg,0,3,0,1
6133,2021,46,2021-12-05,5,Reims,Angers,1,2,0,0
6134,2021,46,2021-12-05,5,St Etienne,Rennes,0,5,0,3
6135,2021,41,2021-12-06,1,Everton,Arsenal,2,1,0,1
6136,2021,56,2021-12-06,2,Getafe,Ath Bilbao,0,0,0,0
6137,2021,49,2021-12-06,3,Cagliari,Torino,1,1,0,1
6138,2021,49,2021-12-06,3,Empoli,Udinese,3,1,0,1
6139,2021,42,2021-12-10,1,Brentford,Watford,2,1,0,1
6140,2021,57,2021-12-10,2,Mallorca,Celta,0,0,0,0
6141,2021,50,2021-12-10,3,Genoa,Sampdoria,1,3,0,1
6142,2021,42,2021-12-10,4,FC Koln,Augsburg,0,2,0,0
6143,2021,47,2021-12-10,5,Nantes,Lens,3,2,0,2
6144,2021,43,2021-12-11,1,Arsenal,Southampton,3,0,2,0
6145,2021,43,2021-12-11,1,Chelsea,Leeds,3,2,1,1
6146,2021,43,2021-12-11,1,Liverpool,Aston Villa,1,0,0,0
6147,2021,43,2021-12-11,1,Man City,Wolves,1,0,0,0
6148,2021,43,2021-12-11,1,Norwich,Man United,0,1,0,0
6149,2021,58,2021-12-11,2,Alaves,Getafe,1,1,0,1
6150,2021,58,2021-12-11,2,Ath Bilbao,Sevilla,0,1,0,1
6151,2021,58,2021-12-11,2,Espanol,Levante,4,3,1,2
6152,2021,58,2021-12-11,2,Valencia,Elche,2,1,1,0
6153,2021,51,2021-12-11,3,Fiorentina,Salernitana,4,0,1,0
6154,2021,51,2021-12-11,3,Udinese,Milan,1,1,1,0
6155,2021,51,2021-12-11,3,Venezia,Juventus,1,1,0,1
6156,2021,43,2021-12-11,4,Bayern Munich,Mainz,2,1,0,1
6157,2021,43,2021-12-11,4,Bochum,Dortmund,1,1,1,0
6158,2021,43,2021-12-11,4,Freiburg,Hoffenheim,1,2,1,1
6159,2021,43,2021-12-11,4,Hertha,Bielefeld,2,0,0,0
6160,2021,43,2021-12-11,4,RB Leipzig,M'gladbach,4,1,2,0
6161,2021,43,2021-12-11,4,Wolfsburg,Stuttgart,0,2,0,1
6162,2021,48,2021-12-11,5,Brest,Montpellier,0,4,0,1
6163,2021,48,2021-12-11,5,Reims,St Etienne,2,0,1,0
6164,2021,44,2021-12-12,1,Burnley,West Ham,0,0,0,0
6165,2021,44,2021-12-12,1,Crystal Palace,Everton,3,1,1,0
6166,2021,44,2021-12-12,1,Leicester,Newcastle,4,0,1,0
6167,2021,59,2021-12-12,2,Betis,Sociedad,4,0,1,0
6168,2021,59,2021-12-12,2,Osasuna,Barcelona,2,2,1,1
6169,2021,59,2021-12-12,2,Real Madrid,Ath Madrid,2,0,1,0
6170,2021,59,2021-12-12,2,Villarreal,Vallecano,2,0,2,0
6171,2021,52,2021-12-12,3,Inter,Cagliari,4,0,1,0
6172,2021,52,2021-12-12,3,Napoli,Empoli,0,1,0,0
6173,2021,52,2021-12-12,3,Sassuolo,Lazio,2,1,0,1
6174,2021,52,2021-12-12,3,Torino,Bologna,2,1,1,0
6175,2021,52,2021-12-12,3,Verona,Atalanta,1,2,1,1
6176,2021,44,2021-12-12,4,Ein Frankfurt,Leverkusen,5,2,2,2
6177,2021,44,2021-12-12,4,Greuther Furth,Union Berlin,1,0,0,0
6178,2021,49,2021-12-12,5,Angers,Clermont,0,1,0,0
6179,2021,49,2021-12-12,5,Lille,Lyon,0,0,0,0
6180,2021,49,2021-12-12,5,Metz,Lorient,4,1,3,0
6181,2021,49,2021-12-12,5,Paris SG,Monaco,2,0,2,0
6182,2021,49,2021-12-12,5,Rennes,Nice,1,2,0,1
6183,2021,49,2021-12-12,5,Strasbourg,Marseille,0,2,0,0
6184,2021,49,2021-12-12,5,Troyes,Bordeaux,1,2,1,1
6185,2021,60,2021-12-13,2,Cadiz,Granada,1,1,1,0
6186,2021,53,2021-12-13,3,Roma,Spezia,2,0,1,0
6187,2021,45,2021-12-14,1,Man City,Leeds,7,0,3,0
6188,2021,45,2021-12-14,1,Norwich,Aston Villa,0,2,0,1
6189,2021,45,2021-12-14,4,Bielefeld,Bochum,2,0,0,0
6190,2021,45,2021-12-14,4,Mainz,Hertha,4,0,2,0
6191,2021,45,2021-12-14,4,Stuttgart,Bayern Munich,0,5,0,1
6192,2021,45,2021-12-14,4,Wolfsburg,FC Koln,2,3,1,1
6193,2021,46,2021-12-15,1,Arsenal,West Ham,2,0,0,0
6194,2021,46,2021-12-15,1,Brighton,Wolves,0,1,0,1
6195,2021,46,2021-12-15,1,Crystal Palace,Southampton,2,2,1,2
6196,2021,46,2021-12-15,4,Augsburg,RB Leipzig,1,1,0,1
6197,2021,46,2021-12-15,4,Dortmund,Greuther Furth,3,0,1,0
6198,2021,46,2021-12-15,4,Leverkusen,Hoffenheim,2,2,1,0
6199,2021,46,2021-12-15,4,M'gladbach,Ein Frankfurt,2,3,1,1
6200,2021,46,2021-12-15,4,Union Berlin,Freiburg,0,0,0,0
6201,2021,47,2021-12-16,1,Chelsea,Everton,1,1,0,0
6202,2021,47,2021-12-16,1,Liverpool,Newcastle,3,1,2,1
6203,2021,61,2021-12-17,2,Celta,Espanol,3,1,1,0
6204,2021,54,2021-12-17,3,Lazio,Genoa,3,1,1,0
6205,2021,54,2021-12-17,3,Salernitana,Inter,0,5,0,2
6206,2021,47,2021-12-17,4,Bayern Munich,Wolfsburg,4,0,1,0
6207,2021,48,2021-12-18,1,Leeds,Arsenal,1,4,0,3
6208,2021,62,2021-12-18,2,Barcelona,Elche,3,2,2,0
6209,2021,62,2021-12-18,2,Sevilla,Ath Madrid,2,1,1,1
6210,2021,62,2021-12-18,2,Sociedad,Villarreal,1,3,1,1
6211,2021,62,2021-12-18,2,Vallecano,Alaves,2,0,2,0
6212,2021,55,2021-12-18,3,Atalanta,Roma,1,4,1,2
6213,2021,55,2021-12-18,3,Bologna,Juventus,0,2,0,1
6214,2021,55,2021-12-18,3,Cagliari,Udinese,0,4,0,2
6215,2021,48,2021-12-18,4,Bochum,Union Berlin,0,1,0,1
6216,2021,48,2021-12-18,4,Ein Frankfurt,Mainz,1,0,1,0
6217,2021,48,2021-12-18,4,Greuther Furth,Augsburg,0,0,0,0
6218,2021,48,2021-12-18,4,Hertha,Dortmund,3,2,0,1
6219,2021,48,2021-12-18,4,Hoffenheim,M'gladbach,1,1,0,1
6220,2021,48,2021-12-18,4,RB Leipzig,Bielefeld,0,2,0,0
6221,2021,49,2021-12-19,1,Newcastle,Man City,0,4,0,2
6222,2021,49,2021-12-19,1,Tottenham,Liverpool,2,2,1,1
6223,2021,49,2021-12-19,1,Wolves,Chelsea,0,0,0,0
6224,2021,63,2021-12-19,2,Ath Bilbao,Betis,3,2,1,1
6225,2021,63,2021-12-19,2,Getafe,Osasuna,1,0,0,0
6226,2021,63,2021-12-19,2,Granada,Mallorca,4,1,1,1
6227,2021,63,2021-12-19,2,Real Madrid,Cadiz,0,0,0,0
6228,2021,56,2021-12-19,3,Fiorentina,Sassuolo,2,2,0,2
6229,2021,56,2021-12-19,3,Milan,Napoli,0,1,0,1
6230,2021,56,2021-12-19,3,Sampdoria,Venezia,1,1,1,0
6231,2021,56,2021-12-19,3,Spezia,Empoli,1,1,0,0
6232,2021,56,2021-12-19,3,Torino,Verona,1,0,1,0
6233,2021,49,2021-12-19,4,FC Koln,Stuttgart,1,0,0,0
6234,2021,49,2021-12-19,4,Freiburg,Leverkusen,2,1,1,1
6235,2021,64,2021-12-20,2,Levante,Valencia,3,4,2,1
6236,2021,65,2021-12-21,2,Sevilla,Barcelona,1,1,1,1
6237,2021,65,2021-12-21,2,Villarreal,Alaves,5,2,2,1
6238,2021,57,2021-12-21,3,Genoa,Atalanta,0,0,0,0
6239,2021,57,2021-12-21,3,Juventus,Cagliari,2,0,1,0
6240,2021,66,2021-12-22,2,Ath Bilbao,Real Madrid,1,2,1,2
6241,2021,66,2021-12-22,2,Granada,Ath Madrid,2,1,1,1
6242,2021,58,2021-12-22,3,Empoli,Milan,2,4,1,2
6243,2021,58,2021-12-22,3,Inter,Torino,1,0,1,0
6244,2021,58,2021-12-22,3,Napoli,Spezia,0,1,0,1
6245,2021,58,2021-12-22,3,Roma,Sampdoria,1,1,0,0
6246,2021,58,2021-12-22,3,Sassuolo,Bologna,0,3,0,2
6247,2021,58,2021-12-22,3,Venezia,Lazio,1,3,1,1
6248,2021,58,2021-12-22,3,Verona,Fiorentina,1,1,1,0
6249,2021,50,2021-12-22,5,Bordeaux,Lille,2,3,2,1
6250,2021,50,2021-12-22,5,Lorient,Paris SG,1,1,1,0
6251,2021,50,2021-12-22,5,Lyon,Metz,1,1,0,0
6252,2021,50,2021-12-22,5,Marseille,Reims,1,1,0,0
6253,2021,50,2021-12-22,5,Monaco,Rennes,2,1,1,1
6254,2021,50,2021-12-22,5,Montpellier,Angers,4,1,2,1
6255,2021,50,2021-12-22,5,Nice,Lens,2,1,0,1
6256,2021,50,2021-12-22,5,St Etienne,Nantes,0,1,0,0
6257,2021,50,2021-12-22,5,Troyes,Brest,1,1,0,1
6258,2021,50,2021-12-26,1,Aston Villa,Chelsea,1,3,1,1
6259,2021,50,2021-12-26,1,Brighton,Brentford,2,0,2,0
6260,2021,50,2021-12-26,1,Man City,Leicester,6,3,4,0
6261,2021,50,2021-12-26,1,Norwich,Arsenal,0,5,0,2
6262,2021,50,2021-12-26,1,Tottenham,Crystal Palace,3,0,2,0
6263,2021,50,2021-12-26,1,West Ham,Southampton,2,3,0,1
6264,2021,51,2021-12-27,1,Newcastle,Man United,1,1,1,0
6265,2021,52,2021-12-28,1,Crystal Palace,Norwich,3,0,3,0
6266,2021,52,2021-12-28,1,Leicester,Liverpool,1,0,0,0
6267,2021,52,2021-12-28,1,Southampton,Tottenham,1,1,1,1
6268,2021,52,2021-12-28,1,Watford,West Ham,1,4,1,2
6269,2021,53,2021-12-29,1,Brentford,Man City,0,1,0,1
6270,2021,53,2021-12-29,1,Chelsea,Brighton,1,1,1,0
6271,2021,54,2021-12-30,1,Man United,Burnley,3,1,3,1
6272,2021,67,2021-12-31,2,Valencia,Espanol,1,2,0,0
6273,2021,55,2022-01-01,1,Arsenal,Man City,1,2,1,0
6274,2021,55,2022-01-01,1,Crystal Palace,West Ham,2,3,0,3
6275,2021,55,2022-01-01,1,Watford,Tottenham,0,1,0,0
6276,2021,56,2022-01-02,1,Brentford,Aston Villa,2,1,1,1
6277,2021,56,2022-01-02,1,Chelsea,Liverpool,2,2,2,2
6278,2021,56,2022-01-02,1,Everton,Brighton,2,3,0,2
6279,2021,56,2022-01-02,1,Leeds,Burnley,3,1,1,0
6280,2021,68,2022-01-02,2,Alaves,Sociedad,1,1,0,1
6281,2021,68,2022-01-02,2,Ath Madrid,Vallecano,2,0,1,0
6282,2021,68,2022-01-02,2,Betis,Celta,0,2,0,2
6283,2021,68,2022-01-02,2,Elche,Granada,0,0,0,0
6284,2021,68,2022-01-02,2,Getafe,Real Madrid,1,0,1,0
6285,2021,68,2022-01-02,2,Mallorca,Barcelona,0,1,0,1
6286,2021,57,2022-01-03,1,Man United,Wolves,0,1,0,0
6287,2021,69,2022-01-03,2,Cadiz,Sevilla,0,1,0,0
6288,2021,69,2022-01-03,2,Osasuna,Ath Bilbao,1,3,1,2
6289,2021,69,2022-01-03,2,Villarreal,Levante,5,0,3,0
6290,2021,59,2022-01-06,3,Juventus,Napoli,1,1,0,1
6291,2021,59,2022-01-06,3,Lazio,Empoli,3,3,1,2
6292,2021,59,2022-01-06,3,Milan,Roma,3,1,2,1
6293,2021,59,2022-01-06,3,Sampdoria,Cagliari,1,2,1,0
6294,2021,59,2022-01-06,3,Sassuolo,Genoa,1,1,0,1
6295,2021,59,2022-01-06,3,Spezia,Verona,1,2,0,0
6296,2021,50,2022-01-07,4,Bayern Munich,M'gladbach,1,2,1,2
6297,2021,51,2022-01-07,5,Bordeaux,Marseille,0,1,0,1
6298,2021,70,2022-01-08,2,Granada,Barcelona,1,1,0,0
6299,2021,70,2022-01-08,2,Levante,Mallorca,2,0,0,0
6300,2021,70,2022-01-08,2,Real Madrid,Valencia,4,1,1,0
6301,2021,70,2022-01-08,2,Sociedad,Celta,1,0,1,0
6302,2021,51,2022-01-08,4,Ein Frankfurt,Dortmund,2,3,2,0
6303,2021,51,2022-01-08,4,Freiburg,Bielefeld,2,2,1,0
6304,2021,51,2022-01-08,4,Greuther Furth,Stuttgart,0,0,0,0
6305,2021,51,2022-01-08,4,Hoffenheim,Augsburg,3,1,2,1
6306,2021,51,2022-01-08,4,Leverkusen,Union Berlin,2,2,1,1
6307,2021,51,2022-01-08,4,RB Leipzig,Mainz,4,1,1,0
6308,2021,52,2022-01-08,5,Lens,Rennes,1,0,0,0
6309,2021,71,2022-01-09,2,Alaves,Ath Bilbao,0,0,0,0
6310,2021,71,2022-01-09,2,Osasuna,Cadiz,2,0,1,0
6311,2021,71,2022-01-09,2,Sevilla,Getafe,1,0,1,0
6312,2021,71,2022-01-09,2,Vallecano,Betis,1,1,0,1
6313,2021,71,2022-01-09,2,Villarreal,Ath Madrid,2,2,1,1
6314,2021,60,2022-01-09,3,Empoli,Sassuolo,1,5,1,2
6315,2021,60,2022-01-09,3,Genoa,Spezia,0,1,0,1
6316,2021,60,2022-01-09,3,Inter,Lazio,2,1,1,1
6317,2021,60,2022-01-09,3,Napoli,Sampdoria,1,0,1,0
6318,2021,60,2022-01-09,3,Roma,Juventus,3,4,1,1
6319,2021,60,2022-01-09,3,Udinese,Atalanta,2,6,0,3
6320,2021,60,2022-01-09,3,Venezia,Milan,0,3,0,1
6321,2021,60,2022-01-09,3,Verona,Salernitana,1,2,0,1
6322,2021,52,2022-01-09,4,Bochum,Wolfsburg,1,0,0,0
6323,2021,52,2022-01-09,4,Hertha,FC Koln,1,3,0,2
6324,2021,53,2022-01-09,5,Brest,Nice,0,3,0,1
6325,2021,53,2022-01-09,5,Clermont,Reims,0,0,0,0
6326,2021,53,2022-01-09,5,Lyon,Paris SG,1,1,1,0
6327,2021,53,2022-01-09,5,Metz,Strasbourg,0,2,0,0
6328,2021,53,2022-01-09,5,Nantes,Monaco,0,0,0,0
6329,2021,72,2022-01-10,2,Espanol,Elche,1,2,1,2
6330,2021,61,2022-01-10,3,Torino,Fiorentina,4,0,3,0
6331,2021,58,2022-01-11,1,Southampton,Brentford,4,1,2,1
6332,2021,62,2022-01-11,3,Cagliari,Bologna,2,1,0,0
6333,2021,59,2022-01-12,1,West Ham,Norwich,2,0,1,0
6334,2021,60,2022-01-14,1,Brighton,Crystal Palace,1,1,0,0
6335,2021,53,2022-01-14,4,Dortmund,Freiburg,5,1,3,0
6336,2021,54,2022-01-14,5,Nice,Nantes,2,1,1,1
6337,2021,61,2022-01-15,1,Aston Villa,Man United,2,2,0,1
6338,2021,61,2022-01-15,1,Man City,Chelsea,1,0,0,0
6339,2021,61,2022-01-15,1,Newcastle,Watford,1,1,0,0
6340,2021,61,2022-01-15,1,Norwich,Everton,2,1,2,0
6341,2021,61,2022-01-15,1,Wolves,Southampton,3,1,1,0
6342,2021,63,2022-01-15,3,Juventus,Udinese,2,0,1,0
6343,2021,63,2022-01-15,3,Salernitana,Lazio,0,3,0,2
6344,2021,63,2022-01-15,3,Sampdoria,Torino,1,2,1,1
6345,2021,54,2022-01-15,4,FC Koln,Bayern Munich,0,4,0,2
6346,2021,54,2022-01-15,4,M'gladbach,Leverkusen,1,2,0,0
6347,2021,54,2022-01-15,4,Mainz,Bochum,1,0,0,0
6348,2021,54,2022-01-15,4,Stuttgart,RB Leipzig,0,2,0,1
6349,2021,54,2022-01-15,4,Union Berlin,Hoffenheim,2,1,1,1
6350,2021,54,2022-01-15,4,Wolfsburg,Hertha,0,0,0,0
6351,2021,55,2022-01-15,5,Paris SG,Brest,2,0,1,0
6352,2021,55,2022-01-15,5,St Etienne,Lens,1,2,1,0
6353,2021,62,2022-01-16,1,Liverpool,Brentford,3,0,1,0
6354,2021,62,2022-01-16,1,West Ham,Leeds,2,3,1,2
6355,2021,73,2022-01-16,2,Elche,Villarreal,1,0,0,0
6356,2021,64,2022-01-16,3,Atalanta,Inter,0,0,0,0
6357,2021,64,2022-01-16,3,Roma,Cagliari,1,0,1,0
6358,2021,64,2022-01-16,3,Sassuolo,Verona,2,4,0,2
6359,2021,64,2022-01-16,3,Venezia,Empoli,1,1,0,1
6360,2021,55,2022-01-16,4,Augsburg,Ein Frankfurt,1,1,1,1
6361,2021,55,2022-01-16,4,Bielefeld,Greuther Furth,2,2,1,1
6362,2021,56,2022-01-16,5,Lorient,Angers,0,0,0,0
6363,2021,56,2022-01-16,5,Marseille,Lille,1,1,0,1
6364,2021,56,2022-01-16,5,Monaco,Clermont,4,0,1,0
6365,2021,56,2022-01-16,5,Reims,Metz,0,1,0,0
6366,2021,56,2022-01-16,5,Rennes,Bordeaux,6,0,2,0
6367,2021,56,2022-01-16,5,Strasbourg,Montpellier,3,1,0,1
6368,2021,56,2022-01-16,5,Troyes,Lyon,0,1,0,1
6369,2021,65,2022-01-17,3,Bologna,Napoli,0,2,0,1
6370,2021,65,2022-01-17,3,Fiorentina,Genoa,6,0,3,0
6371,2021,65,2022-01-17,3,Milan,Spezia,1,2,1,0
6372,2021,63,2022-01-18,1,Brighton,Chelsea,1,1,0,1
6373,2021,74,2022-01-18,2,Betis,Alaves,4,0,3,0
6374,2021,74,2022-01-18,2,Cadiz,Espanol,2,2,0,1
6375,2021,64,2022-01-19,1,Brentford,Man United,1,3,0,0
6376,2021,64,2022-01-19,1,Leicester,Tottenham,2,3,1,1
6377,2021,75,2022-01-19,2,Celta,Osasuna,2,0,2,0
6378,2021,75,2022-01-19,2,Valencia,Sevilla,1,1,1,1
6379,2021,57,2022-01-19,5,Clermont,Strasbourg,0,2,0,1
6380,2021,57,2022-01-19,5,Lille,Lorient,3,1,3,0
6381,2021,57,2022-01-19,5,Montpellier,Troyes,0,1,0,0
6382,2021,76,2022-01-20,2,Getafe,Granada,4,2,1,1
6383,2021,65,2022-01-21,1,Watford,Norwich,0,3,0,0
6384,2021,77,2022-01-21,2,Espanol,Betis,1,4,1,2
6385,2021,66,2022-01-21,3,Verona,Bologna,2,1,1,1
6386,2021,56,2022-01-21,4,Ein Frankfurt,Bielefeld,0,2,0,2
6387,2021,58,2022-01-21,5,Lyon,St Etienne,1,0,1,0
6388,2021,66,2022-01-22,1,Brentford,Wolves,1,2,0,0
6389,2021,66,2022-01-22,1,Everton,Aston Villa,0,1,0,1
6390,2021,66,2022-01-22,1,Leeds,Newcastle,0,1,0,0
6391,2021,66,2022-01-22,1,Man United,West Ham,1,0,0,0
6392,2021,66,2022-01-22,1,Southampton,Man City,1,1,1,0
6393,2021,78,2022-01-22,2,Ath Madrid,Valencia,3,2,0,2
6394,2021,78,2022-01-22,2,Levante,Cadiz,0,2,0,1
6395,2021,78,2022-01-22,2,Sevilla,Celta,2,2,0,2
6396,2021,78,2022-01-22,2,Villarreal,Mallorca,3,0,2,0
6397,2021,67,2022-01-22,3,Genoa,Udinese,0,0,0,0
6398,2021,67,2022-01-22,3,Inter,Venezia,2,1,1,1
6399,2021,67,2022-01-22,3,Lazio,Atalanta,0,0,0,0
6400,2021,57,2022-01-22,4,Bochum,FC Koln,2,2,1,2
6401,2021,57,2022-01-22,4,Freiburg,Stuttgart,2,0,1,0
6402,2021,57,2022-01-22,4,Greuther Furth,Mainz,2,1,1,0
6403,2021,57,2022-01-22,4,Hoffenheim,Dortmund,2,3,1,1
6404,2021,57,2022-01-22,4,Leverkusen,Augsburg,5,1,2,0
6405,2021,57,2022-01-22,4,M'gladbach,Union Berlin,1,2,1,1
6406,2021,59,2022-01-22,5,Brest,Lille,2,0,1,0
6407,2021,59,2022-01-22,5,Lens,Marseille,0,2,0,1
6408,2021,67,2022-01-23,1,Arsenal,Burnley,0,0,0,0
6409,2021,67,2022-01-23,1,Chelsea,Tottenham,2,0,0,0
6410,2021,67,2022-01-23,1,Crystal Palace,Liverpool,1,3,0,2
6411,2021,67,2022-01-23,1,Leicester,Brighton,1,1,0,0
6412,2021,79,2022-01-23,2,Alaves,Barcelona,0,1,0,0
6413,2021,79,2022-01-23,2,Granada,Osasuna,0,2,0,0
6414,2021,79,2022-01-23,2,Real Madrid,Elche,2,2,0,1
6415,2021,79,2022-01-23,2,Sociedad,Getafe,0,0,0,0
6416,2021,79,2022-01-23,2,Vallecano,Ath Bilbao,0,1,0,1
6417,2021,68,2022-01-23,3,Cagliari,Fiorentina,1,1,0,0
6418,2021,68,2022-01-23,3,Empoli,Roma,2,4,0,4
6419,2021,68,2022-01-23,3,Milan,Juventus,0,0,0,0
6420,2021,68,2022-01-23,3,Napoli,Salernitana,4,1,2,1
6421,2021,68,2022-01-23,3,Spezia,Sampdoria,1,0,0,0
6422,2021,68,2022-01-23,3,Torino,Sassuolo,1,1,1,0
6423,2021,58,2022-01-23,4,Hertha,Bayern Munich,1,4,0,2
6424,2021,58,2022-01-23,4,RB Leipzig,Wolfsburg,2,0,0,0
6425,2021,60,2022-01-23,5,Angers,Troyes,2,1,2,1
6426,2021,60,2022-01-23,5,Bordeaux,Strasbourg,4,3,3,1
6427,2021,60,2022-01-23,5,Clermont,Rennes,2,1,0,1
6428,2021,60,2022-01-23,5,Metz,Nice,0,2,0,0
6429,2021,60,2022-01-23,5,Montpellier,Monaco,3,2,2,1
6430,2021,60,2022-01-23,5,Nantes,Lorient,4,2,1,0
6431,2021,60,2022-01-23,5,Paris SG,Reims,4,0,1,0
6432,2021,61,2022-01-26,5,Angers,St Etienne,0,1,0,1
6433,2021,62,2022-02-01,5,Lyon,Marseille,2,1,0,1
6434,2021,80,2022-02-04,2,Getafe,Levante,3,0,2,0
6435,2021,59,2022-02-04,4,Hertha,Bochum,1,1,1,0
6436,2021,63,2022-02-04,5,Marseille,Angers,5,2,2,2
6437,2021,68,2022-02-05,1,Burnley,Watford,0,0,0,0
6438,2021,81,2022-02-05,2,Celta,Vallecano,2,0,1,0
6439,2021,81,2022-02-05,2,Elche,Alaves,3,1,0,1
6440,2021,81,2022-02-05,2,Mallorca,Cadiz,2,1,1,1
6441,2021,81,2022-02-05,2,Osasuna,Sevilla,0,0,0,0
6442,2021,69,2022-02-05,3,Fiorentina,Lazio,0,3,0,0
6443,2021,69,2022-02-05,3,Inter,Milan,1,2,1,0
6444,2021,69,2022-02-05,3,Roma,Genoa,0,0,0,0
6445,2021,60,2022-02-05,4,Augsburg,Union Berlin,2,0,1,0
6446,2021,60,2022-02-05,4,Bayern Munich,RB Leipzig,3,2,2,1
6447,2021,60,2022-02-05,4,Bielefeld,M'gladbach,1,1,1,1
6448,2021,60,2022-02-05,4,FC Koln,Freiburg,1,0,1,0
6449,2021,60,2022-02-05,4,Mainz,Hoffenheim,2,0,0,0
6450,2021,60,2022-02-05,4,Stuttgart,Ein Frankfurt,2,3,1,1
6451,2021,64,2022-02-05,5,Monaco,Lyon,2,0,2,0
6452,2021,64,2022-02-05,5,St Etienne,Montpellier,3,1,0,1
6453,2021,82,2022-02-06,2,Barcelona,Ath Madrid,4,2,3,1
6454,2021,82,2022-02-06,2,Betis,Villarreal,0,2,0,1
6455,2021,82,2022-02-06,2,Real Madrid,Granada,1,0,0,0
6456,2021,82,2022-02-06,2,Valencia,Sociedad,0,0,0,0
6457,2021,70,2022-02-06,3,Atalanta,Cagliari,1,2,0,0
6458,2021,70,2022-02-06,3,Bologna,Empoli,0,0,0,0
6459,2021,70,2022-02-06,3,Juventus,Verona,2,0,1,0
6460,2021,70,2022-02-06,3,Sampdoria,Sassuolo,4,0,2,0
6461,2021,70,2022-02-06,3,Udinese,Torino,2,0,0,0
6462,2021,70,2022-02-06,3,Venezia,Napoli,0,2,0,0
6463,2021,61,2022-02-06,4,Dortmund,Leverkusen,2,5,1,3
6464,2021,61,2022-02-06,4,Wolfsburg,Greuther Furth,4,1,1,1
6465,2021,65,2022-02-06,5,Lille,Paris SG,1,5,1,3
6466,2021,65,2022-02-06,5,Lorient,Lens,2,0,1,0
6467,2021,65,2022-02-06,5,Nice,Clermont,0,1,0,0
6468,2021,65,2022-02-06,5,Reims,Bordeaux,5,0,1,0
6469,2021,65,2022-02-06,5,Rennes,Brest,2,0,1,0
6470,2021,65,2022-02-06,5,Strasbourg,Nantes,1,0,0,0
6471,2021,65,2022-02-06,5,Troyes,Metz,0,0,0,0
6472,2021,83,2022-02-07,2,Ath Bilbao,Espanol,2,1,2,1
6473,2021,71,2022-02-07,3,Salernitana,Spezia,2,2,2,2
6474,2021,69,2022-02-08,1,Burnley,Man United,1,1,0,1
6475,2021,69,2022-02-08,1,Newcastle,Everton,3,1,1,1
6476,2021,69,2022-02-08,1,West Ham,Watford,1,0,0,0
6477,2021,70,2022-02-09,1,Aston Villa,Leeds,3,3,3,2
6478,2021,70,2022-02-09,1,Man City,Brentford,2,0,1,0
6479,2021,70,2022-02-09,1,Norwich,Crystal Palace,1,1,1,0
6480,2021,70,2022-02-09,1,Tottenham,Southampton,2,3,1,1
6481,2021,71,2022-02-10,1,Liverpool,Leicester,2,0,1,0
6482,2021,71,2022-02-10,1,Wolves,Arsenal,0,1,0,1
6483,2021,84,2022-02-11,2,Sevilla,Elche,2,0,0,0
6484,2021,62,2022-02-11,4,RB Leipzig,FC Koln,3,1,1,0
6485,2021,66,2022-02-11,5,Paris SG,Rennes,1,0,0,0
6486,2021,72,2022-02-12,1,Brentford,Crystal Palace,0,0,0,0
6487,2021,72,2022-02-12,1,Everton,Leeds,3,0,2,0
6488,2021,72,2022-02-12,1,Man United,Southampton,1,1,1,0
6489,2021,72,2022-02-12,1,Norwich,Man City,0,4,0,1
6490,2021,72,2022-02-12,1,Watford,Brighton,0,2,0,1
6491,2021,85,2022-02-12,2,Ath Madrid,Getafe,4,3,3,3
6492,2021,85,2022-02-12,2,Cadiz,Celta,0,0,0,0
6493,2021,85,2022-02-12,2,Vallecano,Osasuna,0,3,0,2
6494,2021,85,2022-02-12,2,Villarreal,Real Madrid,0,0,0,0
6495,2021,72,2022-02-12,3,Lazio,Bologna,3,0,1,0
6496,2021,72,2022-02-12,3,Napoli,Inter,1,1,1,0
6497,2021,72,2022-02-12,3,Torino,Venezia,1,2,1,1
6498,2021,63,2022-02-12,4,Bochum,Bayern Munich,4,2,4,1
6499,2021,63,2022-02-12,4,Ein Frankfurt,Wolfsburg,0,2,0,1
6500,2021,63,2022-02-12,4,Freiburg,Mainz,1,1,0,1
6501,2021,63,2022-02-12,4,Greuther Furth,Hertha,2,1,1,0
6502,2021,63,2022-02-12,4,Leverkusen,Stuttgart,4,2,1,0
6503,2021,63,2022-02-12,4,M'gladbach,Augsburg,3,2,1,0
6504,2021,67,2022-02-12,5,Lyon,Nice,2,0,1,0
6505,2021,67,2022-02-12,5,Montpellier,Lille,0,1,0,0
6506,2021,73,2022-02-13,1,Burnley,Liverpool,0,1,0,1
6507,2021,73,2022-02-13,1,Leicester,West Ham,2,2,1,1
6508,2021,73,2022-02-13,1,Newcastle,Aston Villa,1,0,1,0
6509,2021,73,2022-02-13,1,Tottenham,Wolves,0,2,0,2
6510,2021,86,2022-02-13,2,Alaves,Valencia,2,1,1,0
6511,2021,86,2022-02-13,2,Espanol,Barcelona,2,2,1,1
6512,2021,86,2022-02-13,2,Levante,Betis,2,4,1,3
6513,2021,86,2022-02-13,2,Sociedad,Granada,2,0,1,0
6514,2021,73,2022-02-13,3,Atalanta,Juventus,1,1,0,0
6515,2021,73,2022-02-13,3,Empoli,Cagliari,1,1,1,0
6516,2021,73,2022-02-13,3,Genoa,Salernitana,1,1,1,1
6517,2021,73,2022-02-13,3,Milan,Sampdoria,1,0,1,0
6518,2021,73,2022-02-13,3,Sassuolo,Roma,2,2,0,1
6519,2021,73,2022-02-13,3,Verona,Udinese,4,0,2,0
6520,2021,64,2022-02-13,4,Hoffenheim,Bielefeld,2,0,1,0
6521,2021,64,2022-02-13,4,Union Berlin,Dortmund,0,3,0,2
6522,2021,68,2022-02-13,5,Angers,Strasbourg,0,1,0,1
6523,2021,68,2022-02-13,5,Brest,Troyes,5,1,2,1
6524,2021,68,2022-02-13,5,Clermont,St Etienne,1,2,1,0
6525,2021,68,2022-02-13,5,Lens,Bordeaux,3,2,3,1
6526,2021,68,2022-02-13,5,Metz,Marseille,1,2,0,1
6527,2021,68,2022-02-13,5,Monaco,Lorient,0,0,0,0
6528,2021,68,2022-02-13,5,Nantes,Reims,1,0,1,0
6529,2021,87,2022-02-14,2,Mallorca,Ath Bilbao,3,2,2,0
6530,2021,74,2022-02-14,3,Spezia,Fiorentina,1,2,0,1
6531,2021,74,2022-02-15,1,Man United,Brighton,2,0,0,0
6532,2021,88,2022-02-16,2,Ath Madrid,Levante,0,1,0,0
6533,2021,89,2022-02-18,2,Elche,Vallecano,2,1,0,0
6534,2021,75,2022-02-18,3,Juventus,Torino,1,1,1,0
6535,2021,65,2022-02-18,4,Mainz,Leverkusen,3,2,0,1
6536,2021,69,2022-02-18,5,Lille,Metz,0,0,0,0
6537,2021,75,2022-02-19,1,Arsenal,Brentford,2,1,0,0
6538,2021,75,2022-02-19,1,Aston Villa,Watford,0,1,0,0
6539,2021,75,2022-02-19,1,Brighton,Burnley,0,3,0,2
6540,2021,75,2022-02-19,1,Crystal Palace,Chelsea,0,1,0,0
6541,2021,75,2022-02-19,1,Liverpool,Norwich,3,1,0,0
6542,2021,75,2022-02-19,1,Man City,Tottenham,2,3,1,1
6543,2021,75,2022-02-19,1,Southampton,Everton,2,0,0,0
6544,2021,75,2022-02-19,1,West Ham,Newcastle,1,1,1,1
6545,2021,90,2022-02-19,2,Cadiz,Getafe,1,1,1,1
6546,2021,90,2022-02-19,2,Granada,Villarreal,1,4,0,2
6547,2021,90,2022-02-19,2,Osasuna,Ath Madrid,0,3,0,1
6548,2021,90,2022-02-19,2,Real Madrid,Alaves,3,0,0,0
6549,2021,76,2022-02-19,3,Roma,Verona,2,2,0,2
6550,2021,76,2022-02-19,3,Salernitana,Milan,2,2,1,1
6551,2021,76,2022-02-19,3,Sampdoria,Empoli,2,0,2,0
6552,2021,66,2022-02-19,4,Augsburg,Freiburg,1,2,1,2
6553,2021,66,2022-02-19,4,Bielefeld,Union Berlin,1,0,0,0
6554,2021,66,2022-02-19,4,FC Koln,Ein Frankfurt,1,0,0,0
6555,2021,66,2022-02-19,4,Stuttgart,Bochum,1,1,0,0
6556,2021,66,2022-02-19,4,Wolfsburg,Hoffenheim,1,2,1,0
6557,2021,70,2022-02-19,5,Lens,Lyon,1,1,1,1
6558,2021,70,2022-02-19,5,Nantes,Paris SG,3,1,3,0
6559,2021,76,2022-02-20,1,Leeds,Man United,2,4,0,2
6560,2021,76,2022-02-20,1,Wolves,Leicester,2,1,1,1
6561,2021,91,2022-02-20,2,Ath Bilbao,Sociedad,4,0,0,0
6562,2021,91,2022-02-20,2,Betis,Mallorca,2,1,1,0
6563,2021,91,2022-02-20,2,Espanol,Sevilla,1,1,0,1
6564,2021,91,2022-02-20,2,Valencia,Barcelona,1,4,0,3
6565,2021,77,2022-02-20,3,Fiorentina,Atalanta,1,0,0,0
6566,2021,77,2022-02-20,3,Inter,Sassuolo,0,2,0,2
6567,2021,77,2022-02-20,3,Udinese,Lazio,1,1,1,1
6568,2021,77,2022-02-20,3,Venezia,Genoa,1,1,1,1
6569,2021,67,2022-02-20,4,Bayern Munich,Greuther Furth,4,1,0,1
6570,2021,67,2022-02-20,4,Dortmund,M'gladbach,6,0,2,0
6571,2021,67,2022-02-20,4,Hertha,RB Leipzig,1,6,0,1
6572,2021,71,2022-02-20,5,Bordeaux,Monaco,1,1,1,0
6573,2021,71,2022-02-20,5,Lorient,Montpellier,0,1,0,0
6574,2021,71,2022-02-20,5,Marseille,Clermont,0,2,0,1
6575,2021,71,2022-02-20,5,Nice,Angers,1,0,1,0
6576,2021,71,2022-02-20,5,Reims,Brest,1,1,1,1
6577,2021,71,2022-02-20,5,Rennes,Troyes,4,1,2,1
6578,2021,71,2022-02-20,5,St Etienne,Strasbourg,2,2,2,2
6579,2021,92,2022-02-21,2,Celta,Levante,1,1,0,0
6580,2021,78,2022-02-21,3,Bologna,Spezia,2,1,1,1
6581,2021,78,2022-02-21,3,Cagliari,Napoli,1,1,0,0
6582,2021,77,2022-02-23,1,Burnley,Tottenham,1,0,0,0
6583,2021,77,2022-02-23,1,Liverpool,Leeds,6,0,3,0
6584,2021,77,2022-02-23,1,Watford,Crystal Palace,1,4,1,2
6585,2021,78,2022-02-24,1,Arsenal,Wolves,2,1,0,1
6586,2021,79,2022-02-25,1,Southampton,Norwich,2,0,1,0
6587,2021,93,2022-02-25,2,Levante,Elche,3,0,1,0
6588,2021,79,2022-02-25,3,Genoa,Inter,0,0,0,0
6589,2021,79,2022-02-25,3,Milan,Udinese,1,1,1,0
6590,2021,68,2022-02-25,4,Hoffenheim,Stuttgart,2,1,0,0
6591,2021,72,2022-02-25,5,Montpellier,Rennes,2,4,2,2
6592,2021,80,2022-02-26,1,Brentford,Newcastle,0,2,0,2
6593,2021,80,2022-02-26,1,Brighton,Aston Villa,0,2,0,1
6594,2021,80,2022-02-26,1,Crystal Palace,Burnley,1,1,1,0
6595,2021,80,2022-02-26,1,Everton,Man City,0,1,0,0
6596,2021,80,2022-02-26,1,Leeds,Tottenham,0,4,0,3
6597,2021,80,2022-02-26,1,Man United,Watford,0,0,0,0
6598,2021,94,2022-02-26,2,Ath Madrid,Celta,2,0,1,0
6599,2021,94,2022-02-26,2,Getafe,Alaves,2,2,0,1
6600,2021,94,2022-02-26,2,Mallorca,Valencia,0,1,0,1
6601,2021,94,2022-02-26,2,Vallecano,Real Madrid,0,1,0,0
6602,2021,80,2022-02-26,3,Empoli,Juventus,2,3,1,2
6603,2021,80,2022-02-26,3,Salernitana,Bologna,1,1,0,1
6604,2021,80,2022-02-26,3,Sassuolo,Fiorentina,2,1,1,0
6605,2021,69,2022-02-26,4,Ein Frankfurt,Bayern Munich,0,1,0,0
6606,2021,69,2022-02-26,4,Freiburg,Hertha,3,0,1,0
6607,2021,69,2022-02-26,4,Greuther Furth,FC Koln,1,1,0,0
6608,2021,69,2022-02-26,4,Leverkusen,Bielefeld,3,0,1,0
6609,2021,69,2022-02-26,4,M'gladbach,Wolfsburg,2,2,1,2
6610,2021,69,2022-02-26,4,Union Berlin,Mainz,3,1,1,0
6611,2021,73,2022-02-26,5,Paris SG,St Etienne,3,1,1,1
6612,2021,73,2022-02-26,5,Strasbourg,Nice,0,0,0,0
6613,2021,81,2022-02-27,1,West Ham,Wolves,1,0,0,0
6614,2021,95,2022-02-27,2,Barcelona,Ath Bilbao,4,0,1,0
6615,2021,95,2022-02-27,2,Sevilla,Betis,2,1,2,0
6616,2021,95,2022-02-27,2,Sociedad,Osasuna,1,0,0,0
6617,2021,95,2022-02-27,2,Villarreal,Espanol,5,1,3,0
6618,2021,81,2022-02-27,3,Lazio,Napoli,1,2,0,0
6619,2021,81,2022-02-27,3,Spezia,Roma,0,1,0,0
6620,2021,81,2022-02-27,3,Torino,Cagliari,1,2,0,1
6621,2021,81,2022-02-27,3,Verona,Venezia,3,1,0,0
6622,2021,70,2022-02-27,4,Augsburg,Dortmund,1,1,0,1
6623,2021,70,2022-02-27,4,Bochum,RB Leipzig,0,1,0,0
6624,2021,74,2022-02-27,5,Angers,Lens,1,2,0,0
6625,2021,74,2022-02-27,5,Brest,Lorient,0,1,0,0
6626,2021,74,2022-02-27,5,Clermont,Bordeaux,1,1,1,1
6627,2021,74,2022-02-27,5,Lyon,Lille,0,1,0,1
6628,2021,74,2022-02-27,5,Metz,Nantes,0,0,0,0
6629,2021,74,2022-02-27,5,Monaco,Reims,1,2,0,0
6630,2021,74,2022-02-27,5,Troyes,Marseille,1,1,0,1
6631,2021,96,2022-02-28,2,Granada,Cadiz,0,0,0,0
6632,2021,82,2022-02-28,3,Atalanta,Sampdoria,4,0,2,0
6633,2021,82,2022-03-01,1,Burnley,Leicester,0,2,0,0
6634,2021,97,2022-03-02,2,Mallorca,Sociedad,0,2,0,1
6635,2021,98,2022-03-04,2,Alaves,Sevilla,0,0,0,0
6636,2021,83,2022-03-04,3,Inter,Salernitana,5,0,2,0
6637,2021,71,2022-03-04,4,Bielefeld,Augsburg,0,1,0,0
6638,2021,75,2022-03-04,5,Lorient,Lyon,1,4,0,2
6639,2021,83,2022-03-05,1,Aston Villa,Southampton,4,0,2,0
6640,2021,83,2022-03-05,1,Burnley,Chelsea,0,4,0,0
6641,2021,83,2022-03-05,1,Leicester,Leeds,1,0,0,0
6642,2021,83,2022-03-05,1,Liverpool,West Ham,1,0,1,0
6643,2021,83,2022-03-05,1,Newcastle,Brighton,2,1,2,0
6644,2021,83,2022-03-05,1,Norwich,Brentford,1,3,0,1
6645,2021,83,2022-03-05,1,Wolves,Crystal Palace,0,2,0,2
6646,2021,99,2022-03-05,2,Espanol,Getafe,2,0,2,0
6647,2021,99,2022-03-05,2,Osasuna,Villarreal,1,0,0,0
6648,2021,99,2022-03-05,2,Real Madrid,Sociedad,4,1,2,1
6649,2021,99,2022-03-05,2,Valencia,Granada,3,1,0,0
6650,2021,84,2022-03-05,3,Cagliari,Lazio,0,3,0,2
6651,2021,84,2022-03-05,3,Roma,Atalanta,1,0,1,0
6652,2021,84,2022-03-05,3,Udinese,Sampdoria,2,1,2,1
6653,2021,72,2022-03-05,4,Bayern Munich,Leverkusen,1,1,1,1
6654,2021,72,2022-03-05,4,Bochum,Greuther Furth,2,1,1,0
6655,2021,72,2022-03-05,4,Hertha,Ein Frankfurt,1,4,0,1
6656,2021,72,2022-03-05,4,RB Leipzig,Freiburg,1,1,0,1
6657,2021,72,2022-03-05,4,Stuttgart,M'gladbach,3,2,1,2
6658,2021,72,2022-03-05,4,Wolfsburg,Union Berlin,1,0,1,0
6659,2021,76,2022-03-05,5,Lens,Brest,0,1,0,0
6660,2021,76,2022-03-05,5,Nice,Paris SG,1,0,0,0
6661,2021,84,2022-03-06,1,Man City,Man United,4,1,2,1
6662,2021,84,2022-03-06,1,Watford,Arsenal,2,3,1,2
6663,2021,100,2022-03-06,2,Betis,Ath Madrid,1,3,1,1
6664,2021,100,2022-03-06,2,Cadiz,Vallecano,2,0,0,0
6665,2021,100,2022-03-06,2,Celta,Mallorca,4,3,2,1
6666,2021,100,2022-03-06,2,Elche,Barcelona,1,2,1,0
6667,2021,85,2022-03-06,3,Bologna,Torino,0,0,0,0
6668,2021,85,2022-03-06,3,Fiorentina,Verona,1,1,1,1
6669,2021,85,2022-03-06,3,Genoa,Empoli,0,0,0,0
6670,2021,85,2022-03-06,3,Juventus,Spezia,1,0,1,0
6671,2021,85,2022-03-06,3,Napoli,Milan,0,1,0,0
6672,2021,85,2022-03-06,3,Venezia,Sassuolo,1,4,1,3
6673,2021,73,2022-03-06,4,FC Koln,Hoffenheim,0,1,0,0
6674,2021,77,2022-03-06,5,Bordeaux,Troyes,0,2,0,1
6675,2021,77,2022-03-06,5,Lille,Clermont,4,0,1,0
6676,2021,77,2022-03-06,5,Marseille,Monaco,0,1,0,0
6677,2021,77,2022-03-06,5,Nantes,Montpellier,2,0,0,0
6678,2021,77,2022-03-06,5,Reims,Strasbourg,1,1,0,0
6679,2021,77,2022-03-06,5,Rennes,Angers,2,0,1,0
6680,2021,77,2022-03-06,5,St Etienne,Metz,1,0,0,0
6681,2021,85,2022-03-07,1,Tottenham,Everton,5,0,3,0
6682,2021,101,2022-03-07,2,Ath Bilbao,Levante,3,1,0,0
6683,2021,86,2022-03-10,1,Leeds,Aston Villa,0,3,0,1
6684,2021,86,2022-03-10,1,Norwich,Chelsea,1,3,0,2
6685,2021,86,2022-03-10,1,Southampton,Newcastle,1,2,1,1
6686,2021,86,2022-03-10,1,Wolves,Watford,4,0,3,0
6687,2021,102,2022-03-11,2,Ath Madrid,Cadiz,2,1,1,1
6688,2021,78,2022-03-11,5,Lille,St Etienne,0,0,0,0
6689,2021,87,2022-03-12,1,Brentford,Burnley,2,0,0,0
6690,2021,87,2022-03-12,1,Brighton,Liverpool,0,2,0,1
6691,2021,87,2022-03-12,1,Man United,Tottenham,3,2,2,1
6692,2021,103,2022-03-12,2,Getafe,Valencia,0,0,0,0
6693,2021,103,2022-03-12,2,Granada,Elche,0,1,0,1
6694,2021,103,2022-03-12,2,Levante,Espanol,1,1,0,0
6695,2021,103,2022-03-12,2,Villarreal,Celta,1,0,0,0
6696,2021,86,2022-03-12,3,Milan,Empoli,1,0,1,0
6697,2021,86,2022-03-12,3,Salernitana,Sassuolo,2,2,1,2
6698,2021,86,2022-03-12,3,Sampdoria,Juventus,1,3,0,2
6699,2021,86,2022-03-12,3,Spezia,Cagliari,2,0,0,0
6700,2021,74,2022-03-12,4,Freiburg,Wolfsburg,3,2,2,0
6701,2021,74,2022-03-12,4,Hoffenheim,Bayern Munich,1,1,1,1
6702,2021,74,2022-03-12,4,M'gladbach,Hertha,2,0,1,0
6703,2021,74,2022-03-12,4,Union Berlin,Stuttgart,1,1,1,0
6704,2021,79,2022-03-12,5,Montpellier,Nice,0,0,0,0
6705,2021,79,2022-03-12,5,Troyes,Nantes,1,0,1,0
6706,2021,88,2022-03-13,1,Arsenal,Leicester,2,0,1,0
6707,2021,88,2022-03-13,1,Chelsea,Newcastle,1,0,0,0
6708,2021,88,2022-03-13,1,Everton,Wolves,0,1,0,0
6709,2021,88,2022-03-13,1,Leeds,Norwich,2,1,1,0
6710,2021,88,2022-03-13,1,Southampton,Watford,1,2,1,2
6711,2021,88,2022-03-13,1,West Ham,Aston Villa,2,1,0,0
6712,2021,104,2022-03-13,2,Barcelona,Osasuna,4,0,3,0
6713,2021,104,2022-03-13,2,Betis,Ath Bilbao,1,0,1,0
6714,2021,104,2022-03-13,2,Sociedad,Alaves,1,0,0,0
6715,2021,104,2022-03-13,2,Vallecano,Sevilla,1,1,0,0
6716,2021,87,2022-03-13,3,Atalanta,Genoa,0,0,0,0
6717,2021,87,2022-03-13,3,Fiorentina,Bologna,1,0,0,0
6718,2021,87,2022-03-13,3,Torino,Inter,1,1,1,0
6719,2021,87,2022-03-13,3,Udinese,Roma,1,1,1,0
6720,2021,87,2022-03-13,3,Verona,Napoli,1,2,0,1
6721,2021,75,2022-03-13,4,Dortmund,Bielefeld,1,0,1,0
6722,2021,75,2022-03-13,4,Ein Frankfurt,Bochum,2,1,0,1
6723,2021,75,2022-03-13,4,Greuther Furth,RB Leipzig,1,6,1,4
6724,2021,75,2022-03-13,4,Leverkusen,FC Koln,0,1,0,0
6725,2021,80,2022-03-13,5,Angers,Reims,0,1,0,1
6726,2021,80,2022-03-13,5,Brest,Marseille,1,4,0,1
6727,2021,80,2022-03-13,5,Clermont,Lorient,0,2,0,0
6728,2021,80,2022-03-13,5,Lyon,Rennes,2,4,0,3
6729,2021,80,2022-03-13,5,Metz,Lens,0,0,0,0
6730,2021,80,2022-03-13,5,Paris SG,Bordeaux,3,0,1,0
6731,2021,80,2022-03-13,5,Strasbourg,Monaco,1,0,1,0
6732,2021,89,2022-03-14,1,Crystal Palace,Man City,0,0,0,0
6733,2021,105,2022-03-14,2,Mallorca,Real Madrid,0,3,0,0
6734,2021,88,2022-03-14,3,Lazio,Venezia,1,0,0,0
6735,2021,90,2022-03-16,1,Arsenal,Liverpool,0,2,0,0
6736,2021,90,2022-03-16,1,Brighton,Tottenham,0,2,0,1
6737,2021,76,2022-03-16,4,Mainz,Dortmund,0,1,0,0
6738,2021,91,2022-03-17,1,Everton,Newcastle,1,0,0,0
6739,2021,92,2022-03-18,1,Wolves,Leeds,2,3,2,0
6740,2021,106,2022-03-18,2,Ath Bilbao,Getafe,1,1,1,1
6741,2021,89,2022-03-18,3,Genoa,Torino,1,0,1,0
6742,2021,89,2022-03-18,3,Sassuolo,Spezia,4,1,1,1
6743,2021,77,2022-03-18,4,Bochum,M'gladbach,0,2,0,0
6744,2021,81,2022-03-18,5,St Etienne,Troyes,1,1,0,1
6745,2021,93,2022-03-19,1,Aston Villa,Arsenal,0,1,0,1
6746,2021,107,2022-03-19,2,Alaves,Granada,2,3,0,0
6747,2021,107,2022-03-19,2,Elche,Valencia,0,1,0,0
6748,2021,107,2022-03-19,2,Osasuna,Levante,3,1,1,0
6749,2021,107,2022-03-19,2,Vallecano,Ath Madrid,0,1,0,0
6750,2021,90,2022-03-19,3,Cagliari,Milan,0,1,0,0
6751,2021,90,2022-03-19,3,Inter,Fiorentina,1,1,0,0
6752,2021,90,2022-03-19,3,Napoli,Udinese,2,1,0,1
6753,2021,78,2022-03-19,4,Bayern Munich,Union Berlin,4,0,3,0
6754,2021,78,2022-03-19,4,Greuther Furth,Freiburg,0,0,0,0
6755,2021,78,2022-03-19,4,Hertha,Hoffenheim,3,0,1,0
6756,2021,78,2022-03-19,4,Mainz,Bielefeld,4,0,1,0
6757,2021,78,2022-03-19,4,Stuttgart,Augsburg,3,2,1,2
6758,2021,82,2022-03-19,5,Lens,Clermont,3,1,2,1
6759,2021,82,2022-03-19,5,Nantes,Lille,0,1,0,1
6760,2021,94,2022-03-20,1,Leicester,Brentford,2,1,2,0
6761,2021,94,2022-03-20,1,Tottenham,West Ham,3,1,2,1
6762,2021,108,2022-03-20,2,Cadiz,Villarreal,1,0,0,0
6763,2021,108,2022-03-20,2,Celta,Betis,0,0,0,0
6764,2021,108,2022-03-20,2,Espanol,Mallorca,1,0,1,0
6765,2021,108,2022-03-20,2,Real Madrid,Barcelona,0,4,0,2
6766,2021,108,2022-03-20,2,Sevilla,Sociedad,0,0,0,0
6767,2021,91,2022-03-20,3,Bologna,Atalanta,0,1,0,0
6768,2021,91,2022-03-20,3,Empoli,Verona,1,1,1,0
6769,2021,91,2022-03-20,3,Juventus,Salernitana,2,0,2,0
6770,2021,91,2022-03-20,3,Roma,Lazio,3,0,3,0
6771,2021,91,2022-03-20,3,Venezia,Sampdoria,0,2,0,2
6772,2021,79,2022-03-20,4,FC Koln,Dortmund,1,1,1,1
6773,2021,79,2022-03-20,4,RB Leipzig,Ein Frankfurt,0,0,0,0
6774,2021,79,2022-03-20,4,Wolfsburg,Leverkusen,0,2,0,0
6775,2021,83,2022-03-20,5,Angers,Brest,1,0,1,0
6776,2021,83,2022-03-20,5,Bordeaux,Montpellier,0,2,0,2
6777,2021,83,2022-03-20,5,Lorient,Strasbourg,0,0,0,0
6778,2021,83,2022-03-20,5,Marseille,Nice,2,1,1,0
6779,2021,83,2022-03-20,5,Monaco,Paris SG,3,0,1,0
6780,2021,83,2022-03-20,5,Reims,Lyon,0,0,0,0
6781,2021,83,2022-03-20,5,Rennes,Metz,6,1,3,0
6782,2021,80,2022-04-01,4,Union Berlin,FC Koln,1,0,0,0
6783,2021,95,2022-04-02,1,Brighton,Norwich,0,0,0,0
6784,2021,95,2022-04-02,1,Burnley,Man City,0,2,0,2
6785,2021,95,2022-04-02,1,Chelsea,Brentford,1,4,0,0
6786,2021,95,2022-04-02,1,Leeds,Southampton,1,1,1,0
6787,2021,95,2022-04-02,1,Liverpool,Watford,2,0,1,0
6788,2021,95,2022-04-02,1,Man United,Leicester,1,1,0,0
6789,2021,95,2022-04-02,1,Wolves,Aston Villa,2,1,2,0
6790,2021,109,2022-04-02,2,Ath Madrid,Alaves,4,1,1,0
6791,2021,109,2022-04-02,2,Celta,Real Madrid,1,2,0,1
6792,2021,109,2022-04-02,2,Getafe,Mallorca,1,0,0,0
6793,2021,109,2022-04-02,2,Levante,Villarreal,2,0,0,0
6794,2021,92,2022-04-02,3,Lazio,Sassuolo,2,1,1,0
6795,2021,92,2022-04-02,3,Salernitana,Torino,0,1,0,1
6796,2021,92,2022-04-02,3,Spezia,Venezia,1,0,0,0
6797,2021,81,2022-04-02,4,Bielefeld,Stuttgart,1,1,0,1
6798,2021,81,2022-04-02,4,Dortmund,RB Leipzig,1,4,0,2
6799,2021,81,2022-04-02,4,Ein Frankfurt,Greuther Furth,0,0,0,0
6800,2021,81,2022-04-02,4,Freiburg,Bayern Munich,1,4,0,0
6801,2021,81,2022-04-02,4,Hoffenheim,Bochum,1,2,0,1
6802,2021,81,2022-04-02,4,Leverkusen,Hertha,2,1,2,1
6803,2021,84,2022-04-02,5,Lille,Bordeaux,0,0,0,0
6804,2021,84,2022-04-02,5,Nice,Rennes,1,1,0,0
6805,2021,96,2022-04-03,1,Tottenham,Newcastle,5,1,1,1
6806,2021,96,2022-04-03,1,West Ham,Everton,2,1,1,0
6807,2021,110,2022-04-03,2,Ath Bilbao,Elche,2,1,1,0
6808,2021,110,2022-04-03,2,Barcelona,Sevilla,1,0,0,0
6809,2021,110,2022-04-03,2,Betis,Osasuna,4,1,2,0
6810,2021,110,2022-04-03,2,Granada,Vallecano,2,2,0,2
6811,2021,110,2022-04-03,2,Valencia,Cadiz,0,0,0,0
6812,2021,93,2022-04-03,3,Atalanta,Napoli,1,3,0,2
6813,2021,93,2022-04-03,3,Fiorentina,Empoli,1,0,0,0
6814,2021,93,2022-04-03,3,Juventus,Inter,0,1,0,1
6815,2021,93,2022-04-03,3,Sampdoria,Roma,0,1,0,1
6816,2021,93,2022-04-03,3,Udinese,Cagliari,5,1,2,1
6817,2021,82,2022-04-03,4,Augsburg,Wolfsburg,3,0,1,0
6818,2021,82,2022-04-03,4,M'gladbach,Mainz,1,1,1,0
6819,2021,85,2022-04-03,5,Clermont,Nantes,2,3,0,1
6820,2021,85,2022-04-03,5,Lyon,Angers,3,2,1,0
6821,2021,85,2022-04-03,5,Metz,Monaco,1,2,0,0
6822,2021,85,2022-04-03,5,Montpellier,Brest,1,2,0,0
6823,2021,85,2022-04-03,5,Paris SG,Lorient,5,1,2,0
6824,2021,85,2022-04-03,5,St Etienne,Marseille,2,4,1,1
6825,2021,85,2022-04-03,5,Strasbourg,Lens,1,0,0,0
6826,2021,85,2022-04-03,5,Troyes,Reims,1,0,0,0
6827,2021,97,2022-04-04,1,Crystal Palace,Arsenal,3,0,2,0
6828,2021,111,2022-04-04,2,Sociedad,Espanol,1,0,0,0
6829,2021,94,2022-04-04,3,Milan,Bologna,0,0,0,0
6830,2021,94,2022-04-04,3,Verona,Genoa,1,0,1,0
6831,2021,98,2022-04-06,1,Burnley,Everton,3,2,1,2
6832,2021,83,2022-04-06,4,Augsburg,Mainz,2,1,1,0
6833,2021,99,2022-04-08,1,Newcastle,Wolves,1,0,0,0
6834,2021,112,2022-04-08,2,Sevilla,Granada,4,2,1,1
6835,2021,84,2022-04-08,4,Stuttgart,Dortmund,0,2,0,1
6836,2021,86,2022-04-08,5,Lorient,St Etienne,6,2,2,2
6837,2021,100,2022-04-09,1,Arsenal,Brighton,1,2,0,1
6838,2021,100,2022-04-09,1,Aston Villa,Tottenham,0,4,0,1
6839,2021,100,2022-04-09,1,Everton,Man United,1,0,1,0
6840,2021,100,2022-04-09,1,Southampton,Chelsea,0,6,0,4
6841,2021,100,2022-04-09,1,Watford,Leeds,0,3,0,1
6842,2021,113,2022-04-09,2,Cadiz,Betis,1,2,0,0
6843,2021,113,2022-04-09,2,Mallorca,Ath Madrid,1,0,0,0
6844,2021,113,2022-04-09,2,Real Madrid,Getafe,2,0,1,0
6845,2021,113,2022-04-09,2,Villarreal,Ath Bilbao,1,1,0,1
6846,2021,95,2022-04-09,3,Cagliari,Juventus,1,2,1,1
6847,2021,95,2022-04-09,3,Empoli,Spezia,0,0,0,0
6848,2021,95,2022-04-09,3,Inter,Verona,2,0,2,0
6849,2021,85,2022-04-09,4,Bayern Munich,Augsburg,1,0,0,0
6850,2021,85,2022-04-09,4,FC Koln,Mainz,3,2,0,1
6851,2021,85,2022-04-09,4,Greuther Furth,M'gladbach,0,2,0,2
6852,2021,85,2022-04-09,4,Hertha,Union Berlin,1,4,0,1
6853,2021,85,2022-04-09,4,Wolfsburg,Bielefeld,4,0,2,0
6854,2021,87,2022-04-09,5,Clermont,Paris SG,1,6,1,2
6855,2021,87,2022-04-09,5,Reims,Rennes,2,3,0,2
6856,2021,101,2022-04-10,1,Brentford,West Ham,2,0,0,0
6857,2021,101,2022-04-10,1,Leicester,Crystal Palace,2,1,2,0
6858,2021,101,2022-04-10,1,Man City,Liverpool,2,2,2,1
6859,2021,101,2022-04-10,1,Norwich,Burnley,2,0,1,0
6860,2021,114,2022-04-10,2,Elche,Sociedad,1,2,1,2
6861,2021,114,2022-04-10,2,Espanol,Celta,1,0,0,0
6862,2021,114,2022-04-10,2,Levante,Barcelona,2,3,0,0
6863,2021,114,2022-04-10,2,Osasuna,Alaves,1,0,0,0
6864,2021,96,2022-04-10,3,Genoa,Lazio,1,4,0,2
6865,2021,96,2022-04-10,3,Napoli,Fiorentina,2,3,0,1
6866,2021,96,2022-04-10,3,Roma,Salernitana,2,1,0,1
6867,2021,96,2022-04-10,3,Sassuolo,Atalanta,2,1,1,0
6868,2021,96,2022-04-10,3,Torino,Milan,0,0,0,0
6869,2021,96,2022-04-10,3,Venezia,Udinese,1,2,0,1
6870,2021,86,2022-04-10,4,Bochum,Leverkusen,0,0,0,0
6871,2021,86,2022-04-10,4,Ein Frankfurt,Freiburg,1,2,0,1
6872,2021,86,2022-04-10,4,RB Leipzig,Hoffenheim,3,0,3,0
6873,2021,88,2022-04-10,5,Angers,Lille,1,1,0,0
6874,2021,88,2022-04-10,5,Bordeaux,Metz,3,1,0,1
6875,2021,88,2022-04-10,5,Brest,Nantes,1,1,0,1
6876,2021,88,2022-04-10,5,Lens,Nice,3,0,0,0
6877,2021,88,2022-04-10,5,Marseille,Montpellier,2,0,2,0
6878,2021,88,2022-04-10,5,Monaco,Troyes,2,1,1,1
6879,2021,88,2022-04-10,5,Strasbourg,Lyon,1,1,1,0
6880,2021,115,2022-04-11,2,Vallecano,Valencia,1,1,0,0
6881,2021,97,2022-04-11,3,Bologna,Sampdoria,2,0,0,0
6882,2021,116,2022-04-15,2,Sociedad,Betis,0,0,0,0
6883,2021,98,2022-04-15,3,Milan,Genoa,2,0,1,0
6884,2021,98,2022-04-15,3,Spezia,Inter,1,3,0,1
6885,2021,89,2022-04-15,5,Rennes,Monaco,2,3,1,1
6886,2021,102,2022-04-16,1,Man United,Norwich,3,2,2,1
6887,2021,102,2022-04-16,1,Southampton,Arsenal,1,0,1,0
6888,2021,102,2022-04-16,1,Tottenham,Brighton,0,1,0,0
6889,2021,102,2022-04-16,1,Watford,Brentford,1,2,0,1
6890,2021,117,2022-04-16,2,Alaves,Vallecano,1,0,0,0
6891,2021,117,2022-04-16,2,Elche,Mallorca,3,0,1,0
6892,2021,117,2022-04-16,2,Getafe,Villarreal,1,2,0,2
6893,2021,117,2022-04-16,2,Valencia,Osasuna,1,2,0,0
6894,2021,99,2022-04-16,3,Cagliari,Sassuolo,1,0,1,0
6895,2021,99,2022-04-16,3,Fiorentina,Venezia,1,0,1,0
6896,2021,99,2022-04-16,3,Juventus,Bologna,1,1,0,0
6897,2021,99,2022-04-16,3,Lazio,Torino,1,1,0,0
6898,2021,99,2022-04-16,3,Sampdoria,Salernitana,1,2,1,2
6899,2021,99,2022-04-16,3,Udinese,Empoli,4,1,1,0
6900,2021,87,2022-04-16,4,Augsburg,Hertha,0,1,0,0
6901,2021,87,2022-04-16,4,Dortmund,Wolfsburg,6,1,5,0
6902,2021,87,2022-04-16,4,Freiburg,Bochum,3,0,2,0
6903,2021,87,2022-04-16,4,M'gladbach,FC Koln,1,3,0,3
6904,2021,87,2022-04-16,4,Mainz,Stuttgart,0,0,0,0
6905,2021,90,2022-04-16,5,Lille,Lens,1,2,1,2
6906,2021,90,2022-04-16,5,St Etienne,Brest,2,1,2,1
6907,2021,103,2022-04-17,1,Newcastle,Leicester,2,1,1,1
6908,2021,103,2022-04-17,1,West Ham,Burnley,1,1,0,1
6909,2021,118,2022-04-17,2,Ath Bilbao,Celta,0,2,0,2
6910,2021,118,2022-04-17,2,Ath Madrid,Espanol,2,1,0,0
6911,2021,118,2022-04-17,2,Granada,Levante,1,4,0,1
6912,2021,118,2022-04-17,2,Sevilla,Real Madrid,2,3,2,0
6913,2021,88,2022-04-17,4,Bielefeld,Bayern Munich,0,3,0,2
6914,2021,88,2022-04-17,4,Hoffenheim,Greuther Furth,0,0,0,0
6915,2021,88,2022-04-17,4,Leverkusen,RB Leipzig,0,1,0,0
6916,2021,88,2022-04-17,4,Union Berlin,Ein Frankfurt,2,0,2,0
6917,2021,91,2022-04-17,5,Lyon,Bordeaux,6,1,3,0
6918,2021,91,2022-04-17,5,Metz,Clermont,1,1,1,1
6919,2021,91,2022-04-17,5,Montpellier,Reims,0,0,0,0
6920,2021,91,2022-04-17,5,Nantes,Angers,1,1,0,1
6921,2021,91,2022-04-17,5,Nice,Lorient,2,1,0,0
6922,2021,91,2022-04-17,5,Paris SG,Marseille,2,1,2,1
6923,2021,91,2022-04-17,5,Troyes,Strasbourg,1,1,0,0
6924,2021,119,2022-04-18,2,Barcelona,Cadiz,0,1,0,0
6925,2021,100,2022-04-18,3,Atalanta,Verona,1,2,0,1
6926,2021,100,2022-04-18,3,Napoli,Roma,1,1,1,0
6927,2021,104,2022-04-19,1,Liverpool,Man United,4,0,2,0
6928,2021,120,2022-04-19,2,Betis,Elche,0,1,0,0
6929,2021,120,2022-04-19,2,Mallorca,Alaves,2,1,2,0
6930,2021,120,2022-04-19,2,Villarreal,Valencia,2,0,2,0
6931,2021,105,2022-04-20,1,Chelsea,Arsenal,2,4,2,2
6932,2021,105,2022-04-20,1,Everton,Leicester,1,1,0,1
6933,2021,105,2022-04-20,1,Man City,Brighton,3,0,0,0
6934,2021,105,2022-04-20,1,Newcastle,Crystal Palace,1,0,1,0
6935,2021,121,2022-04-20,2,Ath Madrid,Granada,0,0,0,0
6936,2021,121,2022-04-20,2,Celta,Getafe,0,2,0,1
6937,2021,121,2022-04-20,2,Osasuna,Real Madrid,1,3,1,2
6938,2021,101,2022-04-20,3,Udinese,Salernitana,0,1,0,0
6939,2021,92,2022-04-20,5,Angers,Paris SG,0,3,0,2
6940,2021,92,2022-04-20,5,Bordeaux,St Etienne,2,2,2,1
6941,2021,92,2022-04-20,5,Brest,Lyon,2,1,1,0
6942,2021,92,2022-04-20,5,Lens,Montpellier,2,0,1,0
6943,2021,92,2022-04-20,5,Lorient,Metz,1,0,0,0
6944,2021,92,2022-04-20,5,Marseille,Nantes,3,2,1,2
6945,2021,92,2022-04-20,5,Monaco,Nice,1,0,1,0
6946,2021,92,2022-04-20,5,Reims,Lille,2,1,1,0
6947,2021,92,2022-04-20,5,Strasbourg,Rennes,2,1,1,0
6948,2021,92,2022-04-20,5,Troyes,Clermont,0,1,0,0
6949,2021,106,2022-04-21,1,Burnley,Southampton,2,0,2,0
6950,2021,122,2022-04-21,2,Cadiz,Ath Bilbao,2,3,0,3
6951,2021,122,2022-04-21,2,Espanol,Vallecano,0,1,0,1
6952,2021,122,2022-04-21,2,Levante,Sevilla,2,3,1,2
6953,2021,122,2022-04-21,2,Sociedad,Barcelona,0,1,0,1
6954,2021,89,2022-04-22,4,Wolfsburg,Mainz,5,0,5,0
6955,2021,107,2022-04-23,1,Arsenal,Man United,3,1,2,1
6956,2021,107,2022-04-23,1,Brentford,Tottenham,0,0,0,0
6957,2021,107,2022-04-23,1,Leicester,Aston Villa,0,0,0,0
6958,2021,107,2022-04-23,1,Man City,Watford,5,1,3,1
6959,2021,107,2022-04-23,1,Norwich,Newcastle,0,3,0,2
6960,2021,102,2022-04-23,3,Inter,Roma,3,1,2,0
6961,2021,102,2022-04-23,3,Torino,Spezia,2,1,1,0
6962,2021,102,2022-04-23,3,Venezia,Atalanta,1,3,0,1
6963,2021,102,2022-04-23,3,Verona,Sampdoria,1,1,0,1
6964,2021,90,2022-04-23,4,Bayern Munich,Dortmund,3,1,2,0
6965,2021,90,2022-04-23,4,Ein Frankfurt,Hoffenheim,2,2,1,1
6966,2021,90,2022-04-23,4,FC Koln,Bielefeld,3,1,2,1
6967,2021,90,2022-04-23,4,Freiburg,M'gladbach,3,3,0,2
6968,2021,90,2022-04-23,4,Greuther Furth,Leverkusen,1,4,1,2
6969,2021,90,2022-04-23,4,RB Leipzig,Union Berlin,1,2,0,0
6970,2021,93,2022-04-23,5,Lyon,Montpellier,5,2,2,2
6971,2021,93,2022-04-23,5,Paris SG,Lens,1,1,0,0
6972,2021,93,2022-04-23,5,St Etienne,Monaco,1,4,1,2
6973,2021,108,2022-04-24,1,Brighton,Southampton,2,2,2,1
6974,2021,108,2022-04-24,1,Burnley,Wolves,1,0,0,0
6975,2021,108,2022-04-24,1,Chelsea,West Ham,1,0,0,0
6976,2021,108,2022-04-24,1,Liverpool,Everton,2,0,0,0
6977,2021,123,2022-04-24,2,Barcelona,Vallecano,0,1,0,1
6978,2021,103,2022-04-24,3,Bologna,Udinese,2,2,1,1
6979,2021,103,2022-04-24,3,Empoli,Napoli,3,2,0,1
6980,2021,103,2022-04-24,3,Genoa,Cagliari,1,0,0,0
6981,2021,103,2022-04-24,3,Lazio,Milan,1,2,1,0
6982,2021,103,2022-04-24,3,Salernitana,Fiorentina,2,1,1,0
6983,2021,91,2022-04-24,4,Bochum,Augsburg,0,2,0,2
6984,2021,91,2022-04-24,4,Hertha,Stuttgart,2,0,1,0
6985,2021,94,2022-04-24,5,Clermont,Angers,2,2,0,2
6986,2021,94,2022-04-24,5,Lille,Strasbourg,1,0,0,0
6987,2021,94,2022-04-24,5,Metz,Brest,0,1,0,1
6988,2021,94,2022-04-24,5,Nantes,Bordeaux,5,3,0,2
6989,2021,94,2022-04-24,5,Nice,Troyes,1,0,0,0
6990,2021,94,2022-04-24,5,Reims,Marseille,0,1,0,0
6991,2021,94,2022-04-24,5,Rennes,Lorient,5,0,2,0
6992,2021,109,2022-04-25,1,Crystal Palace,Leeds,0,0,0,0
6993,2021,104,2022-04-25,3,Sassuolo,Juventus,1,2,1,1
6994,2021,105,2022-04-27,3,Atalanta,Torino,4,4,2,2
6995,2021,105,2022-04-27,3,Bologna,Inter,2,1,1,1
6996,2021,105,2022-04-27,3,Fiorentina,Udinese,0,4,0,2
6997,2021,110,2022-04-28,1,Man United,Chelsea,1,1,0,0
6998,2021,124,2022-04-29,2,Sevilla,Cadiz,1,1,1,0
6999,2021,92,2022-04-29,4,Union Berlin,Greuther Furth,1,1,0,1
7000,2021,95,2022-04-29,5,Strasbourg,Paris SG,3,3,1,1
7001,2021,111,2022-04-30,1,Aston Villa,Norwich,2,0,1,0
7002,2021,111,2022-04-30,1,Leeds,Man City,0,4,0,1
7003,2021,111,2022-04-30,1,Newcastle,Liverpool,0,1,0,1
7004,2021,111,2022-04-30,1,Southampton,Crystal Palace,1,2,1,0
7005,2021,111,2022-04-30,1,Watford,Burnley,1,2,1,0
7006,2021,111,2022-04-30,1,Wolves,Brighton,0,3,0,1
7007,2021,125,2022-04-30,2,Alaves,Villarreal,2,1,2,0
7008,2021,125,2022-04-30,2,Ath Bilbao,Ath Madrid,2,0,1,0
7009,2021,125,2022-04-30,2,Real Madrid,Espanol,4,0,2,0
7010,2021,125,2022-04-30,2,Valencia,Levante,1,1,1,0
7011,2021,106,2022-04-30,3,Cagliari,Verona,1,2,0,2
7012,2021,106,2022-04-30,3,Napoli,Sassuolo,6,1,4,0
7013,2021,106,2022-04-30,3,Sampdoria,Genoa,1,0,1,0
7014,2021,106,2022-04-30,3,Spezia,Lazio,3,4,2,1
7015,2021,93,2022-04-30,4,Augsburg,FC Koln,1,4,0,2
7016,2021,93,2022-04-30,4,Bielefeld,Hertha,1,1,0,0
7017,2021,93,2022-04-30,4,Dortmund,Bochum,3,4,2,2
7018,2021,93,2022-04-30,4,Hoffenheim,Freiburg,3,4,1,1
7019,2021,93,2022-04-30,4,Mainz,Bayern Munich,3,1,2,1
7020,2021,93,2022-04-30,4,Stuttgart,Wolfsburg,1,1,0,1
7021,2021,96,2022-04-30,5,Lens,Nantes,2,2,0,2
7022,2021,96,2022-04-30,5,Rennes,St Etienne,2,0,1,0
7023,2021,112,2022-05-01,1,Everton,Chelsea,1,0,0,0
7024,2021,112,2022-05-01,1,Tottenham,Leicester,3,1,1,0
7025,2021,112,2022-05-01,1,West Ham,Arsenal,1,2,1,1
7026,2021,126,2022-05-01,2,Barcelona,Mallorca,2,1,1,0
7027,2021,126,2022-05-01,2,Elche,Osasuna,1,1,0,0
7028,2021,126,2022-05-01,2,Granada,Celta,1,1,0,0
7029,2021,126,2022-05-01,2,Vallecano,Sociedad,1,1,0,1
7030,2021,107,2022-05-01,3,Empoli,Torino,1,3,0,0
7031,2021,107,2022-05-01,3,Juventus,Venezia,2,1,1,0
7032,2021,107,2022-05-01,3,Milan,Fiorentina,1,0,0,0
7033,2021,107,2022-05-01,3,Roma,Bologna,0,0,0,0
7034,2021,107,2022-05-01,3,Udinese,Inter,1,2,0,2
7035,2021,97,2022-05-01,5,Bordeaux,Nice,0,1,0,0
7036,2021,97,2022-05-01,5,Brest,Clermont,2,0,0,0
7037,2021,97,2022-05-01,5,Lorient,Reims,1,2,1,1
7038,2021,97,2022-05-01,5,Marseille,Lyon,0,3,0,0
7039,2021,97,2022-05-01,5,Monaco,Angers,2,0,1,0
7040,2021,97,2022-05-01,5,Montpellier,Metz,2,2,0,1
7041,2021,97,2022-05-01,5,Troyes,Lille,3,0,1,0
7042,2021,113,2022-05-02,1,Man United,Brentford,3,0,1,0
7043,2021,127,2022-05-02,2,Getafe,Betis,0,0,0,0
7044,2021,108,2022-05-02,3,Atalanta,Salernitana,1,1,0,1
7045,2021,94,2022-05-02,4,Leverkusen,Ein Frankfurt,2,0,1,0
7046,2021,94,2022-05-02,4,M'gladbach,RB Leipzig,3,1,2,1
7047,2021,109,2022-05-05,3,Salernitana,Venezia,2,1,1,0
7048,2021,128,2022-05-06,2,Levante,Sociedad,2,1,0,0
7049,2021,110,2022-05-06,3,Genoa,Juventus,2,1,0,0
7050,2021,110,2022-05-06,3,Inter,Empoli,4,2,2,2
7051,2021,95,2022-05-06,4,Bochum,Bielefeld,2,1,1,1
7052,2021,98,2022-05-06,5,Lille,Monaco,1,2,0,1
7053,2021,114,2022-05-07,1,Brentford,Southampton,3,0,2,0
7054,2021,114,2022-05-07,1,Brighton,Man United,4,0,1,0
7055,2021,114,2022-05-07,1,Burnley,Aston Villa,1,3,0,2
7056,2021,114,2022-05-07,1,Chelsea,Wolves,2,2,0,0
7057,2021,114,2022-05-07,1,Crystal Palace,Watford,1,0,1,0
7058,2021,114,2022-05-07,1,Liverpool,Tottenham,1,1,0,0
7059,2021,129,2022-05-07,2,Ath Bilbao,Valencia,0,0,0,0
7060,2021,129,2022-05-07,2,Betis,Barcelona,1,2,0,0
7061,2021,129,2022-05-07,2,Cadiz,Elche,3,0,0,0
7062,2021,129,2022-05-07,2,Celta,Alaves,4,0,2,0
7063,2021,129,2022-05-07,2,Mallorca,Granada,2,6,1,1
7064,2021,111,2022-05-07,3,Lazio,Sampdoria,2,0,1,0
7065,2021,111,2022-05-07,3,Sassuolo,Udinese,1,1,1,0
7066,2021,111,2022-05-07,3,Torino,Napoli,0,1,0,0
7067,2021,96,2022-05-07,4,FC Koln,Wolfsburg,0,1,0,1
7068,2021,96,2022-05-07,4,Freiburg,Union Berlin,1,4,0,3
7069,2021,96,2022-05-07,4,Greuther Furth,Dortmund,1,3,0,1
7070,2021,96,2022-05-07,4,Hertha,Mainz,1,2,1,1
7071,2021,96,2022-05-07,4,Hoffenheim,Leverkusen,2,4,2,1
7072,2021,99,2022-05-07,5,Brest,Strasbourg,0,1,0,0
7073,2021,115,2022-05-08,1,Arsenal,Leeds,2,1,2,0
7074,2021,115,2022-05-08,1,Leicester,Everton,1,2,1,2
7075,2021,115,2022-05-08,1,Man City,Newcastle,5,0,2,0
7076,2021,115,2022-05-08,1,Norwich,West Ham,0,4,0,3
7077,2021,130,2022-05-08,2,Ath Madrid,Real Madrid,1,0,1,0
7078,2021,130,2022-05-08,2,Espanol,Osasuna,1,1,0,1
7079,2021,130,2022-05-08,2,Getafe,Vallecano,0,0,0,0
7080,2021,130,2022-05-08,2,Villarreal,Sevilla,1,1,0,0
7081,2021,112,2022-05-08,3,Salernitana,Cagliari,1,1,0,0
7082,2021,112,2022-05-08,3,Spezia,Atalanta,1,3,1,1
7083,2021,112,2022-05-08,3,Venezia,Bologna,4,3,2,1
7084,2021,112,2022-05-08,3,Verona,Milan,1,3,1,1
7085,2021,97,2022-05-08,4,Bayern Munich,Stuttgart,2,2,2,1
7086,2021,97,2022-05-08,4,Ein Frankfurt,M'gladbach,1,1,0,1
7087,2021,97,2022-05-08,4,RB Leipzig,Augsburg,4,0,1,0
7088,2021,100,2022-05-08,5,Angers,Bordeaux,4,1,2,0
7089,2021,100,2022-05-08,5,Clermont,Montpellier,2,1,1,1
7090,2021,100,2022-05-08,5,Lorient,Marseille,0,3,0,1
7091,2021,100,2022-05-08,5,Metz,Lyon,3,2,2,1
7092,2021,100,2022-05-08,5,Paris SG,Troyes,2,2,2,1
7093,2021,100,2022-05-08,5,Reims,Lens,1,2,1,0
7094,2021,113,2022-05-09,3,Fiorentina,Roma,2,0,2,0
7095,2021,116,2022-05-10,1,Aston Villa,Liverpool,1,2,1,1
7096,2021,131,2022-05-10,2,Barcelona,Celta,3,1,2,0
7097,2021,131,2022-05-10,2,Granada,Ath Bilbao,1,0,1,0
7098,2021,131,2022-05-10,2,Valencia,Betis,0,3,0,0
7099,2021,117,2022-05-11,1,Leeds,Chelsea,0,3,0,1
7100,2021,117,2022-05-11,1,Leicester,Norwich,3,0,0,0
7101,2021,117,2022-05-11,1,Watford,Everton,0,0,0,0
7102,2021,117,2022-05-11,1,Wolves,Man City,1,5,1,3
7103,2021,132,2022-05-11,2,Alaves,Espanol,2,1,1,1
7104,2021,132,2022-05-11,2,Elche,Ath Madrid,0,2,0,1
7105,2021,132,2022-05-11,2,Osasuna,Getafe,1,1,1,1
7106,2021,132,2022-05-11,2,Sevilla,Mallorca,0,0,0,0
7107,2021,101,2022-05-11,5,Nantes,Rennes,2,1,1,1
7108,2021,101,2022-05-11,5,Nice,St Etienne,4,2,0,2
7109,2021,118,2022-05-12,1,Tottenham,Arsenal,3,0,2,0
7110,2021,133,2022-05-12,2,Real Madrid,Levante,6,0,4,0
7111,2021,133,2022-05-12,2,Sociedad,Cadiz,3,0,1,0
7112,2021,133,2022-05-12,2,Vallecano,Villarreal,1,5,1,4
7113,2021,134,2022-05-14,2,Espanol,Valencia,1,1,1,1
7114,2021,114,2022-05-14,3,Empoli,Salernitana,1,1,1,0
7115,2021,114,2022-05-14,3,Roma,Venezia,1,1,0,1
7116,2021,114,2022-05-14,3,Udinese,Spezia,2,3,1,2
7117,2021,114,2022-05-14,3,Verona,Torino,0,1,0,1
7118,2021,98,2022-05-14,4,Augsburg,Greuther Furth,2,1,1,1
7119,2021,98,2022-05-14,4,Bielefeld,RB Leipzig,1,1,0,0
7120,2021,98,2022-05-14,4,Dortmund,Hertha,2,1,0,1
7121,2021,98,2022-05-14,4,Leverkusen,Freiburg,2,1,0,0
7122,2021,98,2022-05-14,4,M'gladbach,Hoffenheim,5,1,3,1
7123,2021,98,2022-05-14,4,Mainz,Ein Frankfurt,2,2,1,2
7124,2021,98,2022-05-14,4,Stuttgart,FC Koln,2,1,1,0
7125,2021,98,2022-05-14,4,Union Berlin,Bochum,3,2,2,0
7126,2021,98,2022-05-14,4,Wolfsburg,Bayern Munich,2,2,1,2
7127,2021,102,2022-05-14,5,Bordeaux,Lorient,0,0,0,0
7128,2021,102,2022-05-14,5,Lyon,Nantes,3,2,1,0
7129,2021,102,2022-05-14,5,Metz,Angers,1,0,0,0
7130,2021,102,2022-05-14,5,Monaco,Brest,4,2,1,2
7131,2021,102,2022-05-14,5,Montpellier,Paris SG,0,4,0,3
7132,2021,102,2022-05-14,5,Nice,Lille,1,3,1,0
7133,2021,102,2022-05-14,5,Rennes,Marseille,2,0,2,0
7134,2021,102,2022-05-14,5,St Etienne,Reims,1,2,1,1
7135,2021,102,2022-05-14,5,Strasbourg,Clermont,1,0,1,0
7136,2021,102,2022-05-14,5,Troyes,Lens,1,3,1,2
7137,2021,119,2022-05-15,1,Aston Villa,Crystal Palace,1,1,0,0
7138,2021,119,2022-05-15,1,Everton,Brentford,2,3,2,1
7139,2021,119,2022-05-15,1,Leeds,Brighton,1,1,0,1
7140,2021,119,2022-05-15,1,Tottenham,Burnley,1,0,1,0
7141,2021,119,2022-05-15,1,Watford,Leicester,1,5,1,2
7142,2021,119,2022-05-15,1,West Ham,Man City,2,2,2,0
7143,2021,119,2022-05-15,1,Wolves,Norwich,1,1,0,1
7144,2021,135,2022-05-15,2,Ath Bilbao,Osasuna,2,0,1,0
7145,2021,135,2022-05-15,2,Ath Madrid,Sevilla,1,1,1,0
7146,2021,135,2022-05-15,2,Betis,Granada,2,0,1,0
7147,2021,135,2022-05-15,2,Cadiz,Real Madrid,1,1,1,1
7148,2021,135,2022-05-15,2,Celta,Elche,1,0,1,0
7149,2021,135,2022-05-15,2,Getafe,Barcelona,0,0,0,0
7150,2021,135,2022-05-15,2,Levante,Alaves,3,1,0,1
7151,2021,135,2022-05-15,2,Mallorca,Vallecano,2,1,1,0
7152,2021,135,2022-05-15,2,Villarreal,Sociedad,1,2,1,0
7153,2021,115,2022-05-15,3,Bologna,Sassuolo,1,3,0,1
7154,2021,115,2022-05-15,3,Cagliari,Inter,1,3,0,1
7155,2021,115,2022-05-15,3,Milan,Atalanta,2,0,0,0
7156,2021,115,2022-05-15,3,Napoli,Genoa,3,0,1,0
7157,2021,120,2022-05-16,1,Newcastle,Arsenal,2,0,0,0
7158,2021,116,2022-05-16,3,Juventus,Lazio,2,2,2,0
7159,2021,116,2022-05-16,3,Sampdoria,Fiorentina,4,1,2,0
7160,2021,121,2022-05-17,1,Southampton,Liverpool,1,2,1,1
7161,2021,122,2022-05-19,1,Aston Villa,Burnley,1,1,0,1
7162,2021,122,2022-05-19,1,Chelsea,Leicester,1,1,1,1
7163,2021,122,2022-05-19,1,Everton,Crystal Palace,3,2,0,2
7164,2021,136,2022-05-20,2,Real Madrid,Betis,0,0,0,0
7165,2021,136,2022-05-20,2,Vallecano,Levante,2,4,1,3
7166,2021,117,2022-05-20,3,Torino,Roma,0,3,0,2
7167,2021,137,2022-05-21,2,Valencia,Celta,2,0,1,0
7168,2021,118,2022-05-21,3,Atalanta,Empoli,0,1,0,0
7169,2021,118,2022-05-21,3,Fiorentina,Juventus,2,0,1,0
7170,2021,118,2022-05-21,3,Genoa,Bologna,0,1,0,0
7171,2021,118,2022-05-21,3,Lazio,Verona,3,3,2,2
7172,2021,103,2022-05-21,5,Angers,Montpellier,2,0,1,0
7173,2021,103,2022-05-21,5,Brest,Bordeaux,2,4,2,2
7174,2021,103,2022-05-21,5,Clermont,Lyon,1,2,0,1
7175,2021,103,2022-05-21,5,Lens,Monaco,2,2,1,1
7176,2021,103,2022-05-21,5,Lille,Rennes,2,2,1,1
7177,2021,103,2022-05-21,5,Lorient,Troyes,1,1,0,1
7178,2021,103,2022-05-21,5,Marseille,Strasbourg,4,0,1,0
7179,2021,103,2022-05-21,5,Nantes,St Etienne,1,1,1,0
7180,2021,103,2022-05-21,5,Paris SG,Metz,5,0,3,0
7181,2021,103,2022-05-21,5,Reims,Nice,2,3,2,0
7182,2021,123,2022-05-22,1,Arsenal,Everton,5,1,2,1
7183,2021,123,2022-05-22,1,Brentford,Leeds,1,2,0,0
7184,2021,123,2022-05-22,1,Brighton,West Ham,3,1,0,1
7185,2021,123,2022-05-22,1,Burnley,Newcastle,1,2,0,1
7186,2021,123,2022-05-22,1,Chelsea,Watford,2,1,1,0
7187,2021,123,2022-05-22,1,Crystal Palace,Man United,1,0,1,0
7188,2021,123,2022-05-22,1,Leicester,Southampton,4,1,0,0
7189,2021,123,2022-05-22,1,Liverpool,Wolves,3,1,1,1
7190,2021,123,2022-05-22,1,Man City,Aston Villa,3,2,0,1
7191,2021,123,2022-05-22,1,Norwich,Tottenham,0,5,0,2
7192,2021,138,2022-05-22,2,Alaves,Cadiz,0,1,0,0
7193,2021,138,2022-05-22,2,Barcelona,Villarreal,0,2,0,1
7194,2021,138,2022-05-22,2,Elche,Getafe,3,1,1,1
7195,2021,138,2022-05-22,2,Granada,Espanol,0,0,0,0
7196,2021,138,2022-05-22,2,Osasuna,Mallorca,0,2,0,0
7197,2021,138,2022-05-22,2,Sevilla,Ath Bilbao,1,0,0,0
7198,2021,138,2022-05-22,2,Sociedad,Ath Madrid,1,2,0,0
7199,2021,119,2022-05-22,3,Inter,Sampdoria,3,0,0,0
7200,2021,119,2022-05-22,3,Salernitana,Udinese,0,4,0,3
7201,2021,119,2022-05-22,3,Sassuolo,Milan,0,3,0,3
7202,2021,119,2022-05-22,3,Spezia,Napoli,0,3,0,3
7203,2021,119,2022-05-22,3,Venezia,Cagliari,0,0,0,0
7204,2022,1,2022-08-05,1,Crystal Palace,Arsenal,0,2,0,1
7205,2022,1,2022-08-05,4,Ein Frankfurt,Bayern Munich,1,6,0,5
7206,2022,1,2022-08-05,5,Lyon,Ajaccio,2,1,2,1
7207,2022,2,2022-08-06,1,Bournemouth,Aston Villa,2,0,1,0
7208,2022,2,2022-08-06,1,Everton,Chelsea,0,1,0,1
7209,2022,2,2022-08-06,1,Fulham,Liverpool,2,2,1,0
7210,2022,2,2022-08-06,1,Leeds,Wolves,2,1,1,1
7211,2022,2,2022-08-06,1,Newcastle,Nott'm Forest,2,0,0,0
7212,2022,2,2022-08-06,1,Tottenham,Southampton,4,1,2,1
7213,2022,2,2022-08-06,4,Augsburg,Freiburg,0,4,0,0
7214,2022,2,2022-08-06,4,Bochum,Mainz,1,2,1,1
7215,2022,2,2022-08-06,4,Dortmund,Leverkusen,1,0,1,0
7216,2022,2,2022-08-06,4,M'gladbach,Hoffenheim,3,1,1,1
7217,2022,2,2022-08-06,4,Union Berlin,Hertha,3,1,1,0
7218,2022,2,2022-08-06,4,Wolfsburg,Werder Bremen,2,2,1,2
7219,2022,2,2022-08-06,5,Clermont,Paris SG,0,5,0,3
7220,2022,2,2022-08-06,5,Strasbourg,Monaco,1,2,0,1
7221,2022,3,2022-08-07,1,Leicester,Brentford,2,2,1,0
7222,2022,3,2022-08-07,1,Man United,Brighton,1,2,0,2
7223,2022,3,2022-08-07,1,West Ham,Man City,0,2,0,1
7224,2022,3,2022-08-07,4,FC Koln,Schalke 04,3,1,0,0
7225,2022,3,2022-08-07,4,Stuttgart,RB Leipzig,1,1,1,1
7226,2022,3,2022-08-07,5,Angers,Nantes,0,0,0,0
7227,2022,3,2022-08-07,5,Lens,Brest,3,2,1,0
7228,2022,3,2022-08-07,5,Lille,Auxerre,4,1,3,0
7229,2022,3,2022-08-07,5,Marseille,Reims,4,1,2,0
7230,2022,3,2022-08-07,5,Montpellier,Troyes,3,2,2,2
7231,2022,3,2022-08-07,5,Rennes,Lorient,0,1,0,0
7232,2022,3,2022-08-07,5,Toulouse,Nice,1,1,1,0
7233,2022,1,2022-08-12,2,Osasuna,Sevilla,2,1,1,1
7234,2022,4,2022-08-12,4,Freiburg,Dortmund,1,3,1,0
7235,2022,4,2022-08-12,5,Nantes,Lille,1,1,1,0
7236,2022,4,2022-08-13,1,Arsenal,Leicester,4,2,2,0
7237,2022,4,2022-08-13,1,Aston Villa,Everton,2,1,1,0
7238,2022,4,2022-08-13,1,Brentford,Man United,4,0,4,0
7239,2022,4,2022-08-13,1,Brighton,Newcastle,0,0,0,0
7240,2022,4,2022-08-13,1,Man City,Bournemouth,4,0,3,0
7241,2022,4,2022-08-13,1,Southampton,Leeds,2,2,0,0
7242,2022,4,2022-08-13,1,Wolves,Fulham,0,0,0,0
7243,2022,2,2022-08-13,2,Barcelona,Vallecano,0,0,0,0
7244,2022,2,2022-08-13,2,Celta,Espanol,2,2,1,0
7245,2022,2,2022-08-13,2,Valladolid,Villarreal,0,3,0,0
7246,2022,1,2022-08-13,3,Lecce,Inter,1,2,0,1
7247,2022,1,2022-08-13,3,Milan,Udinese,4,2,2,2
7248,2022,1,2022-08-13,3,Monza,Torino,1,2,0,1
7249,2022,1,2022-08-13,3,Sampdoria,Atalanta,0,2,0,1
7250,2022,5,2022-08-13,4,Hertha,Ein Frankfurt,1,1,1,0
7251,2022,5,2022-08-13,4,Hoffenheim,Bochum,3,2,2,2
7252,2022,5,2022-08-13,4,Leverkusen,Augsburg,1,2,1,1
7253,2022,5,2022-08-13,4,RB Leipzig,FC Koln,2,2,1,1
7254,2022,5,2022-08-13,4,Schalke 04,M'gladbach,2,2,1,0
7255,2022,5,2022-08-13,4,Werder Bremen,Stuttgart,2,2,1,1
7256,2022,5,2022-08-13,5,Monaco,Rennes,1,1,0,0
7257,2022,5,2022-08-13,5,Paris SG,Montpellier,5,2,2,0
7258,2022,5,2022-08-14,1,Chelsea,Tottenham,2,2,1,0
7259,2022,5,2022-08-14,1,Nott'm Forest,West Ham,1,0,1,0
7260,2022,3,2022-08-14,2,Almeria,Real Madrid,1,2,1,0
7261,2022,3,2022-08-14,2,Cadiz,Sociedad,0,1,0,1
7262,2022,3,2022-08-14,2,Valencia,Girona,1,0,1,0
7263,2022,2,2022-08-14,3,Fiorentina,Cremonese,3,2,2,1
7264,2022,2,2022-08-14,3,Lazio,Bologna,2,1,0,1
7265,2022,2,2022-08-14,3,Salernitana,Roma,0,1,0,1
7266,2022,2,2022-08-14,3,Spezia,Empoli,1,0,1,0
7267,2022,6,2022-08-14,4,Bayern Munich,Wolfsburg,2,0,2,0
7268,2022,6,2022-08-14,4,Mainz,Union Berlin,0,0,0,0
7269,2022,6,2022-08-14,5,Ajaccio,Lens,0,0,0,0
7270,2022,6,2022-08-14,5,Auxerre,Angers,2,2,2,1
7271,2022,6,2022-08-14,5,Brest,Marseille,1,1,0,1
7272,2022,6,2022-08-14,5,Nice,Strasbourg,1,1,1,0
7273,2022,6,2022-08-14,5,Reims,Clermont,2,4,2,0
7274,2022,6,2022-08-14,5,Troyes,Toulouse,0,3,0,1
7275,2022,6,2022-08-15,1,Liverpool,Crystal Palace,1,1,0,1
7276,2022,4,2022-08-15,2,Ath Bilbao,Mallorca,0,0,0,0
7277,2022,4,2022-08-15,2,Betis,Elche,3,0,2,0
7278,2022,4,2022-08-15,2,Getafe,Ath Madrid,0,3,0,1
7279,2022,3,2022-08-15,3,Juventus,Sassuolo,3,0,2,0
7280,2022,3,2022-08-15,3,Verona,Napoli,2,5,1,2
7281,2022,5,2022-08-19,2,Espanol,Vallecano,0,2,0,1
7282,2022,5,2022-08-19,2,Sevilla,Valladolid,1,1,0,0
7283,2022,7,2022-08-19,4,M'gladbach,Hertha,1,0,1,0
7284,2022,7,2022-08-19,5,Lyon,Troyes,4,1,1,1
7285,2022,7,2022-08-20,1,Bournemouth,Arsenal,0,3,0,2
7286,2022,7,2022-08-20,1,Crystal Palace,Aston Villa,3,1,1,1
7287,2022,7,2022-08-20,1,Everton,Nott'm Forest,1,1,0,0
7288,2022,7,2022-08-20,1,Fulham,Brentford,3,2,2,1
7289,2022,7,2022-08-20,1,Leicester,Southampton,1,2,0,0
7290,2022,7,2022-08-20,1,Tottenham,Wolves,1,0,0,0
7291,2022,6,2022-08-20,2,Celta,Real Madrid,1,4,1,2
7292,2022,6,2022-08-20,2,Mallorca,Betis,1,2,0,1
7293,2022,6,2022-08-20,2,Osasuna,Cadiz,2,0,1,0
7294,2022,4,2022-08-20,3,Inter,Spezia,3,0,1,0
7295,2022,4,2022-08-20,3,Sassuolo,Lecce,1,0,1,0
7296,2022,4,2022-08-20,3,Torino,Lazio,0,0,0,0
7297,2022,4,2022-08-20,3,Udinese,Salernitana,0,0,0,0
7298,2022,8,2022-08-20,4,Augsburg,Mainz,1,2,1,1
7299,2022,8,2022-08-20,4,Dortmund,Werder Bremen,2,3,1,0
7300,2022,8,2022-08-20,4,Leverkusen,Hoffenheim,0,3,0,2
7301,2022,8,2022-08-20,4,Stuttgart,Freiburg,0,1,0,1
7302,2022,8,2022-08-20,4,Union Berlin,RB Leipzig,2,1,2,0
7303,2022,8,2022-08-20,4,Wolfsburg,Schalke 04,0,0,0,0
7304,2022,8,2022-08-20,5,Marseille,Nantes,2,1,0,0
7305,2022,8,2022-08-20,5,Monaco,Lens,1,4,1,2
7306,2022,8,2022-08-21,1,Leeds,Chelsea,3,0,2,0
7307,2022,8,2022-08-21,1,Newcastle,Man City,3,3,2,1
7308,2022,8,2022-08-21,1,West Ham,Brighton,0,2,0,1
7309,2022,7,2022-08-21,2,Ath Bilbao,Valencia,1,0,1,0
7310,2022,7,2022-08-21,2,Ath Madrid,Villarreal,0,2,0,0
7311,2022,7,2022-08-21,2,Sociedad,Barcelona,1,4,1,1
7312,2022,5,2022-08-21,3,Atalanta,Milan,1,1,1,0
7313,2022,5,2022-08-21,3,Bologna,Verona,1,1,1,1
7314,2022,5,2022-08-21,3,Empoli,Fiorentina,0,0,0,0
7315,2022,5,2022-08-21,3,Napoli,Monza,4,0,2,0
7316,2022,9,2022-08-21,4,Bochum,Bayern Munich,0,7,0,4
7317,2022,9,2022-08-21,4,Ein Frankfurt,FC Koln,1,1,0,0
7318,2022,9,2022-08-21,5,Angers,Brest,1,3,0,2
7319,2022,9,2022-08-21,5,Clermont,Nice,1,0,1,0
7320,2022,9,2022-08-21,5,Lille,Paris SG,1,7,0,4
7321,2022,9,2022-08-21,5,Montpellier,Auxerre,1,2,1,0
7322,2022,9,2022-08-21,5,Rennes,Ajaccio,2,1,1,0
7323,2022,9,2022-08-21,5,Strasbourg,Reims,1,1,1,0
7324,2022,9,2022-08-21,5,Toulouse,Lorient,2,2,1,1
7325,2022,9,2022-08-22,1,Man United,Liverpool,2,1,1,0
7326,2022,8,2022-08-22,2,Elche,Almeria,1,1,1,1
7327,2022,8,2022-08-22,2,Girona,Getafe,3,1,1,0
7328,2022,6,2022-08-22,3,Roma,Cremonese,1,0,0,0
7329,2022,6,2022-08-22,3,Sampdoria,Juventus,0,0,0,0
7330,2022,9,2022-08-26,2,Betis,Osasuna,1,0,1,0
7331,2022,9,2022-08-26,2,Girona,Celta,0,1,0,0
7332,2022,7,2022-08-26,3,Lazio,Inter,3,1,1,0
7333,2022,7,2022-08-26,3,Monza,Udinese,1,2,1,1
7334,2022,10,2022-08-26,4,Freiburg,Bochum,1,0,0,0
7335,2022,10,2022-08-26,5,Ajaccio,Lille,1,3,0,2
7336,2022,10,2022-08-27,1,Arsenal,Fulham,2,1,0,0
7337,2022,10,2022-08-27,1,Brentford,Everton,1,1,0,1
7338,2022,10,2022-08-27,1,Brighton,Leeds,1,0,0,0
7339,2022,10,2022-08-27,1,Chelsea,Leicester,2,1,0,0
7340,2022,10,2022-08-27,1,Liverpool,Bournemouth,9,0,5,0
7341,2022,10,2022-08-27,1,Man City,Crystal Palace,4,2,0,2
7342,2022,10,2022-08-27,1,Southampton,Man United,0,1,0,0
7343,2022,10,2022-08-27,2,Almeria,Sevilla,2,1,1,1
7344,2022,10,2022-08-27,2,Elche,Sociedad,0,1,0,1
7345,2022,10,2022-08-27,2,Vallecano,Mallorca,0,2,0,1
7346,2022,8,2022-08-27,3,Cremonese,Torino,1,2,0,1
7347,2022,8,2022-08-27,3,Juventus,Roma,1,1,1,0
7348,2022,8,2022-08-27,3,Milan,Bologna,2,0,1,0
7349,2022,8,2022-08-27,3,Spezia,Sassuolo,2,2,2,1
7350,2022,11,2022-08-27,4,Bayern Munich,M'gladbach,1,1,0,1
7351,2022,11,2022-08-27,4,Hertha,Dortmund,0,1,0,1
7352,2022,11,2022-08-27,4,Hoffenheim,Augsburg,1,0,1,0
7353,2022,11,2022-08-27,4,Mainz,Leverkusen,0,3,0,3
7354,2022,11,2022-08-27,4,RB Leipzig,Wolfsburg,2,0,1,0
7355,2022,11,2022-08-27,4,Schalke 04,Union Berlin,1,6,1,3
7356,2022,11,2022-08-27,5,Auxerre,Strasbourg,1,0,1,0
7357,2022,11,2022-08-27,5,Lens,Rennes,2,1,0,0
7358,2022,11,2022-08-28,1,Aston Villa,West Ham,0,1,0,0
7359,2022,11,2022-08-28,1,Nott'm Forest,Tottenham,0,2,0,1
7360,2022,11,2022-08-28,1,Wolves,Newcastle,1,1,1,0
7361,2022,11,2022-08-28,2,Barcelona,Valladolid,4,0,2,0
7362,2022,11,2022-08-28,2,Espanol,Real Madrid,1,3,1,1
7363,2022,11,2022-08-28,2,Getafe,Villarreal,0,0,0,0
7364,2022,9,2022-08-28,3,Fiorentina,Napoli,0,0,0,0
7365,2022,9,2022-08-28,3,Lecce,Empoli,1,1,1,1
7366,2022,9,2022-08-28,3,Salernitana,Sampdoria,4,0,2,0
7367,2022,9,2022-08-28,3,Verona,Atalanta,0,1,0,0
7368,2022,12,2022-08-28,4,FC Koln,Stuttgart,0,0,0,0
7369,2022,12,2022-08-28,4,Werder Bremen,Ein Frankfurt,3,4,2,3
7370,2022,12,2022-08-28,5,Brest,Montpellier,0,7,0,5
7371,2022,12,2022-08-28,5,Lorient,Clermont,2,1,2,0
7372,2022,12,2022-08-28,5,Nantes,Toulouse,3,1,0,1
7373,2022,12,2022-08-28,5,Nice,Marseille,0,3,0,3
7374,2022,12,2022-08-28,5,Paris SG,Monaco,1,1,0,1
7375,2022,12,2022-08-28,5,Reims,Lyon,1,1,1,0
7376,2022,12,2022-08-28,5,Troyes,Angers,3,1,1,0
7377,2022,12,2022-08-29,2,Cadiz,Ath Bilbao,0,4,0,1
7378,2022,12,2022-08-29,2,Valencia,Ath Madrid,0,1,0,0
7379,2022,12,2022-08-30,1,Crystal Palace,Brentford,1,1,0,0
7380,2022,12,2022-08-30,1,Fulham,Brighton,2,1,0,0
7381,2022,12,2022-08-30,1,Leeds,Everton,1,1,0,1
7382,2022,12,2022-08-30,1,Southampton,Chelsea,2,1,2,1
7383,2022,10,2022-08-30,3,Inter,Cremonese,3,1,2,0
7384,2022,10,2022-08-30,3,Roma,Monza,3,0,2,0
7385,2022,10,2022-08-30,3,Sassuolo,Milan,0,0,0,0
7386,2022,13,2022-08-31,1,Arsenal,Aston Villa,2,1,1,0
7387,2022,13,2022-08-31,1,Bournemouth,Wolves,0,0,0,0
7388,2022,13,2022-08-31,1,Liverpool,Newcastle,2,1,0,1
7389,2022,13,2022-08-31,1,Man City,Nott'm Forest,6,0,3,0
7390,2022,13,2022-08-31,1,West Ham,Tottenham,1,1,0,1
7391,2022,11,2022-08-31,3,Empoli,Verona,1,1,1,0
7392,2022,11,2022-08-31,3,Juventus,Spezia,2,0,1,0
7393,2022,11,2022-08-31,3,Napoli,Lecce,1,1,1,1
7394,2022,11,2022-08-31,3,Sampdoria,Lazio,1,1,0,1
7395,2022,11,2022-08-31,3,Udinese,Fiorentina,1,0,1,0
7396,2022,13,2022-08-31,5,Angers,Reims,2,4,0,2
7397,2022,13,2022-08-31,5,Lens,Lorient,5,2,2,1
7398,2022,13,2022-08-31,5,Lille,Nice,1,2,1,2
7399,2022,13,2022-08-31,5,Lyon,Auxerre,2,1,1,0
7400,2022,13,2022-08-31,5,Marseille,Clermont,1,0,0,0
7401,2022,13,2022-08-31,5,Monaco,Troyes,2,4,1,2
7402,2022,13,2022-08-31,5,Montpellier,Ajaccio,2,0,1,0
7403,2022,13,2022-08-31,5,Rennes,Brest,3,1,0,0
7404,2022,13,2022-08-31,5,Strasbourg,Nantes,1,1,1,0
7405,2022,13,2022-08-31,5,Toulouse,Paris SG,0,3,0,1
7406,2022,14,2022-09-01,1,Leicester,Man United,0,1,0,1
7407,2022,12,2022-09-01,3,Atalanta,Torino,3,1,1,0
7408,2022,12,2022-09-01,3,Bologna,Salernitana,1,1,0,0
7409,2022,13,2022-09-02,2,Celta,Cadiz,3,0,0,0
7410,2022,13,2022-09-02,4,Dortmund,Hoffenheim,1,0,1,0
7411,2022,15,2022-09-03,1,Aston Villa,Man City,1,1,0,0
7412,2022,15,2022-09-03,1,Brentford,Leeds,5,2,2,1
7413,2022,15,2022-09-03,1,Chelsea,West Ham,2,1,0,0
7414,2022,15,2022-09-03,1,Everton,Liverpool,0,0,0,0
7415,2022,15,2022-09-03,1,Newcastle,Crystal Palace,0,0,0,0
7416,2022,15,2022-09-03,1,Nott'm Forest,Bournemouth,2,3,2,0
7417,2022,15,2022-09-03,1,Tottenham,Fulham,2,1,1,0
7418,2022,15,2022-09-03,1,Wolves,Southampton,1,0,1,0
7419,2022,14,2022-09-03,2,Mallorca,Girona,1,1,0,0
7420,2022,14,2022-09-03,2,Real Madrid,Betis,2,1,1,1
7421,2022,14,2022-09-03,2,Sevilla,Barcelona,0,3,0,2
7422,2022,14,2022-09-03,2,Sociedad,Ath Madrid,1,1,0,1
7423,2022,13,2022-09-03,3,Fiorentina,Juventus,1,1,1,1
7424,2022,13,2022-09-03,3,Lazio,Napoli,1,2,1,1
7425,2022,13,2022-09-03,3,Milan,Inter,3,2,1,1
7426,2022,14,2022-09-03,4,Bochum,Werder Bremen,0,2,0,0
7427,2022,14,2022-09-03,4,Ein Frankfurt,RB Leipzig,4,0,2,0
7428,2022,14,2022-09-03,4,Leverkusen,Freiburg,2,3,1,0
7429,2022,14,2022-09-03,4,Stuttgart,Schalke 04,1,1,1,1
7430,2022,14,2022-09-03,4,Union Berlin,Bayern Munich,1,1,1,1
7431,2022,14,2022-09-03,4,Wolfsburg,FC Koln,2,4,1,3
7432,2022,14,2022-09-03,5,Auxerre,Marseille,0,2,0,1
7433,2022,14,2022-09-03,5,Lyon,Angers,5,0,2,0
7434,2022,14,2022-09-03,5,Nantes,Paris SG,0,3,0,1
7435,2022,16,2022-09-04,1,Brighton,Leicester,5,2,2,2
7436,2022,16,2022-09-04,1,Man United,Arsenal,3,1,1,0
7437,2022,15,2022-09-04,2,Ath Bilbao,Espanol,0,1,0,0
7438,2022,15,2022-09-04,2,Osasuna,Vallecano,2,1,0,0
7439,2022,15,2022-09-04,2,Valencia,Getafe,5,1,3,0
7440,2022,15,2022-09-04,2,Villarreal,Elche,4,0,2,0
7441,2022,14,2022-09-04,3,Cremonese,Sassuolo,0,0,0,0
7442,2022,14,2022-09-04,3,Spezia,Bologna,2,2,1,1
7443,2022,14,2022-09-04,3,Udinese,Roma,4,0,1,0
7444,2022,14,2022-09-04,3,Verona,Sampdoria,2,1,2,1
7445,2022,15,2022-09-04,4,Augsburg,Hertha,0,2,0,0
7446,2022,15,2022-09-04,4,M'gladbach,Mainz,0,1,0,0
7447,2022,15,2022-09-04,5,Ajaccio,Lorient,0,1,0,0
7448,2022,15,2022-09-04,5,Brest,Strasbourg,1,1,1,1
7449,2022,15,2022-09-04,5,Clermont,Toulouse,2,0,0,0
7450,2022,15,2022-09-04,5,Montpellier,Lille,1,3,1,1
7451,2022,15,2022-09-04,5,Nice,Monaco,0,1,0,0
7452,2022,15,2022-09-04,5,Reims,Lens,1,1,0,0
7453,2022,15,2022-09-04,5,Troyes,Rennes,1,1,1,0
7454,2022,16,2022-09-05,2,Valladolid,Almeria,1,0,0,0
7455,2022,15,2022-09-05,3,Monza,Atalanta,0,2,0,0
7456,2022,15,2022-09-05,3,Salernitana,Empoli,2,2,1,1
7457,2022,15,2022-09-05,3,Torino,Lecce,1,0,1,0
7458,2022,16,2022-09-07,5,Lorient,Lyon,3,1,2,1
7459,2022,17,2022-09-09,2,Girona,Valladolid,2,1,1,1
7460,2022,16,2022-09-09,4,Werder Bremen,Augsburg,0,1,0,0
7461,2022,17,2022-09-09,5,Lens,Troyes,1,0,1,0
7462,2022,18,2022-09-10,2,Ath Madrid,Celta,4,1,1,0
7463,2022,18,2022-09-10,2,Cadiz,Barcelona,0,4,0,0
7464,2022,18,2022-09-10,2,Espanol,Sevilla,2,3,1,3
7465,2022,18,2022-09-10,2,Vallecano,Valencia,2,1,1,0
7466,2022,16,2022-09-10,3,Inter,Torino,1,0,0,0
7467,2022,16,2022-09-10,3,Napoli,Spezia,1,0,0,0
7468,2022,16,2022-09-10,3,Sampdoria,Milan,1,2,0,1
7469,2022,17,2022-09-10,4,Bayern Munich,Stuttgart,2,2,1,0
7470,2022,17,2022-09-10,4,Ein Frankfurt,Wolfsburg,0,1,0,0
7471,2022,17,2022-09-10,4,Hertha,Leverkusen,2,2,0,0
7472,2022,17,2022-09-10,4,Hoffenheim,Mainz,4,1,0,0
7473,2022,17,2022-09-10,4,RB Leipzig,Dortmund,3,0,2,0
7474,2022,17,2022-09-10,4,Schalke 04,Bochum,3,1,1,0
7475,2022,18,2022-09-10,5,Marseille,Lille,2,1,1,1
7476,2022,18,2022-09-10,5,Paris SG,Brest,1,0,1,0
7477,2022,19,2022-09-11,2,Betis,Villarreal,1,0,0,0
7478,2022,19,2022-09-11,2,Elche,Ath Bilbao,1,4,0,4
7479,2022,19,2022-09-11,2,Getafe,Sociedad,2,1,1,0
7480,2022,19,2022-09-11,2,Real Madrid,Mallorca,4,1,1,1
7481,2022,17,2022-09-11,3,Atalanta,Cremonese,1,1,0,0
7482,2022,17,2022-09-11,3,Bologna,Fiorentina,2,1,0,0
7483,2022,17,2022-09-11,3,Juventus,Salernitana,2,2,0,2
7484,2022,17,2022-09-11,3,Lazio,Verona,2,0,0,0
7485,2022,17,2022-09-11,3,Lecce,Monza,1,1,0,1
7486,2022,17,2022-09-11,3,Sassuolo,Udinese,1,3,1,0
7487,2022,18,2022-09-11,4,FC Koln,Union Berlin,0,1,0,1
7488,2022,18,2022-09-11,4,Freiburg,M'gladbach,0,0,0,0
7489,2022,19,2022-09-11,5,Ajaccio,Nice,0,1,0,0
7490,2022,19,2022-09-11,5,Angers,Montpellier,2,1,1,1
7491,2022,19,2022-09-11,5,Lorient,Nantes,3,2,1,1
7492,2022,19,2022-09-11,5,Monaco,Lyon,2,1,0,0
7493,2022,19,2022-09-11,5,Rennes,Auxerre,5,0,1,0
7494,2022,19,2022-09-11,5,Strasbourg,Clermont,0,0,0,0
7495,2022,19,2022-09-11,5,Toulouse,Reims,1,0,1,0
7496,2022,20,2022-09-12,2,Almeria,Osasuna,0,1,0,1
7497,2022,18,2022-09-12,3,Empoli,Roma,1,2,1,1
7498,2022,17,2022-09-16,1,Aston Villa,Southampton,1,0,1,0
7499,2022,17,2022-09-16,1,Nott'm Forest,Fulham,2,3,1,0
7500,2022,21,2022-09-16,2,Valladolid,Cadiz,0,1,0,0
7501,2022,19,2022-09-16,3,Salernitana,Lecce,1,2,0,1
7502,2022,19,2022-09-16,4,Mainz,Hertha,1,1,0,1
7503,2022,20,2022-09-16,5,Auxerre,Lorient,1,3,0,3
7504,2022,18,2022-09-17,1,Newcastle,Bournemouth,1,1,0,0
7505,2022,18,2022-09-17,1,Tottenham,Leicester,6,2,2,2
7506,2022,18,2022-09-17,1,Wolves,Man City,0,3,0,2
7507,2022,22,2022-09-17,2,Ath Bilbao,Vallecano,3,2,3,1
7508,2022,22,2022-09-17,2,Barcelona,Elche,3,0,2,0
7509,2022,22,2022-09-17,2,Mallorca,Almeria,1,0,1,0
7510,2022,22,2022-09-17,2,Valencia,Celta,3,0,1,0
7511,2022,20,2022-09-17,3,Bologna,Empoli,0,1,0,0
7512,2022,20,2022-09-17,3,Spezia,Sampdoria,2,1,1,1
7513,2022,20,2022-09-17,3,Torino,Sassuolo,0,1,0,0
7514,2022,20,2022-09-17,4,Augsburg,Bayern Munich,1,0,0,0
7515,2022,20,2022-09-17,4,Dortmund,Schalke 04,1,0,0,0
7516,2022,20,2022-09-17,4,Leverkusen,Werder Bremen,1,1,0,0
7517,2022,20,2022-09-17,4,M'gladbach,RB Leipzig,3,0,2,0
7518,2022,20,2022-09-17,4,Stuttgart,Ein Frankfurt,1,3,0,1
7519,2022,21,2022-09-17,5,Lille,Toulouse,2,1,1,0
7520,2022,21,2022-09-17,5,Montpellier,Strasbourg,2,1,1,0
7521,2022,19,2022-09-18,1,Brentford,Arsenal,0,3,0,2
7522,2022,19,2022-09-18,1,Everton,West Ham,1,0,0,0
7523,2022,23,2022-09-18,2,Ath Madrid,Real Madrid,1,2,0,2
7524,2022,23,2022-09-18,2,Betis,Girona,2,1,1,1
7525,2022,23,2022-09-18,2,Osasuna,Getafe,0,2,0,1
7526,2022,23,2022-09-18,2,Sociedad,Espanol,2,1,2,1
7527,2022,23,2022-09-18,2,Villarreal,Sevilla,1,1,0,1
7528,2022,21,2022-09-18,3,Cremonese,Lazio,0,4,0,3
7529,2022,21,2022-09-18,3,Fiorentina,Verona,2,0,1,0
7530,2022,21,2022-09-18,3,Milan,Napoli,1,2,0,0
7531,2022,21,2022-09-18,3,Monza,Juventus,1,0,0,0
7532,2022,21,2022-09-18,3,Roma,Atalanta,0,1,0,1
7533,2022,21,2022-09-18,3,Udinese,Inter,3,1,1,1
7534,2022,21,2022-09-18,4,Bochum,FC Koln,1,1,1,0
7535,2022,21,2022-09-18,4,Hoffenheim,Freiburg,0,0,0,0
7536,2022,21,2022-09-18,4,Union Berlin,Wolfsburg,2,0,0,0
7537,2022,22,2022-09-18,5,Brest,Ajaccio,0,1,0,0
7538,2022,22,2022-09-18,5,Clermont,Troyes,1,3,1,1
7539,2022,22,2022-09-18,5,Lyon,Paris SG,0,1,0,1
7540,2022,22,2022-09-18,5,Marseille,Rennes,1,1,0,1
7541,2022,22,2022-09-18,5,Nantes,Lens,0,0,0,0
7542,2022,22,2022-09-18,5,Nice,Angers,0,1,0,1
7543,2022,22,2022-09-18,5,Reims,Monaco,0,3,0,0
7544,2022,24,2022-09-30,2,Ath Bilbao,Almeria,4,0,2,0
7545,2022,22,2022-09-30,4,Bayern Munich,Leverkusen,4,0,3,0
7546,2022,23,2022-09-30,5,Angers,Marseille,0,3,0,1
7547,2022,20,2022-10-01,1,Arsenal,Tottenham,3,1,1,1
7548,2022,20,2022-10-01,1,Bournemouth,Brentford,0,0,0,0
7549,2022,20,2022-10-01,1,Crystal Palace,Chelsea,1,2,1,1
7550,2022,20,2022-10-01,1,Fulham,Newcastle,1,4,0,3
7551,2022,20,2022-10-01,1,Liverpool,Brighton,3,3,1,2
7552,2022,20,2022-10-01,1,Southampton,Everton,1,2,0,0
7553,2022,20,2022-10-01,1,West Ham,Wolves,2,0,1,0
7554,2022,25,2022-10-01,2,Cadiz,Villarreal,0,0,0,0
7555,2022,25,2022-10-01,2,Getafe,Valladolid,2,3,2,2
7556,2022,25,2022-10-01,2,Mallorca,Barcelona,0,1,0,1
7557,2022,25,2022-10-01,2,Sevilla,Ath Madrid,0,2,0,1
7558,2022,22,2022-10-01,3,Empoli,Milan,1,3,0,0
7559,2022,22,2022-10-01,3,Inter,Roma,1,2,1,1
7560,2022,22,2022-10-01,3,Napoli,Torino,3,1,3,1
7561,2022,23,2022-10-01,4,Ein Frankfurt,Union Berlin,2,0,2,0
7562,2022,23,2022-10-01,4,FC Koln,Dortmund,3,2,0,1
7563,2022,23,2022-10-01,4,Freiburg,Mainz,2,1,2,0
7564,2022,23,2022-10-01,4,RB Leipzig,Bochum,4,0,2,0
7565,2022,23,2022-10-01,4,Werder Bremen,M'gladbach,5,1,4,0
7566,2022,23,2022-10-01,4,Wolfsburg,Stuttgart,3,2,2,2
7567,2022,24,2022-10-01,5,Paris SG,Nice,2,1,1,0
7568,2022,24,2022-10-01,5,Strasbourg,Rennes,1,3,0,1
7569,2022,21,2022-10-02,1,Leeds,Aston Villa,0,0,0,0
7570,2022,21,2022-10-02,1,Man City,Man United,6,3,4,0
7571,2022,26,2022-10-02,2,Celta,Betis,1,0,1,0
7572,2022,26,2022-10-02,2,Espanol,Valencia,2,2,0,0
7573,2022,26,2022-10-02,2,Girona,Sociedad,3,5,2,2
7574,2022,26,2022-10-02,2,Real Madrid,Osasuna,1,1,1,0
7575,2022,23,2022-10-02,3,Atalanta,Fiorentina,1,0,0,0
7576,2022,23,2022-10-02,3,Juventus,Bologna,3,0,1,0
7577,2022,23,2022-10-02,3,Lazio,Spezia,4,0,2,0
7578,2022,23,2022-10-02,3,Lecce,Cremonese,1,1,1,1
7579,2022,23,2022-10-02,3,Sampdoria,Monza,0,3,0,1
7580,2022,23,2022-10-02,3,Sassuolo,Salernitana,5,0,2,0
7581,2022,24,2022-10-02,4,Hertha,Hoffenheim,1,1,1,1
7582,2022,24,2022-10-02,4,Schalke 04,Augsburg,2,3,1,2
7583,2022,25,2022-10-02,5,Ajaccio,Clermont,1,3,0,1
7584,2022,25,2022-10-02,5,Auxerre,Brest,1,1,0,0
7585,2022,25,2022-10-02,5,Lens,Lyon,1,0,0,0
7586,2022,25,2022-10-02,5,Lorient,Lille,2,1,1,0
7587,2022,25,2022-10-02,5,Monaco,Nantes,4,1,3,0
7588,2022,25,2022-10-02,5,Toulouse,Montpellier,4,2,3,1
7589,2022,25,2022-10-02,5,Troyes,Reims,2,2,0,1
7590,2022,22,2022-10-03,1,Leicester,Nott'm Forest,4,0,3,0
7591,2022,27,2022-10-03,2,Vallecano,Elche,2,1,1,1
7592,2022,24,2022-10-03,3,Verona,Udinese,1,2,1,0
7593,2022,28,2022-10-07,2,Osasuna,Valencia,1,2,0,1
7594,2022,25,2022-10-07,4,Hoffenheim,Werder Bremen,1,2,1,1
7595,2022,26,2022-10-07,5,Lyon,Toulouse,1,1,1,0
7596,2022,23,2022-10-08,1,Bournemouth,Leicester,2,1,0,1
7597,2022,23,2022-10-08,1,Brighton,Tottenham,0,1,0,1
7598,2022,23,2022-10-08,1,Chelsea,Wolves,3,0,1,0
7599,2022,23,2022-10-08,1,Man City,Southampton,4,0,2,0
7600,2022,23,2022-10-08,1,Newcastle,Brentford,5,1,2,0
7601,2022,29,2022-10-08,2,Almeria,Vallecano,3,1,3,0
7602,2022,29,2022-10-08,2,Ath Madrid,Girona,2,1,1,0
7603,2022,29,2022-10-08,2,Getafe,Real Madrid,0,1,0,1
7604,2022,29,2022-10-08,2,Sevilla,Ath Bilbao,1,1,1,0
7605,2022,25,2022-10-08,3,Bologna,Sampdoria,1,1,1,0
7606,2022,25,2022-10-08,3,Milan,Juventus,2,0,1,0
7607,2022,25,2022-10-08,3,Sassuolo,Inter,1,2,0,1
7608,2022,26,2022-10-08,4,Augsburg,Wolfsburg,1,1,0,1
7609,2022,26,2022-10-08,4,Bochum,Ein Frankfurt,3,0,0,0
7610,2022,26,2022-10-08,4,Dortmund,Bayern Munich,2,2,0,1
7611,2022,26,2022-10-08,4,Leverkusen,Schalke 04,4,0,2,0
7612,2022,26,2022-10-08,4,Mainz,RB Leipzig,1,1,1,0
7613,2022,27,2022-10-08,5,Marseille,Ajaccio,1,2,1,1
7614,2022,27,2022-10-08,5,Reims,Paris SG,0,0,0,0
7615,2022,24,2022-10-09,1,Arsenal,Liverpool,3,2,2,1
7616,2022,24,2022-10-09,1,Crystal Palace,Leeds,2,1,1,1
7617,2022,24,2022-10-09,1,Everton,Man United,1,2,1,2
7618,2022,24,2022-10-09,1,West Ham,Fulham,3,1,1,1
7619,2022,30,2022-10-09,2,Barcelona,Celta,1,0,1,0
7620,2022,30,2022-10-09,2,Cadiz,Espanol,2,2,1,0
7621,2022,30,2022-10-09,2,Sociedad,Villarreal,1,0,1,0
7622,2022,30,2022-10-09,2,Valladolid,Betis,0,0,0,0
7623,2022,26,2022-10-09,3,Cremonese,Napoli,1,4,0,1
7624,2022,26,2022-10-09,3,Monza,Spezia,2,0,1,0
7625,2022,26,2022-10-09,3,Roma,Lecce,2,1,1,1
7626,2022,26,2022-10-09,3,Salernitana,Verona,2,1,1,0
7627,2022,26,2022-10-09,3,Torino,Empoli,1,1,0,0
7628,2022,26,2022-10-09,3,Udinese,Atalanta,2,2,0,1
7629,2022,27,2022-10-09,4,Hertha,Freiburg,2,2,1,1
7630,2022,27,2022-10-09,4,M'gladbach,FC Koln,5,2,2,1
7631,2022,27,2022-10-09,4,Stuttgart,Union Berlin,0,1,0,0
7632,2022,28,2022-10-09,5,Angers,Strasbourg,2,3,1,2
7633,2022,28,2022-10-09,5,Brest,Lorient,1,2,1,1
7634,2022,28,2022-10-09,5,Clermont,Auxerre,2,1,0,0
7635,2022,28,2022-10-09,5,Lille,Lens,1,0,1,0
7636,2022,28,2022-10-09,5,Montpellier,Monaco,0,2,0,1
7637,2022,28,2022-10-09,5,Nice,Troyes,3,2,2,0
7638,2022,28,2022-10-09,5,Rennes,Nantes,3,0,1,0
7639,2022,25,2022-10-10,1,Nott'm Forest,Aston Villa,1,1,1,1
7640,2022,31,2022-10-10,2,Elche,Mallorca,1,1,1,0
7641,2022,27,2022-10-10,3,Fiorentina,Lazio,0,4,0,2
7642,2022,26,2022-10-14,1,Brentford,Brighton,2,0,1,0
7643,2022,32,2022-10-14,2,Vallecano,Getafe,0,0,0,0
7644,2022,28,2022-10-14,4,Schalke 04,Hoffenheim,0,3,0,2
7645,2022,29,2022-10-14,5,Strasbourg,Lille,0,3,0,1
7646,2022,27,2022-10-15,1,Fulham,Bournemouth,2,2,1,2
7647,2022,27,2022-10-15,1,Leicester,Crystal Palace,0,0,0,0
7648,2022,27,2022-10-15,1,Tottenham,Everton,2,0,0,0
7649,2022,27,2022-10-15,1,Wolves,Nott'm Forest,1,0,0,0
7650,2022,33,2022-10-15,2,Ath Bilbao,Ath Madrid,0,1,0,0
7651,2022,33,2022-10-15,2,Girona,Cadiz,1,1,0,0
7652,2022,33,2022-10-15,2,Mallorca,Sevilla,0,1,0,0
7653,2022,33,2022-10-15,2,Valencia,Elche,2,2,2,1
7654,2022,28,2022-10-15,3,Atalanta,Sassuolo,2,1,1,1
7655,2022,28,2022-10-15,3,Empoli,Monza,1,0,1,0
7656,2022,28,2022-10-15,3,Torino,Juventus,0,1,0,0
7657,2022,29,2022-10-15,4,Ein Frankfurt,Leverkusen,5,1,1,0
7658,2022,29,2022-10-15,4,RB Leipzig,Hertha,3,2,3,0
7659,2022,29,2022-10-15,4,Stuttgart,Bochum,4,1,2,1
7660,2022,29,2022-10-15,4,Werder Bremen,Mainz,0,2,0,1
7661,2022,29,2022-10-15,4,Wolfsburg,M'gladbach,2,2,1,1
7662,2022,30,2022-10-15,5,Lens,Montpellier,1,0,0,0
7663,2022,30,2022-10-15,5,Lorient,Reims,0,0,0,0
7664,2022,28,2022-10-16,1,Aston Villa,Chelsea,0,2,0,1
7665,2022,28,2022-10-16,1,Leeds,Arsenal,0,1,0,1
7666,2022,28,2022-10-16,1,Liverpool,Man City,1,0,0,0
7667,2022,28,2022-10-16,1,Man United,Newcastle,0,0,0,0
7668,2022,28,2022-10-16,1,Southampton,West Ham,1,1,1,0
7669,2022,34,2022-10-16,2,Betis,Almeria,3,1,1,0
7670,2022,34,2022-10-16,2,Celta,Sociedad,1,2,1,1
7671,2022,34,2022-10-16,2,Espanol,Valladolid,1,0,0,0
7672,2022,34,2022-10-16,2,Real Madrid,Barcelona,3,1,2,0
7673,2022,29,2022-10-16,3,Inter,Salernitana,2,0,1,0
7674,2022,29,2022-10-16,3,Lazio,Udinese,0,0,0,0
7675,2022,29,2022-10-16,3,Napoli,Bologna,3,2,1,1
7676,2022,29,2022-10-16,3,Spezia,Cremonese,2,2,2,1
7677,2022,29,2022-10-16,3,Verona,Milan,1,2,1,1
7678,2022,30,2022-10-16,4,Bayern Munich,Freiburg,5,0,2,0
7679,2022,30,2022-10-16,4,FC Koln,Augsburg,3,2,0,1
7680,2022,30,2022-10-16,4,Union Berlin,Dortmund,2,0,2,0
7681,2022,31,2022-10-16,5,Auxerre,Nice,1,1,1,1
7682,2022,31,2022-10-16,5,Monaco,Clermont,1,1,1,0
7683,2022,31,2022-10-16,5,Nantes,Brest,4,1,2,1
7684,2022,31,2022-10-16,5,Paris SG,Marseille,1,0,1,0
7685,2022,31,2022-10-16,5,Rennes,Lyon,3,2,1,1
7686,2022,31,2022-10-16,5,Toulouse,Angers,3,2,2,1
7687,2022,31,2022-10-16,5,Troyes,Ajaccio,1,1,0,0
7688,2022,35,2022-10-17,2,Villarreal,Osasuna,2,0,1,0
7689,2022,30,2022-10-17,3,Lecce,Fiorentina,1,1,1,0
7690,2022,30,2022-10-17,3,Sampdoria,Roma,0,1,0,1
7691,2022,29,2022-10-18,1,Brighton,Nott'm Forest,0,0,0,0
7692,2022,29,2022-10-18,1,Crystal Palace,Wolves,2,1,0,1
7693,2022,36,2022-10-18,2,Ath Madrid,Vallecano,1,1,1,0
7694,2022,36,2022-10-18,2,Getafe,Ath Bilbao,2,2,1,1
7695,2022,36,2022-10-18,2,Sevilla,Valencia,1,1,0,1
7696,2022,30,2022-10-19,1,Bournemouth,Southampton,0,1,0,1
7697,2022,30,2022-10-19,1,Brentford,Chelsea,0,0,0,0
7698,2022,30,2022-10-19,1,Liverpool,West Ham,1,0,1,0
7699,2022,30,2022-10-19,1,Man United,Tottenham,2,0,0,0
7700,2022,30,2022-10-19,1,Newcastle,Everton,1,0,1,0
7701,2022,37,2022-10-19,2,Cadiz,Betis,0,0,0,0
7702,2022,37,2022-10-19,2,Elche,Real Madrid,0,3,0,1
7703,2022,37,2022-10-19,2,Sociedad,Mallorca,1,0,1,0
7704,2022,37,2022-10-19,2,Valladolid,Celta,4,1,1,1
7705,2022,31,2022-10-20,1,Fulham,Aston Villa,3,0,1,0
7706,2022,31,2022-10-20,1,Leicester,Leeds,2,0,2,0
7707,2022,38,2022-10-20,2,Almeria,Girona,3,2,3,0
7708,2022,38,2022-10-20,2,Barcelona,Villarreal,3,0,3,0
7709,2022,38,2022-10-20,2,Osasuna,Espanol,1,0,0,0
7710,2022,31,2022-10-21,3,Juventus,Empoli,4,0,1,0
7711,2022,31,2022-10-21,4,Mainz,FC Koln,5,0,3,0
7712,2022,32,2022-10-21,5,Ajaccio,Paris SG,0,3,0,1
7713,2022,32,2022-10-22,1,Chelsea,Man United,1,1,0,0
7714,2022,32,2022-10-22,1,Everton,Crystal Palace,3,0,1,0
7715,2022,32,2022-10-22,1,Man City,Brighton,3,1,2,0
7716,2022,32,2022-10-22,1,Nott'm Forest,Liverpool,1,0,0,0
7717,2022,39,2022-10-22,2,Real Madrid,Sevilla,3,1,1,0
7718,2022,39,2022-10-22,2,Valencia,Mallorca,1,2,0,0
7719,2022,39,2022-10-22,2,Valladolid,Sociedad,1,0,1,0
7720,2022,39,2022-10-22,2,Vallecano,Cadiz,5,1,2,0
7721,2022,32,2022-10-22,3,Fiorentina,Inter,3,4,1,2
7722,2022,32,2022-10-22,3,Milan,Monza,4,1,2,0
7723,2022,32,2022-10-22,3,Salernitana,Spezia,1,0,0,0
7724,2022,32,2022-10-22,4,Augsburg,RB Leipzig,3,3,1,0
7725,2022,32,2022-10-22,4,Dortmund,Stuttgart,5,0,3,0
7726,2022,32,2022-10-22,4,Freiburg,Werder Bremen,2,0,0,0
7727,2022,32,2022-10-22,4,Hoffenheim,Bayern Munich,0,2,0,2
7728,2022,32,2022-10-22,4,Leverkusen,Wolfsburg,2,2,1,1
7729,2022,32,2022-10-22,4,M'gladbach,Ein Frankfurt,1,3,0,3
7730,2022,33,2022-10-22,5,Marseille,Lens,0,1,0,0
7731,2022,33,2022-10-22,5,Montpellier,Lyon,1,2,0,1
7732,2022,33,2022-10-23,1,Aston Villa,Brentford,4,0,3,0
7733,2022,33,2022-10-23,1,Leeds,Fulham,2,3,1,1
7734,2022,33,2022-10-23,1,Southampton,Arsenal,1,1,0,1
7735,2022,33,2022-10-23,1,Tottenham,Newcastle,1,2,0,2
7736,2022,33,2022-10-23,1,Wolves,Leicester,0,4,0,2
7737,2022,40,2022-10-23,2,Barcelona,Ath Bilbao,4,0,3,0
7738,2022,40,2022-10-23,2,Betis,Ath Madrid,1,2,0,0
7739,2022,40,2022-10-23,2,Espanol,Elche,2,2,1,1
7740,2022,40,2022-10-23,2,Girona,Osasuna,1,1,1,1
7741,2022,40,2022-10-23,2,Villarreal,Almeria,2,1,0,1
7742,2022,33,2022-10-23,3,Atalanta,Lazio,0,2,0,1
7743,2022,33,2022-10-23,3,Bologna,Lecce,2,0,2,0
7744,2022,33,2022-10-23,3,Roma,Napoli,0,1,0,0
7745,2022,33,2022-10-23,3,Udinese,Torino,1,2,1,1
7746,2022,33,2022-10-23,4,Bochum,Union Berlin,2,1,1,0
7747,2022,33,2022-10-23,4,Hertha,Schalke 04,2,1,0,0
7748,2022,34,2022-10-23,5,Angers,Rennes,1,2,0,1
7749,2022,34,2022-10-23,5,Clermont,Brest,1,3,0,1
7750,2022,34,2022-10-23,5,Lille,Monaco,4,3,2,2
7751,2022,34,2022-10-23,5,Nice,Nantes,1,1,0,0
7752,2022,34,2022-10-23,5,Reims,Auxerre,2,1,1,1
7753,2022,34,2022-10-23,5,Toulouse,Strasbourg,2,2,1,0
7754,2022,34,2022-10-23,5,Troyes,Lorient,2,2,1,0
7755,2022,34,2022-10-24,1,West Ham,Bournemouth,2,0,1,0
7756,2022,41,2022-10-24,2,Celta,Getafe,1,1,0,1
7757,2022,34,2022-10-24,3,Cremonese,Sampdoria,0,1,0,0
7758,2022,34,2022-10-24,3,Sassuolo,Verona,2,1,1,1
7759,2022,42,2022-10-28,2,Mallorca,Espanol,1,1,0,0
7760,2022,34,2022-10-28,4,Werder Bremen,Hertha,1,0,0,0
7761,2022,35,2022-10-28,5,Lens,Toulouse,3,0,0,0
7762,2022,35,2022-10-29,1,Bournemouth,Tottenham,2,3,1,0
7763,2022,35,2022-10-29,1,Brentford,Wolves,1,1,0,0
7764,2022,35,2022-10-29,1,Brighton,Chelsea,4,1,3,0
7765,2022,35,2022-10-29,1,Crystal Palace,Southampton,1,0,1,0
7766,2022,35,2022-10-29,1,Fulham,Everton,0,0,0,0
7767,2022,35,2022-10-29,1,Leicester,Man City,0,1,0,0
7768,2022,35,2022-10-29,1,Liverpool,Leeds,1,2,1,1
7769,2022,35,2022-10-29,1,Newcastle,Aston Villa,4,0,1,0
7770,2022,43,2022-10-29,2,Almeria,Celta,3,1,0,1
7771,2022,43,2022-10-29,2,Cadiz,Ath Madrid,3,2,1,0
7772,2022,43,2022-10-29,2,Sevilla,Vallecano,0,1,0,0
7773,2022,43,2022-10-29,2,Valencia,Barcelona,0,1,0,0
7774,2022,35,2022-10-29,3,Inter,Sampdoria,3,0,2,0
7775,2022,35,2022-10-29,3,Lecce,Juventus,0,1,0,0
7776,2022,35,2022-10-29,3,Napoli,Sassuolo,4,0,3,0
7777,2022,35,2022-10-29,4,Bayern Munich,Mainz,6,2,3,1
7778,2022,35,2022-10-29,4,Ein Frankfurt,Dortmund,1,2,1,1
7779,2022,35,2022-10-29,4,RB Leipzig,Leverkusen,2,0,1,0
7780,2022,35,2022-10-29,4,Stuttgart,Augsburg,2,1,1,1
7781,2022,35,2022-10-29,4,Wolfsburg,Bochum,4,0,2,0
7782,2022,36,2022-10-29,5,Paris SG,Troyes,4,3,1,1
7783,2022,36,2022-10-29,5,Strasbourg,Marseille,2,2,0,2
7784,2022,36,2022-10-30,1,Arsenal,Nott'm Forest,5,0,1,0
7785,2022,36,2022-10-30,1,Man United,West Ham,1,0,1,0
7786,2022,44,2022-10-30,2,Ath Bilbao,Villarreal,1,0,0,0
7787,2022,44,2022-10-30,2,Osasuna,Valladolid,2,0,2,0
7788,2022,44,2022-10-30,2,Real Madrid,Girona,1,1,0,0
7789,2022,44,2022-10-30,2,Sociedad,Betis,0,2,0,0
7790,2022,36,2022-10-30,3,Cremonese,Udinese,0,0,0,0
7791,2022,36,2022-10-30,3,Empoli,Atalanta,0,2,0,1
7792,2022,36,2022-10-30,3,Lazio,Salernitana,1,3,1,0
7793,2022,36,2022-10-30,3,Spezia,Fiorentina,1,2,1,1
7794,2022,36,2022-10-30,3,Torino,Milan,2,1,2,0
7795,2022,36,2022-10-30,4,FC Koln,Hoffenheim,1,1,1,1
7796,2022,36,2022-10-30,4,Schalke 04,Freiburg,0,2,0,1
7797,2022,36,2022-10-30,4,Union Berlin,M'gladbach,2,1,0,1
7798,2022,37,2022-10-30,5,Auxerre,Ajaccio,1,0,1,0
7799,2022,37,2022-10-30,5,Brest,Reims,0,0,0,0
7800,2022,37,2022-10-30,5,Lorient,Nice,1,2,1,0
7801,2022,37,2022-10-30,5,Lyon,Lille,1,0,0,0
7802,2022,37,2022-10-30,5,Monaco,Angers,2,0,0,0
7803,2022,37,2022-10-30,5,Nantes,Clermont,1,1,0,0
7804,2022,37,2022-10-30,5,Rennes,Montpellier,3,0,2,0
7805,2022,45,2022-10-31,2,Elche,Getafe,0,1,0,0
7806,2022,37,2022-10-31,3,Monza,Bologna,1,2,0,0
7807,2022,37,2022-10-31,3,Verona,Roma,1,3,1,1
7808,2022,46,2022-11-04,2,Girona,Ath Bilbao,2,1,0,0
7809,2022,38,2022-11-04,3,Udinese,Lecce,1,1,0,1
7810,2022,37,2022-11-04,4,M'gladbach,Stuttgart,3,1,2,1
7811,2022,38,2022-11-04,5,Troyes,Auxerre,1,1,1,0
7812,2022,37,2022-11-05,1,Everton,Leicester,0,2,0,1
7813,2022,37,2022-11-05,1,Leeds,Bournemouth,4,3,1,2
7814,2022,37,2022-11-05,1,Man City,Fulham,2,1,1,1
7815,2022,37,2022-11-05,1,Nott'm Forest,Brentford,2,2,1,1
7816,2022,37,2022-11-05,1,Wolves,Brighton,2,3,2,2
7817,2022,47,2022-11-05,2,Barcelona,Almeria,2,0,0,0
7818,2022,47,2022-11-05,2,Celta,Osasuna,1,2,1,2
7819,2022,47,2022-11-05,2,Getafe,Cadiz,0,0,0,0
7820,2022,47,2022-11-05,2,Valladolid,Elche,2,1,1,0
7821,2022,39,2022-11-05,3,Atalanta,Napoli,1,2,1,2
7822,2022,39,2022-11-05,3,Empoli,Sassuolo,1,0,0,0
7823,2022,39,2022-11-05,3,Milan,Spezia,2,1,1,0
7824,2022,39,2022-11-05,3,Salernitana,Cremonese,2,2,2,1
7825,2022,38,2022-11-05,4,Augsburg,Ein Frankfurt,1,2,1,1
7826,2022,38,2022-11-05,4,Dortmund,Bochum,3,0,3,0
7827,2022,38,2022-11-05,4,Hertha,Bayern Munich,2,3,2,3
7828,2022,38,2022-11-05,4,Hoffenheim,RB Leipzig,1,3,0,1
7829,2022,38,2022-11-05,4,Mainz,Wolfsburg,0,3,0,1
7830,2022,38,2022-11-05,4,Werder Bremen,Schalke 04,2,1,1,0
7831,2022,39,2022-11-05,5,Ajaccio,Strasbourg,4,2,4,2
7832,2022,39,2022-11-05,5,Angers,Lens,1,2,0,1
7833,2022,38,2022-11-06,1,Aston Villa,Man United,3,1,2,1
7834,2022,38,2022-11-06,1,Chelsea,Arsenal,0,1,0,0
7835,2022,38,2022-11-06,1,Southampton,Newcastle,1,4,0,1
7836,2022,38,2022-11-06,1,Tottenham,Liverpool,1,2,0,2
7837,2022,38,2022-11-06,1,West Ham,Crystal Palace,1,2,1,1
7838,2022,48,2022-11-06,2,Ath Madrid,Espanol,1,1,0,0
7839,2022,48,2022-11-06,2,Betis,Sevilla,1,1,1,0
7840,2022,48,2022-11-06,2,Sociedad,Valencia,1,1,1,1
7841,2022,48,2022-11-06,2,Villarreal,Mallorca,0,2,0,1
7842,2022,40,2022-11-06,3,Bologna,Torino,2,1,0,1
7843,2022,40,2022-11-06,3,Juventus,Inter,2,0,0,0
7844,2022,40,2022-11-06,3,Monza,Verona,2,0,0,0
7845,2022,40,2022-11-06,3,Roma,Lazio,0,1,0,1
7846,2022,40,2022-11-06,3,Sampdoria,Fiorentina,0,2,0,1
7847,2022,39,2022-11-06,4,Freiburg,FC Koln,2,0,0,0
7848,2022,39,2022-11-06,4,Leverkusen,Union Berlin,5,0,0,0
7849,2022,40,2022-11-06,5,Clermont,Montpellier,1,1,0,1
7850,2022,40,2022-11-06,5,Lille,Rennes,1,1,1,0
7851,2022,40,2022-11-06,5,Lorient,Paris SG,1,2,0,1
7852,2022,40,2022-11-06,5,Marseille,Lyon,1,0,1,0
7853,2022,40,2022-11-06,5,Nice,Brest,1,0,0,0
7854,2022,40,2022-11-06,5,Reims,Nantes,1,0,0,0
7855,2022,40,2022-11-06,5,Toulouse,Monaco,0,2,0,0
7856,2022,49,2022-11-07,2,Vallecano,Real Madrid,3,2,2,2
7857,2022,50,2022-11-08,2,Ath Bilbao,Valladolid,3,0,1,0
7858,2022,50,2022-11-08,2,Elche,Girona,1,2,1,1
7859,2022,50,2022-11-08,2,Osasuna,Barcelona,1,2,1,0
7860,2022,41,2022-11-08,3,Cremonese,Milan,0,0,0,0
7861,2022,41,2022-11-08,3,Napoli,Empoli,2,0,0,0
7862,2022,41,2022-11-08,3,Spezia,Udinese,1,1,1,1
7863,2022,40,2022-11-08,4,Bayern Munich,Werder Bremen,6,1,4,1
7864,2022,40,2022-11-08,4,Bochum,M'gladbach,2,1,2,0
7865,2022,40,2022-11-08,4,Stuttgart,Hertha,2,1,1,1
7866,2022,40,2022-11-08,4,Wolfsburg,Dortmund,2,0,1,0
7867,2022,51,2022-11-09,2,Almeria,Getafe,1,0,1,0
7868,2022,51,2022-11-09,2,Espanol,Villarreal,0,1,0,0
7869,2022,51,2022-11-09,2,Mallorca,Ath Madrid,1,0,1,0
7870,2022,51,2022-11-09,2,Sevilla,Sociedad,1,2,1,2
7871,2022,42,2022-11-09,3,Fiorentina,Salernitana,2,1,1,0
7872,2022,42,2022-11-09,3,Inter,Bologna,6,1,3,1
7873,2022,42,2022-11-09,3,Lecce,Atalanta,2,1,2,1
7874,2022,42,2022-11-09,3,Sassuolo,Roma,1,1,0,0
7875,2022,42,2022-11-09,3,Torino,Sampdoria,2,0,1,0
7876,2022,41,2022-11-09,4,Ein Frankfurt,Hoffenheim,4,2,3,1
7877,2022,41,2022-11-09,4,FC Koln,Leverkusen,1,2,1,0
7878,2022,41,2022-11-09,4,RB Leipzig,Freiburg,3,1,0,0
7879,2022,41,2022-11-09,4,Schalke 04,Mainz,1,0,1,0
7880,2022,41,2022-11-09,4,Union Berlin,Augsburg,2,2,2,2
7881,2022,52,2022-11-10,2,Real Madrid,Cadiz,2,1,1,0
7882,2022,52,2022-11-10,2,Valencia,Betis,3,0,0,0
7883,2022,52,2022-11-10,2,Vallecano,Celta,0,0,0,0
7884,2022,43,2022-11-10,3,Lazio,Monza,1,0,0,0
7885,2022,43,2022-11-10,3,Verona,Juventus,0,1,0,0
7886,2022,44,2022-11-11,3,Empoli,Cremonese,2,0,0,0
7887,2022,42,2022-11-11,4,M'gladbach,Dortmund,4,2,3,2
7888,2022,41,2022-11-11,5,Lyon,Nice,1,1,0,1
7889,2022,39,2022-11-12,1,Bournemouth,Everton,3,0,2,0
7890,2022,39,2022-11-12,1,Liverpool,Southampton,3,1,3,1
7891,2022,39,2022-11-12,1,Man City,Brentford,1,2,1,1
7892,2022,39,2022-11-12,1,Newcastle,Chelsea,1,0,0,0
7893,2022,39,2022-11-12,1,Nott'm Forest,Crystal Palace,1,0,0,0
7894,2022,39,2022-11-12,1,Tottenham,Leeds,4,3,1,2
7895,2022,39,2022-11-12,1,West Ham,Leicester,0,2,0,1
7896,2022,39,2022-11-12,1,Wolves,Arsenal,0,2,0,0
7897,2022,45,2022-11-12,3,Bologna,Sassuolo,3,0,1,0
7898,2022,45,2022-11-12,3,Napoli,Udinese,3,2,2,0
7899,2022,45,2022-11-12,3,Sampdoria,Lecce,0,2,0,1
7900,2022,43,2022-11-12,4,Augsburg,Bochum,0,1,0,0
7901,2022,43,2022-11-12,4,Hertha,FC Koln,2,0,1,0
7902,2022,43,2022-11-12,4,Hoffenheim,Wolfsburg,1,2,1,1
7903,2022,43,2022-11-12,4,Leverkusen,Stuttgart,2,0,1,0
7904,2022,43,2022-11-12,4,Schalke 04,Bayern Munich,0,2,0,1
7905,2022,43,2022-11-12,4,Werder Bremen,RB Leipzig,1,2,0,1
7906,2022,42,2022-11-12,5,Lens,Clermont,2,1,0,1
7907,2022,42,2022-11-12,5,Rennes,Toulouse,2,1,1,0
7908,2022,40,2022-11-13,1,Brighton,Aston Villa,1,2,1,1
7909,2022,40,2022-11-13,1,Fulham,Man United,1,2,0,1
7910,2022,46,2022-11-13,3,Atalanta,Inter,2,3,1,1
7911,2022,46,2022-11-13,3,Juventus,Lazio,3,0,1,0
7912,2022,46,2022-11-13,3,Milan,Fiorentina,2,1,1,1
7913,2022,46,2022-11-13,3,Monza,Salernitana,3,0,2,0
7914,2022,46,2022-11-13,3,Roma,Torino,1,1,0,0
7915,2022,46,2022-11-13,3,Verona,Spezia,1,2,1,0
7916,2022,44,2022-11-13,4,Freiburg,Union Berlin,4,1,4,0
7917,2022,44,2022-11-13,4,Mainz,Ein Frankfurt,1,1,1,0
7918,2022,43,2022-11-13,5,Brest,Troyes,2,1,0,0
7919,2022,43,2022-11-13,5,Lille,Angers,1,0,1,0
7920,2022,43,2022-11-13,5,Monaco,Marseille,2,3,1,1
7921,2022,43,2022-11-13,5,Montpellier,Reims,1,1,0,0
7922,2022,43,2022-11-13,5,Nantes,Ajaccio,2,2,0,0
7923,2022,43,2022-11-13,5,Paris SG,Auxerre,5,0,1,0
7924,2022,43,2022-11-13,5,Strasbourg,Lorient,1,1,0,1
7925,2022,41,2022-12-26,1,Arsenal,West Ham,3,1,0,1
7926,2022,41,2022-12-26,1,Aston Villa,Liverpool,1,3,0,2
7927,2022,41,2022-12-26,1,Brentford,Tottenham,2,2,1,0
7928,2022,41,2022-12-26,1,Crystal Palace,Fulham,0,3,0,1
7929,2022,41,2022-12-26,1,Everton,Wolves,1,2,1,1
7930,2022,41,2022-12-26,1,Leicester,Newcastle,0,3,0,3
7931,2022,41,2022-12-26,1,Southampton,Brighton,1,3,0,2
7932,2022,42,2022-12-27,1,Chelsea,Bournemouth,2,0,2,0
7933,2022,42,2022-12-27,1,Man United,Nott'm Forest,3,0,2,0
7934,2022,43,2022-12-28,1,Leeds,Man City,1,3,0,1
7935,2022,44,2022-12-28,5,Ajaccio,Angers,1,0,1,0
7936,2022,44,2022-12-28,5,Auxerre,Monaco,2,3,1,1
7937,2022,44,2022-12-28,5,Brest,Lyon,2,4,1,3
7938,2022,44,2022-12-28,5,Clermont,Lille,0,2,0,0
7939,2022,44,2022-12-28,5,Paris SG,Strasbourg,2,1,1,0
7940,2022,44,2022-12-28,5,Troyes,Nantes,0,0,0,0
7941,2022,53,2022-12-29,2,Ath Madrid,Elche,2,0,0,0
7942,2022,53,2022-12-29,2,Betis,Ath Bilbao,0,0,0,0
7943,2022,53,2022-12-29,2,Girona,Vallecano,2,2,1,1
7944,2022,45,2022-12-29,5,Lorient,Montpellier,0,2,0,2
7945,2022,45,2022-12-29,5,Marseille,Toulouse,6,1,2,0
7946,2022,45,2022-12-29,5,Nice,Lens,0,0,0,0
7947,2022,45,2022-12-29,5,Reims,Rennes,3,1,2,1
7948,2022,44,2022-12-30,1,Liverpool,Leicester,2,1,2,1
7949,2022,44,2022-12-30,1,West Ham,Brentford,0,2,0,2
7950,2022,54,2022-12-30,2,Cadiz,Almeria,1,1,0,1
7951,2022,54,2022-12-30,2,Celta,Sevilla,1,1,1,0
7952,2022,54,2022-12-30,2,Getafe,Mallorca,2,0,0,0
7953,2022,54,2022-12-30,2,Valladolid,Real Madrid,0,2,0,0
7954,2022,45,2022-12-31,1,Bournemouth,Crystal Palace,0,2,0,2
7955,2022,45,2022-12-31,1,Brighton,Arsenal,2,4,0,2
7956,2022,45,2022-12-31,1,Fulham,Southampton,2,1,1,0
7957,2022,45,2022-12-31,1,Man City,Everton,1,1,1,0
7958,2022,45,2022-12-31,1,Newcastle,Leeds,0,0,0,0
7959,2022,45,2022-12-31,1,Wolves,Man United,0,1,0,0
7960,2022,55,2022-12-31,2,Barcelona,Espanol,1,1,1,0
7961,2022,55,2022-12-31,2,Sociedad,Osasuna,2,0,1,0
7962,2022,55,2022-12-31,2,Villarreal,Valencia,2,1,1,1
7963,2022,46,2023-01-01,1,Nott'm Forest,Chelsea,1,1,0,1
7964,2022,46,2023-01-01,1,Tottenham,Aston Villa,0,2,0,0
7965,2022,46,2023-01-01,5,Angers,Lorient,1,2,1,0
7966,2022,46,2023-01-01,5,Lens,Paris SG,3,1,2,1
7967,2022,46,2023-01-01,5,Lyon,Clermont,0,1,0,0
7968,2022,46,2023-01-01,5,Monaco,Brest,1,0,0,0
7969,2022,46,2023-01-01,5,Nantes,Auxerre,1,0,0,0
7970,2022,46,2023-01-01,5,Toulouse,Ajaccio,2,0,0,0
7971,2022,47,2023-01-02,1,Brentford,Liverpool,3,1,2,0
7972,2022,47,2023-01-02,5,Lille,Reims,1,1,1,0
7973,2022,47,2023-01-02,5,Montpellier,Marseille,1,2,0,0
7974,2022,47,2023-01-02,5,Rennes,Nice,2,1,1,1
7975,2022,47,2023-01-02,5,Strasbourg,Troyes,2,3,1,2
7976,2022,48,2023-01-03,1,Arsenal,Newcastle,0,0,0,0
7977,2022,48,2023-01-03,1,Everton,Brighton,1,4,0,1
7978,2022,48,2023-01-03,1,Leicester,Fulham,0,1,0,1
7979,2022,48,2023-01-03,1,Man United,Bournemouth,3,0,1,0
7980,2022,49,2023-01-04,1,Aston Villa,Wolves,1,1,0,1
7981,2022,49,2023-01-04,1,Crystal Palace,Tottenham,0,4,0,0
7982,2022,49,2023-01-04,1,Leeds,West Ham,2,2,1,1
7983,2022,49,2023-01-04,1,Southampton,Nott'm Forest,0,1,0,1
7984,2022,47,2023-01-04,3,Cremonese,Juventus,0,1,0,0
7985,2022,47,2023-01-04,3,Fiorentina,Monza,1,1,1,0
7986,2022,47,2023-01-04,3,Inter,Napoli,1,0,0,0
7987,2022,47,2023-01-04,3,Lecce,Lazio,2,1,0,1
7988,2022,47,2023-01-04,3,Roma,Bologna,1,0,1,0
7989,2022,47,2023-01-04,3,Salernitana,Milan,1,2,0,2
7990,2022,47,2023-01-04,3,Sassuolo,Sampdoria,1,2,0,2
7991,2022,47,2023-01-04,3,Spezia,Atalanta,2,2,2,0
7992,2022,47,2023-01-04,3,Torino,Verona,1,1,0,1
7993,2022,47,2023-01-04,3,Udinese,Empoli,1,1,0,1
7994,2022,50,2023-01-05,1,Chelsea,Man City,0,1,0,0
7995,2022,56,2023-01-06,2,Elche,Celta,0,1,0,1
7996,2022,56,2023-01-06,2,Valencia,Cadiz,0,1,0,1
7997,2022,57,2023-01-07,2,Espanol,Girona,2,2,0,1
7998,2022,57,2023-01-07,2,Mallorca,Valladolid,1,0,0,0
7999,2022,57,2023-01-07,2,Villarreal,Real Madrid,2,1,0,0
8000,2022,48,2023-01-07,3,Fiorentina,Sassuolo,2,1,0,0
8001,2022,48,2023-01-07,3,Juventus,Udinese,1,0,0,0
8002,2022,48,2023-01-07,3,Monza,Inter,2,2,1,2
8003,2022,58,2023-01-08,2,Almeria,Sociedad,0,2,0,0
8004,2022,58,2023-01-08,2,Ath Madrid,Barcelona,0,1,0,1
8005,2022,58,2023-01-08,2,Sevilla,Getafe,2,1,1,0
8006,2022,58,2023-01-08,2,Vallecano,Betis,1,2,1,2
8007,2022,49,2023-01-08,3,Lazio,Empoli,2,2,1,0
8008,2022,49,2023-01-08,3,Milan,Roma,2,2,1,0
8009,2022,49,2023-01-08,3,Salernitana,Torino,1,1,0,1
8010,2022,49,2023-01-08,3,Sampdoria,Napoli,0,2,0,1
8011,2022,49,2023-01-08,3,Spezia,Lecce,0,0,0,0
8012,2022,59,2023-01-09,2,Ath Bilbao,Osasuna,0,0,0,0
8013,2022,50,2023-01-09,3,Bologna,Atalanta,1,2,1,0
8014,2022,50,2023-01-09,3,Verona,Cremonese,2,0,2,0
8015,2022,48,2023-01-11,5,Ajaccio,Reims,0,1,0,1
8016,2022,48,2023-01-11,5,Auxerre,Toulouse,0,5,0,3
8017,2022,48,2023-01-11,5,Brest,Lille,0,0,0,0
8018,2022,48,2023-01-11,5,Clermont,Rennes,2,1,1,0
8019,2022,48,2023-01-11,5,Lorient,Monaco,2,2,0,0
8020,2022,48,2023-01-11,5,Nantes,Lyon,0,0,0,0
8021,2022,48,2023-01-11,5,Nice,Montpellier,6,1,2,0
8022,2022,48,2023-01-11,5,Paris SG,Angers,2,0,1,0
8023,2022,48,2023-01-11,5,Strasbourg,Lens,2,2,2,2
8024,2022,48,2023-01-11,5,Troyes,Marseille,0,2,0,1
8025,2022,51,2023-01-12,1,Fulham,Chelsea,2,1,1,0
8026,2022,52,2023-01-13,1,Aston Villa,Leeds,2,1,1,0
8027,2022,60,2023-01-13,2,Celta,Villarreal,1,1,0,1
8028,2022,51,2023-01-13,3,Napoli,Juventus,5,1,2,1
8029,2022,53,2023-01-14,1,Brentford,Bournemouth,2,0,1,0
8030,2022,53,2023-01-14,1,Brighton,Liverpool,3,0,0,0
8031,2022,53,2023-01-14,1,Everton,Southampton,1,2,1,0
8032,2022,53,2023-01-14,1,Man United,Man City,2,1,0,0
8033,2022,53,2023-01-14,1,Nott'm Forest,Leicester,2,0,0,0
8034,2022,53,2023-01-14,1,Wolves,West Ham,1,0,0,0
8035,2022,61,2023-01-14,2,Girona,Sevilla,2,1,0,1
8036,2022,61,2023-01-14,2,Osasuna,Mallorca,1,0,0,0
8037,2022,61,2023-01-14,2,Sociedad,Ath Bilbao,3,1,2,1
8038,2022,61,2023-01-14,2,Valladolid,Vallecano,0,1,0,0
8039,2022,52,2023-01-14,3,Cremonese,Monza,2,3,0,2
8040,2022,52,2023-01-14,3,Inter,Verona,1,0,1,0
8041,2022,52,2023-01-14,3,Lecce,Milan,2,2,2,0
8042,2022,49,2023-01-14,5,Lens,Auxerre,1,0,0,0
8043,2022,49,2023-01-14,5,Lyon,Strasbourg,1,2,1,2
8044,2022,49,2023-01-14,5,Marseille,Lorient,3,1,1,1
8045,2022,54,2023-01-15,1,Chelsea,Crystal Palace,1,0,0,0
8046,2022,54,2023-01-15,1,Newcastle,Fulham,1,0,0,0
8047,2022,54,2023-01-15,1,Tottenham,Arsenal,0,2,0,2
8048,2022,62,2023-01-15,2,Almeria,Ath Madrid,1,1,1,1
8049,2022,62,2023-01-15,2,Getafe,Espanol,1,2,1,1
8050,2022,53,2023-01-15,3,Atalanta,Salernitana,8,2,5,1
8051,2022,53,2023-01-15,3,Roma,Fiorentina,2,0,1,0
8052,2022,53,2023-01-15,3,Sassuolo,Lazio,0,2,0,1
8053,2022,53,2023-01-15,3,Torino,Spezia,0,1,0,1
8054,2022,53,2023-01-15,3,Udinese,Bologna,1,2,1,0
8055,2022,50,2023-01-15,5,Angers,Clermont,1,2,0,1
8056,2022,50,2023-01-15,5,Lille,Troyes,5,1,2,0
8057,2022,50,2023-01-15,5,Monaco,Ajaccio,7,1,5,1
8058,2022,50,2023-01-15,5,Montpellier,Nantes,0,3,0,1
8059,2022,50,2023-01-15,5,Reims,Nice,0,0,0,0
8060,2022,50,2023-01-15,5,Rennes,Paris SG,1,0,0,0
8061,2022,50,2023-01-15,5,Toulouse,Brest,1,1,0,1
8062,2022,63,2023-01-16,2,Cadiz,Elche,1,1,1,0
8063,2022,54,2023-01-16,3,Empoli,Sampdoria,1,0,0,0
8064,2022,55,2023-01-18,1,Crystal Palace,Man United,1,1,0,1
8065,2022,56,2023-01-19,1,Man City,Tottenham,4,2,0,2
8066,2022,64,2023-01-20,2,Mallorca,Celta,1,0,0,0
8067,2022,45,2023-01-20,4,RB Leipzig,Bayern Munich,1,1,0,1
8068,2022,57,2023-01-21,1,Bournemouth,Nott'm Forest,1,1,1,0
8069,2022,57,2023-01-21,1,Crystal Palace,Newcastle,0,0,0,0
8070,2022,57,2023-01-21,1,Leicester,Brighton,2,2,1,1
8071,2022,57,2023-01-21,1,Liverpool,Chelsea,0,0,0,0
8072,2022,57,2023-01-21,1,Southampton,Aston Villa,0,1,0,0
8073,2022,57,2023-01-21,1,West Ham,Everton,2,0,2,0
8074,2022,65,2023-01-21,2,Ath Madrid,Valladolid,3,0,3,0
8075,2022,65,2023-01-21,2,Espanol,Betis,1,0,1,0
8076,2022,65,2023-01-21,2,Sevilla,Cadiz,1,0,0,0
8077,2022,65,2023-01-21,2,Vallecano,Sociedad,0,2,0,2
8078,2022,55,2023-01-21,3,Fiorentina,Torino,0,1,0,1
8079,2022,55,2023-01-21,3,Salernitana,Napoli,0,2,0,1
8080,2022,55,2023-01-21,3,Verona,Lecce,2,0,1,0
8081,2022,46,2023-01-21,4,Bochum,Hertha,3,1,2,0
8082,2022,46,2023-01-21,4,Ein Frankfurt,Schalke 04,3,0,1,0
8083,2022,46,2023-01-21,4,FC Koln,Werder Bremen,7,1,5,1
8084,2022,46,2023-01-21,4,Stuttgart,Mainz,1,1,1,1
8085,2022,46,2023-01-21,4,Union Berlin,Hoffenheim,3,1,0,1
8086,2022,46,2023-01-21,4,Wolfsburg,Freiburg,6,0,3,0
8087,2022,58,2023-01-22,1,Arsenal,Man United,3,2,1,1
8088,2022,58,2023-01-22,1,Leeds,Brentford,0,0,0,0
8089,2022,58,2023-01-22,1,Man City,Wolves,3,0,1,0
8090,2022,66,2023-01-22,2,Ath Bilbao,Real Madrid,0,2,0,1
8091,2022,66,2023-01-22,2,Barcelona,Getafe,1,0,1,0
8092,2022,66,2023-01-22,2,Elche,Osasuna,1,1,0,1
8093,2022,66,2023-01-22,2,Villarreal,Girona,1,0,0,0
8094,2022,56,2023-01-22,3,Juventus,Atalanta,3,3,2,1
8095,2022,56,2023-01-22,3,Monza,Sassuolo,1,1,0,1
8096,2022,56,2023-01-22,3,Sampdoria,Udinese,0,1,0,0
8097,2022,56,2023-01-22,3,Spezia,Roma,0,2,0,1
8098,2022,47,2023-01-22,4,Dortmund,Augsburg,4,3,2,2
8099,2022,47,2023-01-22,4,M'gladbach,Leverkusen,2,3,0,2
8100,2022,59,2023-01-23,1,Fulham,Tottenham,0,1,0,1
8101,2022,67,2023-01-23,2,Valencia,Almeria,2,2,0,0
8102,2022,57,2023-01-23,3,Bologna,Cremonese,1,1,0,0
8103,2022,57,2023-01-23,3,Inter,Empoli,0,1,0,0
8104,2022,58,2023-01-24,3,Lazio,Milan,4,0,2,0
8105,2022,48,2023-01-24,4,Bayern Munich,FC Koln,1,1,0,1
8106,2022,48,2023-01-24,4,Hertha,Wolfsburg,0,5,0,3
8107,2022,48,2023-01-24,4,Hoffenheim,Stuttgart,2,2,1,1
8108,2022,48,2023-01-24,4,Schalke 04,RB Leipzig,1,6,0,4
8109,2022,49,2023-01-25,4,Augsburg,M'gladbach,1,0,0,0
8110,2022,49,2023-01-25,4,Freiburg,Ein Frankfurt,1,1,0,1
8111,2022,49,2023-01-25,4,Leverkusen,Bochum,2,0,1,0
8112,2022,49,2023-01-25,4,Mainz,Dortmund,1,2,1,1
8113,2022,49,2023-01-25,4,Werder Bremen,Union Berlin,1,2,1,1
8114,2022,68,2023-01-27,2,Almeria,Espanol,3,1,1,0
8115,2022,59,2023-01-27,3,Bologna,Spezia,2,0,1,0
8116,2022,59,2023-01-27,3,Lecce,Salernitana,1,2,1,2
8117,2022,50,2023-01-27,4,RB Leipzig,Stuttgart,2,1,1,0
8118,2022,51,2023-01-27,5,Lorient,Rennes,2,1,2,0
8119,2022,69,2023-01-28,2,Cadiz,Mallorca,2,0,2,0
8120,2022,69,2023-01-28,2,Getafe,Betis,0,1,0,0
8121,2022,69,2023-01-28,2,Girona,Barcelona,0,1,0,0
8122,2022,69,2023-01-28,2,Sevilla,Elche,3,0,3,0
8123,2022,60,2023-01-28,3,Atalanta,Sampdoria,2,0,1,0
8124,2022,60,2023-01-28,3,Cremonese,Inter,1,2,1,1
8125,2022,60,2023-01-28,3,Empoli,Torino,2,2,1,0
8126,2022,51,2023-01-28,4,Bayern Munich,Ein Frankfurt,1,1,1,0
8127,2022,51,2023-01-28,4,Freiburg,Augsburg,3,1,2,1
8128,2022,51,2023-01-28,4,Hertha,Union Berlin,0,2,0,1
8129,2022,51,2023-01-28,4,Hoffenheim,M'gladbach,1,4,0,2
8130,2022,51,2023-01-28,4,Mainz,Bochum,5,2,3,0
8131,2022,51,2023-01-28,4,Werder Bremen,Wolfsburg,2,1,1,0
8132,2022,52,2023-01-28,5,Marseille,Monaco,1,1,0,1
8133,2022,52,2023-01-28,5,Troyes,Lens,1,1,0,0
8134,2022,70,2023-01-29,2,Celta,Ath Bilbao,1,0,0,0
8135,2022,70,2023-01-29,2,Osasuna,Ath Madrid,0,1,0,0
8136,2022,70,2023-01-29,2,Real Madrid,Sociedad,0,0,0,0
8137,2022,70,2023-01-29,2,Valladolid,Valencia,1,0,0,0
8138,2022,61,2023-01-29,3,Juventus,Monza,0,2,0,2
8139,2022,61,2023-01-29,3,Lazio,Fiorentina,1,1,1,0
8140,2022,61,2023-01-29,3,Milan,Sassuolo,2,5,1,3
8141,2022,61,2023-01-29,3,Napoli,Roma,2,1,1,0
8142,2022,52,2023-01-29,4,Leverkusen,Dortmund,0,2,0,1
8143,2022,52,2023-01-29,4,Schalke 04,FC Koln,0,0,0,0
8144,2022,53,2023-01-29,5,Ajaccio,Lyon,0,2,0,1
8145,2022,53,2023-01-29,5,Auxerre,Montpellier,0,2,0,0
8146,2022,53,2023-01-29,5,Brest,Angers,4,0,2,0
8147,2022,53,2023-01-29,5,Clermont,Nantes,0,0,0,0
8148,2022,53,2023-01-29,5,Nice,Lille,1,0,1,0
8149,2022,53,2023-01-29,5,Paris SG,Reims,1,1,0,0
8150,2022,53,2023-01-29,5,Strasbourg,Toulouse,1,2,1,1
8151,2022,71,2023-01-30,2,Villarreal,Vallecano,0,1,0,0
8152,2022,62,2023-01-30,3,Udinese,Verona,1,1,1,1
8153,2022,72,2023-02-01,2,Betis,Barcelona,1,2,0,0
8154,2022,54,2023-02-01,5,Angers,Ajaccio,1,2,1,0
8155,2022,54,2023-02-01,5,Lens,Nice,0,1,0,0
8156,2022,54,2023-02-01,5,Lille,Clermont,0,0,0,0
8157,2022,54,2023-02-01,5,Lyon,Brest,0,0,0,0
8158,2022,54,2023-02-01,5,Monaco,Auxerre,3,2,2,0
8159,2022,54,2023-02-01,5,Montpellier,Paris SG,1,3,0,0
8160,2022,54,2023-02-01,5,Nantes,Marseille,0,2,0,0
8161,2022,54,2023-02-01,5,Reims,Lorient,4,2,1,2
8162,2022,54,2023-02-01,5,Rennes,Strasbourg,3,0,2,0
8163,2022,54,2023-02-01,5,Toulouse,Troyes,4,1,2,1
8164,2022,73,2023-02-02,2,Real Madrid,Valencia,2,0,0,0
8165,2022,60,2023-02-03,1,Chelsea,Fulham,0,0,0,0
8166,2022,74,2023-02-03,2,Ath Bilbao,Cadiz,4,1,3,1
8167,2022,53,2023-02-03,4,Augsburg,Leverkusen,1,0,0,0
8168,2022,61,2023-02-04,1,Aston Villa,Leicester,2,4,2,3
8169,2022,61,2023-02-04,1,Brentford,Southampton,3,0,2,0
8170,2022,61,2023-02-04,1,Brighton,Bournemouth,1,0,0,0
8171,2022,61,2023-02-04,1,Everton,Arsenal,1,0,0,0
8172,2022,61,2023-02-04,1,Man United,Crystal Palace,2,1,1,0
8173,2022,61,2023-02-04,1,Newcastle,West Ham,1,1,1,1
8174,2022,61,2023-02-04,1,Wolves,Liverpool,3,0,2,0
8175,2022,75,2023-02-04,2,Ath Madrid,Getafe,1,1,0,0
8176,2022,75,2023-02-04,2,Betis,Celta,3,4,2,2
8177,2022,75,2023-02-04,2,Elche,Villarreal,3,1,2,1
8178,2022,75,2023-02-04,2,Espanol,Osasuna,1,1,0,1
8179,2022,63,2023-02-04,3,Cremonese,Lecce,0,2,0,0
8180,2022,63,2023-02-04,3,Roma,Empoli,2,0,2,0
8181,2022,63,2023-02-04,3,Sassuolo,Atalanta,1,0,0,0
8182,2022,54,2023-02-04,4,Bochum,Hoffenheim,5,2,3,0
8183,2022,54,2023-02-04,4,Dortmund,Freiburg,5,1,1,1
8184,2022,54,2023-02-04,4,Ein Frankfurt,Hertha,3,0,2,0
8185,2022,54,2023-02-04,4,FC Koln,RB Leipzig,0,0,0,0
8186,2022,54,2023-02-04,4,M'gladbach,Schalke 04,0,0,0,0
8187,2022,54,2023-02-04,4,Union Berlin,Mainz,2,1,1,0
8188,2022,55,2023-02-04,5,Paris SG,Toulouse,2,1,1,1
8189,2022,55,2023-02-04,5,Rennes,Lille,1,3,1,0
8190,2022,55,2023-02-04,5,Troyes,Lyon,1,3,0,1
8191,2022,62,2023-02-05,1,Nott'm Forest,Leeds,1,0,1,0
8192,2022,62,2023-02-05,1,Tottenham,Man City,1,0,1,0
8193,2022,76,2023-02-05,2,Barcelona,Sevilla,3,0,0,0
8194,2022,76,2023-02-05,2,Girona,Valencia,1,0,0,0
8195,2022,76,2023-02-05,2,Mallorca,Real Madrid,1,0,1,0
8196,2022,76,2023-02-05,2,Sociedad,Valladolid,0,1,0,0
8197,2022,64,2023-02-05,3,Fiorentina,Bologna,1,2,1,1
8198,2022,64,2023-02-05,3,Inter,Milan,1,0,1,0
8199,2022,64,2023-02-05,3,Spezia,Napoli,0,3,0,0
8200,2022,64,2023-02-05,3,Torino,Udinese,1,0,0,0
8201,2022,55,2023-02-05,4,Stuttgart,Werder Bremen,0,2,0,0
8202,2022,55,2023-02-05,4,Wolfsburg,Bayern Munich,2,4,1,3
8203,2022,56,2023-02-05,5,Ajaccio,Nantes,0,2,0,0
8204,2022,56,2023-02-05,5,Auxerre,Reims,0,0,0,0
8205,2022,56,2023-02-05,5,Brest,Lens,1,1,0,0
8206,2022,56,2023-02-05,5,Clermont,Monaco,0,2,0,2
8207,2022,56,2023-02-05,5,Lorient,Angers,0,0,0,0
8208,2022,56,2023-02-05,5,Marseille,Nice,1,3,0,2
8209,2022,56,2023-02-05,5,Strasbourg,Montpellier,2,0,2,0
8210,2022,77,2023-02-06,2,Vallecano,Almeria,2,0,0,0
8211,2022,65,2023-02-06,3,Monza,Sampdoria,2,2,1,1
8212,2022,65,2023-02-06,3,Verona,Lazio,1,1,0,1
8213,2022,66,2023-02-07,3,Salernitana,Juventus,0,3,0,2
8214,2022,63,2023-02-08,1,Man United,Leeds,2,2,0,1
8215,2022,78,2023-02-10,2,Cadiz,Girona,2,0,2,0
8216,2022,67,2023-02-10,3,Milan,Torino,1,0,0,0
8217,2022,56,2023-02-10,4,Schalke 04,Wolfsburg,0,0,0,0
8218,2022,57,2023-02-10,5,Nice,Ajaccio,3,0,1,0
8219,2022,64,2023-02-11,1,Arsenal,Brentford,1,1,0,0
8220,2022,64,2023-02-11,1,Bournemouth,Newcastle,1,1,1,1
8221,2022,64,2023-02-11,1,Crystal Palace,Brighton,1,1,0,0
8222,2022,64,2023-02-11,1,Fulham,Nott'm Forest,2,0,1,0
8223,2022,64,2023-02-11,1,Leicester,Tottenham,4,1,3,1
8224,2022,64,2023-02-11,1,Southampton,Wolves,1,2,1,0
8225,2022,64,2023-02-11,1,West Ham,Chelsea,1,1,1,1
8226,2022,79,2023-02-11,2,Almeria,Betis,2,3,1,2
8227,2022,79,2023-02-11,2,Sevilla,Mallorca,2,0,2,0
8228,2022,79,2023-02-11,2,Valencia,Ath Bilbao,1,2,1,1
8229,2022,68,2023-02-11,3,Empoli,Spezia,2,2,0,2
8230,2022,68,2023-02-11,3,Lazio,Atalanta,0,2,0,1
8231,2022,68,2023-02-11,3,Lecce,Roma,1,1,1,1
8232,2022,57,2023-02-11,4,Bayern Munich,Bochum,3,0,1,0
8233,2022,57,2023-02-11,4,Freiburg,Stuttgart,2,1,0,1
8234,2022,57,2023-02-11,4,Hoffenheim,Leverkusen,1,3,0,1
8235,2022,57,2023-02-11,4,Mainz,Augsburg,3,1,2,1
8236,2022,57,2023-02-11,4,RB Leipzig,Union Berlin,1,2,1,0
8237,2022,57,2023-02-11,4,Werder Bremen,Dortmund,0,2,0,0
8238,2022,58,2023-02-11,5,Clermont,Marseille,0,2,0,1
8239,2022,58,2023-02-11,5,Monaco,Paris SG,3,1,3,1
8240,2022,65,2023-02-12,1,Leeds,Man United,0,2,0,0
8241,2022,65,2023-02-12,1,Man City,Aston Villa,3,1,3,0
8242,2022,80,2023-02-12,2,Celta,Ath Madrid,0,1,0,0
8243,2022,80,2023-02-12,2,Getafe,Vallecano,1,1,0,1
8244,2022,80,2023-02-12,2,Valladolid,Osasuna,0,0,0,0
8245,2022,80,2023-02-12,2,Villarreal,Barcelona,0,1,0,1
8246,2022,69,2023-02-12,3,Bologna,Monza,0,1,0,1
8247,2022,69,2023-02-12,3,Juventus,Fiorentina,1,0,1,0
8248,2022,69,2023-02-12,3,Napoli,Cremonese,3,0,1,0
8249,2022,69,2023-02-12,3,Udinese,Sassuolo,2,2,2,2
8250,2022,58,2023-02-12,4,FC Koln,Ein Frankfurt,3,0,0,0
8251,2022,58,2023-02-12,4,Hertha,M'gladbach,4,1,1,1
8252,2022,59,2023-02-12,5,Angers,Auxerre,1,1,1,1
8253,2022,59,2023-02-12,5,Lille,Strasbourg,2,0,2,0
8254,2022,59,2023-02-12,5,Lyon,Lens,2,1,1,1
8255,2022,59,2023-02-12,5,Montpellier,Brest,3,0,2,0
8256,2022,59,2023-02-12,5,Nantes,Lorient,1,0,0,0
8257,2022,59,2023-02-12,5,Reims,Troyes,4,0,2,0
8258,2022,59,2023-02-12,5,Toulouse,Rennes,3,1,3,0
8259,2022,66,2023-02-13,1,Liverpool,Everton,2,0,1,0
8260,2022,81,2023-02-13,2,Espanol,Sociedad,2,3,0,1
8261,2022,70,2023-02-13,3,Sampdoria,Inter,0,0,0,0
8262,2022,70,2023-02-13,3,Verona,Salernitana,1,0,1,0
8263,2022,67,2023-02-15,1,Arsenal,Man City,1,3,1,1
8264,2022,82,2023-02-15,2,Real Madrid,Elche,4,0,3,0
8265,2022,83,2023-02-17,2,Girona,Almeria,6,2,4,0
8266,2022,71,2023-02-17,3,Sassuolo,Napoli,0,2,0,2
8267,2022,59,2023-02-17,4,Augsburg,Hoffenheim,1,0,0,0
8268,2022,60,2023-02-17,5,Auxerre,Lyon,2,1,0,1
8269,2022,68,2023-02-18,1,Aston Villa,Arsenal,2,4,2,1
8270,2022,68,2023-02-18,1,Brentford,Crystal Palace,1,1,0,0
8271,2022,68,2023-02-18,1,Brighton,Fulham,0,1,0,0
8272,2022,68,2023-02-18,1,Chelsea,Southampton,0,1,0,1
8273,2022,68,2023-02-18,1,Everton,Leeds,1,0,0,0
8274,2022,68,2023-02-18,1,Newcastle,Liverpool,0,2,0,2
8275,2022,68,2023-02-18,1,Nott'm Forest,Man City,1,1,0,1
8276,2022,68,2023-02-18,1,Wolves,Bournemouth,0,1,0,0
8277,2022,84,2023-02-18,2,Betis,Valladolid,2,1,2,1
8278,2022,84,2023-02-18,2,Mallorca,Villarreal,4,2,2,1
8279,2022,84,2023-02-18,2,Osasuna,Real Madrid,0,2,0,0
8280,2022,84,2023-02-18,2,Sociedad,Celta,1,1,1,0
8281,2022,72,2023-02-18,3,Inter,Udinese,3,1,1,1
8282,2022,72,2023-02-18,3,Monza,Milan,0,1,0,1
8283,2022,72,2023-02-18,3,Sampdoria,Bologna,1,2,0,1
8284,2022,60,2023-02-18,4,Bochum,Freiburg,0,2,0,1
8285,2022,60,2023-02-18,4,Ein Frankfurt,Werder Bremen,2,0,1,0
8286,2022,60,2023-02-18,4,M'gladbach,Bayern Munich,3,2,1,1
8287,2022,60,2023-02-18,4,Stuttgart,FC Koln,3,0,1,0
8288,2022,60,2023-02-18,4,Wolfsburg,RB Leipzig,0,3,0,1
8289,2022,61,2023-02-18,5,Nice,Reims,0,0,0,0
8290,2022,61,2023-02-18,5,Strasbourg,Angers,2,1,2,0
8291,2022,69,2023-02-19,1,Man United,Leicester,3,0,1,0
8292,2022,69,2023-02-19,1,Tottenham,West Ham,2,0,0,0
8293,2022,85,2023-02-19,2,Ath Madrid,Ath Bilbao,1,0,0,0
8294,2022,85,2023-02-19,2,Barcelona,Cadiz,2,0,2,0
8295,2022,85,2023-02-19,2,Elche,Espanol,0,1,0,0
8296,2022,85,2023-02-19,2,Vallecano,Sevilla,1,1,0,1
8297,2022,73,2023-02-19,3,Atalanta,Lecce,1,2,0,1
8298,2022,73,2023-02-19,3,Fiorentina,Empoli,1,1,0,1
8299,2022,73,2023-02-19,3,Roma,Verona,1,0,1,0
8300,2022,73,2023-02-19,3,Salernitana,Lazio,0,2,0,0
8301,2022,73,2023-02-19,3,Spezia,Juventus,0,2,0,1
8302,2022,61,2023-02-19,4,Dortmund,Hertha,4,1,2,0
8303,2022,61,2023-02-19,4,Leverkusen,Mainz,2,3,1,2
8304,2022,61,2023-02-19,4,Union Berlin,Schalke 04,0,0,0,0
8305,2022,62,2023-02-19,5,Brest,Monaco,1,2,0,1
8306,2022,62,2023-02-19,5,Lens,Nantes,3,1,2,1
8307,2022,62,2023-02-19,5,Lorient,Ajaccio,3,0,2,0
8308,2022,62,2023-02-19,5,Paris SG,Lille,4,3,2,1
8309,2022,62,2023-02-19,5,Rennes,Clermont,2,0,1,0
8310,2022,62,2023-02-19,5,Toulouse,Marseille,2,3,1,0
8311,2022,62,2023-02-19,5,Troyes,Montpellier,0,1,0,0
8312,2022,86,2023-02-20,2,Getafe,Valencia,1,0,0,0
8313,2022,74,2023-02-20,3,Torino,Cremonese,2,2,1,0
8314,2022,70,2023-02-24,1,Fulham,Wolves,1,1,0,1
8315,2022,87,2023-02-24,2,Elche,Betis,2,3,2,0
8316,2022,62,2023-02-24,4,Mainz,M'gladbach,4,0,1,0
8317,2022,63,2023-02-24,5,Lille,Brest,2,1,0,1
8318,2022,71,2023-02-25,1,Bournemouth,Man City,1,4,0,3
8319,2022,71,2023-02-25,1,Crystal Palace,Liverpool,0,0,0,0
8320,2022,71,2023-02-25,1,Everton,Aston Villa,0,2,0,0
8321,2022,71,2023-02-25,1,Leeds,Southampton,1,0,0,0
8322,2022,71,2023-02-25,1,Leicester,Arsenal,0,1,0,0
8323,2022,71,2023-02-25,1,West Ham,Nott'm Forest,4,0,0,0
8324,2022,88,2023-02-25,2,Cadiz,Vallecano,1,0,0,0
8325,2022,88,2023-02-25,2,Espanol,Mallorca,2,1,1,1
8326,2022,88,2023-02-25,2,Real Madrid,Ath Madrid,1,1,0,0
8327,2022,88,2023-02-25,2,Valencia,Sociedad,1,0,1,0
8328,2022,75,2023-02-25,3,Empoli,Napoli,0,2,0,2
8329,2022,75,2023-02-25,3,Lecce,Sassuolo,0,1,0,0
8330,2022,63,2023-02-25,4,FC Koln,Wolfsburg,0,2,0,1
8331,2022,63,2023-02-25,4,Hertha,Augsburg,2,0,0,0
8332,2022,63,2023-02-25,4,Hoffenheim,Dortmund,0,1,0,1
8333,2022,63,2023-02-25,4,RB Leipzig,Ein Frankfurt,2,1,2,0
8334,2022,63,2023-02-25,4,Schalke 04,Stuttgart,2,1,2,0
8335,2022,63,2023-02-25,4,Werder Bremen,Bochum,3,0,2,0
8336,2022,64,2023-02-25,5,Angers,Lyon,1,3,0,1
8337,2022,64,2023-02-25,5,Montpellier,Lens,1,1,0,1
8338,2022,72,2023-02-26,1,Tottenham,Chelsea,2,0,0,0
8339,2022,89,2023-02-26,2,Almeria,Barcelona,1,0,1,0
8340,2022,89,2023-02-26,2,Ath Bilbao,Girona,2,3,1,3
8341,2022,89,2023-02-26,2,Celta,Valladolid,3,0,2,0
8342,2022,89,2023-02-26,2,Sevilla,Osasuna,2,3,0,1
8343,2022,76,2023-02-26,3,Bologna,Inter,1,0,0,0
8344,2022,76,2023-02-26,3,Milan,Atalanta,2,0,1,0
8345,2022,76,2023-02-26,3,Salernitana,Monza,3,0,0,0
8346,2022,76,2023-02-26,3,Udinese,Spezia,2,2,1,1
8347,2022,64,2023-02-26,4,Bayern Munich,Union Berlin,3,0,3,0
8348,2022,64,2023-02-26,4,Freiburg,Leverkusen,1,1,1,0
8349,2022,65,2023-02-26,5,Ajaccio,Troyes,2,1,0,1
8350,2022,65,2023-02-26,5,Clermont,Strasbourg,1,1,0,1
8351,2022,65,2023-02-26,5,Lorient,Auxerre,0,1,0,0
8352,2022,65,2023-02-26,5,Marseille,Paris SG,0,3,0,2
8353,2022,65,2023-02-26,5,Monaco,Nice,0,3,0,3
8354,2022,65,2023-02-26,5,Nantes,Rennes,0,1,0,1
8355,2022,65,2023-02-26,5,Reims,Toulouse,3,0,2,0
8356,2022,90,2023-02-27,2,Villarreal,Getafe,2,1,1,1
8357,2022,77,2023-02-27,3,Lazio,Sampdoria,1,0,0,0
8358,2022,77,2023-02-27,3,Verona,Fiorentina,0,3,0,2
8359,2022,78,2023-02-28,3,Cremonese,Roma,2,1,1,0
8360,2022,78,2023-02-28,3,Juventus,Torino,4,2,2,2
8361,2022,73,2023-03-01,1,Arsenal,Everton,4,0,2,0
8362,2022,73,2023-03-01,1,Liverpool,Wolves,2,0,0,0
8363,2022,91,2023-03-03,2,Sociedad,Cadiz,0,0,0,0
8364,2022,79,2023-03-03,3,Napoli,Lazio,0,1,0,0
8365,2022,65,2023-03-03,4,Dortmund,RB Leipzig,2,1,2,0
8366,2022,66,2023-03-03,5,Nice,Auxerre,1,1,1,1
8367,2022,74,2023-03-04,1,Arsenal,Bournemouth,3,2,0,1
8368,2022,74,2023-03-04,1,Aston Villa,Crystal Palace,1,0,1,0
8369,2022,74,2023-03-04,1,Brighton,West Ham,4,0,1,0
8370,2022,74,2023-03-04,1,Chelsea,Leeds,1,0,0,0
8371,2022,74,2023-03-04,1,Man City,Newcastle,2,0,1,0
8372,2022,74,2023-03-04,1,Southampton,Leicester,1,0,1,0
8373,2022,74,2023-03-04,1,Wolves,Tottenham,1,0,0,0
8374,2022,92,2023-03-04,2,Almeria,Villarreal,0,2,0,0
8375,2022,92,2023-03-04,2,Ath Madrid,Sevilla,6,1,2,1
8376,2022,92,2023-03-04,2,Getafe,Girona,3,2,3,0
8377,2022,92,2023-03-04,2,Mallorca,Elche,0,1,0,0
8378,2022,80,2023-03-04,3,Atalanta,Udinese,0,0,0,0
8379,2022,80,2023-03-04,3,Fiorentina,Milan,2,1,0,0
8380,2022,80,2023-03-04,3,Monza,Empoli,2,1,1,0
8381,2022,66,2023-03-04,4,Augsburg,Werder Bremen,2,1,1,1
8382,2022,66,2023-03-04,4,Bochum,Schalke 04,0,2,0,1
8383,2022,66,2023-03-04,4,M'gladbach,Freiburg,0,0,0,0
8384,2022,66,2023-03-04,4,Mainz,Hoffenheim,1,0,1,0
8385,2022,66,2023-03-04,4,Stuttgart,Bayern Munich,1,2,0,1
8386,2022,66,2023-03-04,4,Union Berlin,FC Koln,0,0,0,0
8387,2022,67,2023-03-04,5,Lens,Lille,1,1,1,0
8388,2022,67,2023-03-04,5,Paris SG,Nantes,4,2,2,2
8389,2022,75,2023-03-05,1,Liverpool,Man United,7,0,1,0
8390,2022,75,2023-03-05,1,Nott'm Forest,Everton,2,2,1,2
8391,2022,93,2023-03-05,2,Barcelona,Valencia,1,0,1,0
8392,2022,93,2023-03-05,2,Betis,Real Madrid,0,0,0,0
8393,2022,93,2023-03-05,2,Valladolid,Espanol,2,1,1,0
8394,2022,93,2023-03-05,2,Vallecano,Ath Bilbao,0,0,0,0
8395,2022,81,2023-03-05,3,Inter,Lecce,2,0,1,0
8396,2022,81,2023-03-05,3,Roma,Juventus,1,0,0,0
8397,2022,81,2023-03-05,3,Sampdoria,Salernitana,0,0,0,0
8398,2022,81,2023-03-05,3,Spezia,Verona,0,0,0,0
8399,2022,67,2023-03-05,4,Leverkusen,Hertha,4,1,2,0
8400,2022,67,2023-03-05,4,Wolfsburg,Ein Frankfurt,2,2,2,2
8401,2022,68,2023-03-05,5,Lyon,Lorient,0,0,0,0
8402,2022,68,2023-03-05,5,Montpellier,Angers,5,0,3,0
8403,2022,68,2023-03-05,5,Reims,Ajaccio,1,0,0,0
8404,2022,68,2023-03-05,5,Rennes,Marseille,0,1,0,0
8405,2022,68,2023-03-05,5,Strasbourg,Brest,0,1,0,1
8406,2022,68,2023-03-05,5,Toulouse,Clermont,0,1,0,0
8407,2022,68,2023-03-05,5,Troyes,Monaco,2,2,1,0
8408,2022,76,2023-03-06,1,Brentford,Fulham,3,2,1,1
8409,2022,94,2023-03-06,2,Osasuna,Celta,0,0,0,0
8410,2022,82,2023-03-06,3,Sassuolo,Cremonese,3,2,2,0
8411,2022,82,2023-03-06,3,Torino,Bologna,1,0,1,0
8412,2022,95,2023-03-10,2,Cadiz,Getafe,2,2,1,0
8413,2022,83,2023-03-10,3,Spezia,Inter,2,1,0,0
8414,2022,68,2023-03-10,4,FC Koln,Bochum,0,2,0,1
8415,2022,69,2023-03-10,5,Lille,Lyon,3,3,0,0
8416,2022,77,2023-03-11,1,Bournemouth,Liverpool,1,0,1,0
8417,2022,77,2023-03-11,1,Crystal Palace,Man City,0,1,0,0
8418,2022,77,2023-03-11,1,Everton,Brentford,1,0,1,0
8419,2022,77,2023-03-11,1,Leeds,Brighton,2,2,1,1
8420,2022,77,2023-03-11,1,Leicester,Chelsea,1,3,1,2
8421,2022,77,2023-03-11,1,Tottenham,Nott'm Forest,3,1,2,0
8422,2022,96,2023-03-11,2,Celta,Vallecano,3,0,0,0
8423,2022,96,2023-03-11,2,Elche,Valladolid,1,1,0,1
8424,2022,96,2023-03-11,2,Real Madrid,Espanol,3,1,2,1
8425,2022,96,2023-03-11,2,Valencia,Osasuna,1,0,0,0
8426,2022,84,2023-03-11,3,Bologna,Lazio,0,0,0,0
8427,2022,84,2023-03-11,3,Empoli,Udinese,0,1,0,0
8428,2022,84,2023-03-11,3,Napoli,Atalanta,2,0,0,0
8429,2022,69,2023-03-11,4,Bayern Munich,Augsburg,5,3,4,1
8430,2022,69,2023-03-11,4,Ein Frankfurt,Stuttgart,1,1,0,0
8431,2022,69,2023-03-11,4,Hertha,Mainz,1,1,1,0
8432,2022,69,2023-03-11,4,RB Leipzig,M'gladbach,3,0,0,0
8433,2022,69,2023-03-11,4,Schalke 04,Dortmund,2,2,0,1
8434,2022,70,2023-03-11,5,Auxerre,Rennes,0,0,0,0
8435,2022,70,2023-03-11,5,Brest,Paris SG,1,2,1,1
8436,2022,78,2023-03-12,1,Fulham,Arsenal,0,3,0,3
8437,2022,78,2023-03-12,1,Man United,Southampton,0,0,0,0
8438,2022,78,2023-03-12,1,Newcastle,Wolves,2,1,1,0
8439,2022,78,2023-03-12,1,West Ham,Aston Villa,1,1,1,1
8440,2022,97,2023-03-12,2,Ath Bilbao,Barcelona,0,1,0,1
8441,2022,97,2023-03-12,2,Mallorca,Sociedad,1,1,0,1
8442,2022,97,2023-03-12,2,Sevilla,Almeria,2,1,1,1
8443,2022,97,2023-03-12,2,Villarreal,Betis,1,1,0,1
8444,2022,85,2023-03-12,3,Cremonese,Fiorentina,0,2,0,1
8445,2022,85,2023-03-12,3,Juventus,Sampdoria,4,2,2,2
8446,2022,85,2023-03-12,3,Lecce,Torino,0,2,0,2
8447,2022,85,2023-03-12,3,Roma,Sassuolo,3,4,1,3
8448,2022,85,2023-03-12,3,Verona,Monza,1,1,0,0
8449,2022,70,2023-03-12,4,Freiburg,Hoffenheim,2,1,1,0
8450,2022,70,2023-03-12,4,Werder Bremen,Leverkusen,2,3,1,1
8451,2022,70,2023-03-12,4,Wolfsburg,Union Berlin,1,1,0,0
8452,2022,71,2023-03-12,5,Ajaccio,Montpellier,0,1,0,0
8453,2022,71,2023-03-12,5,Angers,Toulouse,0,2,0,1
8454,2022,71,2023-03-12,5,Clermont,Lens,0,4,0,3
8455,2022,71,2023-03-12,5,Lorient,Troyes,2,0,1,0
8456,2022,71,2023-03-12,5,Marseille,Strasbourg,2,2,0,0
8457,2022,71,2023-03-12,5,Monaco,Reims,0,1,0,0
8458,2022,71,2023-03-12,5,Nantes,Nice,2,2,1,1
8459,2022,98,2023-03-13,2,Girona,Ath Madrid,0,1,0,0
8460,2022,86,2023-03-13,3,Milan,Salernitana,1,1,1,0
8461,2022,79,2023-03-15,1,Brighton,Crystal Palace,1,0,1,0
8462,2022,79,2023-03-15,1,Southampton,Brentford,0,2,0,1
8463,2022,80,2023-03-17,1,Nott'm Forest,Newcastle,1,2,1,1
8464,2022,99,2023-03-17,2,Valladolid,Ath Bilbao,1,3,0,1
8465,2022,87,2023-03-17,3,Atalanta,Empoli,2,1,0,1
8466,2022,87,2023-03-17,3,Sassuolo,Spezia,1,0,0,0
8467,2022,71,2023-03-17,4,M'gladbach,Werder Bremen,2,2,0,0
8468,2022,72,2023-03-17,5,Lyon,Nantes,1,1,1,1
8469,2022,81,2023-03-18,1,Aston Villa,Bournemouth,3,0,1,0
8470,2022,81,2023-03-18,1,Brentford,Leicester,1,1,1,0
8471,2022,81,2023-03-18,1,Chelsea,Everton,2,2,0,0
8472,2022,81,2023-03-18,1,Southampton,Tottenham,3,3,0,1
8473,2022,81,2023-03-18,1,Wolves,Leeds,2,4,0,1
8474,2022,100,2023-03-18,2,Almeria,Cadiz,1,1,0,0
8475,2022,100,2023-03-18,2,Ath Madrid,Valencia,3,0,1,0
8476,2022,100,2023-03-18,2,Espanol,Celta,1,3,0,2
8477,2022,100,2023-03-18,2,Vallecano,Girona,2,2,2,1
8478,2022,88,2023-03-18,3,Monza,Cremonese,1,1,0,0
8479,2022,88,2023-03-18,3,Salernitana,Bologna,2,2,1,1
8480,2022,88,2023-03-18,3,Udinese,Milan,3,1,2,1
8481,2022,72,2023-03-18,4,Augsburg,Schalke 04,1,1,0,0
8482,2022,72,2023-03-18,4,Bochum,RB Leipzig,1,0,0,0
8483,2022,72,2023-03-18,4,Dortmund,FC Koln,6,1,4,1
8484,2022,72,2023-03-18,4,Hoffenheim,Hertha,3,1,2,0
8485,2022,72,2023-03-18,4,Stuttgart,Wolfsburg,0,1,0,0
8486,2022,73,2023-03-18,5,Lens,Angers,3,0,2,0
8487,2022,73,2023-03-18,5,Toulouse,Lille,0,2,0,0
8488,2022,82,2023-03-19,1,Arsenal,Crystal Palace,4,1,2,0
8489,2022,101,2023-03-19,2,Barcelona,Real Madrid,2,1,1,1
8490,2022,101,2023-03-19,2,Betis,Mallorca,1,0,0,0
8491,2022,101,2023-03-19,2,Getafe,Sevilla,2,0,0,0
8492,2022,101,2023-03-19,2,Osasuna,Villarreal,0,3,0,1
8493,2022,101,2023-03-19,2,Sociedad,Elche,2,0,0,0
8494,2022,89,2023-03-19,3,Fiorentina,Lecce,1,0,1,0
8495,2022,89,2023-03-19,3,Inter,Juventus,0,1,0,1
8496,2022,89,2023-03-19,3,Lazio,Roma,1,0,0,0
8497,2022,89,2023-03-19,3,Sampdoria,Verona,3,1,2,0
8498,2022,89,2023-03-19,3,Torino,Napoli,0,4,0,2
8499,2022,73,2023-03-19,4,Leverkusen,Bayern Munich,2,1,0,1
8500,2022,73,2023-03-19,4,Mainz,Freiburg,1,1,0,0
8501,2022,73,2023-03-19,4,Union Berlin,Ein Frankfurt,2,0,0,0
8502,2022,74,2023-03-19,5,Ajaccio,Monaco,0,2,0,1
8503,2022,74,2023-03-19,5,Montpellier,Clermont,2,1,0,1
8504,2022,74,2023-03-19,5,Nice,Lorient,1,1,0,1
8505,2022,74,2023-03-19,5,Paris SG,Rennes,0,2,0,1
8506,2022,74,2023-03-19,5,Reims,Marseille,1,2,1,2
8507,2022,74,2023-03-19,5,Strasbourg,Auxerre,2,0,1,0
8508,2022,74,2023-03-19,5,Troyes,Brest,2,2,2,1
8509,2022,102,2023-03-31,2,Mallorca,Osasuna,0,0,0,0
8510,2022,74,2023-03-31,4,Ein Frankfurt,Bochum,1,1,1,1
8511,2022,75,2023-03-31,5,Marseille,Montpellier,1,1,1,1
8512,2022,83,2023-04-01,1,Arsenal,Leeds,4,1,1,0
8513,2022,83,2023-04-01,1,Bournemouth,Fulham,2,1,0,1
8514,2022,83,2023-04-01,1,Brighton,Brentford,3,3,2,2
8515,2022,83,2023-04-01,1,Chelsea,Aston Villa,0,2,0,1
8516,2022,83,2023-04-01,1,Crystal Palace,Leicester,2,1,0,0
8517,2022,83,2023-04-01,1,Man City,Liverpool,4,1,1,1
8518,2022,83,2023-04-01,1,Nott'm Forest,Wolves,1,1,1,0
8519,2022,103,2023-04-01,2,Ath Bilbao,Getafe,0,0,0,0
8520,2022,103,2023-04-01,2,Cadiz,Sevilla,0,2,0,0
8521,2022,103,2023-04-01,2,Elche,Barcelona,0,4,0,1
8522,2022,103,2023-04-01,2,Girona,Espanol,2,1,0,0
8523,2022,90,2023-04-01,3,Cremonese,Atalanta,1,3,0,1
8524,2022,90,2023-04-01,3,Inter,Fiorentina,0,1,0,0
8525,2022,90,2023-04-01,3,Juventus,Verona,1,0,0,0
8526,2022,75,2023-04-01,4,Bayern Munich,Dortmund,4,2,3,0
8527,2022,75,2023-04-01,4,Freiburg,Hertha,1,1,0,0
8528,2022,75,2023-04-01,4,RB Leipzig,Mainz,0,3,0,1
8529,2022,75,2023-04-01,4,Schalke 04,Leverkusen,0,3,0,0
8530,2022,75,2023-04-01,4,Union Berlin,Stuttgart,3,0,0,0
8531,2022,75,2023-04-01,4,Wolfsburg,Augsburg,2,2,0,2
8532,2022,76,2023-04-01,5,Auxerre,Troyes,1,0,0,0
8533,2022,76,2023-04-01,5,Rennes,Lens,0,1,0,1
8534,2022,84,2023-04-02,1,Newcastle,Man United,2,0,0,0
8535,2022,84,2023-04-02,1,West Ham,Southampton,1,0,1,0
8536,2022,104,2023-04-02,2,Ath Madrid,Betis,1,0,0,0
8537,2022,104,2023-04-02,2,Celta,Almeria,2,2,2,2
8538,2022,104,2023-04-02,2,Real Madrid,Valladolid,6,0,4,0
8539,2022,104,2023-04-02,2,Villarreal,Sociedad,2,0,0,0
8540,2022,91,2023-04-02,3,Bologna,Udinese,3,0,2,0
8541,2022,91,2023-04-02,3,Monza,Lazio,0,2,0,1
8542,2022,91,2023-04-02,3,Napoli,Milan,0,4,0,2
8543,2022,91,2023-04-02,3,Roma,Sampdoria,3,0,0,0
8544,2022,91,2023-04-02,3,Spezia,Salernitana,1,1,0,1
8545,2022,76,2023-04-02,4,FC Koln,M'gladbach,0,0,0,0
8546,2022,76,2023-04-02,4,Werder Bremen,Hoffenheim,1,2,0,0
8547,2022,77,2023-04-02,5,Angers,Nice,1,1,1,1
8548,2022,77,2023-04-02,5,Brest,Toulouse,3,1,1,1
8549,2022,77,2023-04-02,5,Clermont,Ajaccio,2,1,0,1
8550,2022,77,2023-04-02,5,Lille,Lorient,3,1,1,0
8551,2022,77,2023-04-02,5,Monaco,Strasbourg,4,3,1,2
8552,2022,77,2023-04-02,5,Nantes,Reims,0,3,0,2
8553,2022,77,2023-04-02,5,Paris SG,Lyon,0,1,0,0
8554,2022,85,2023-04-03,1,Everton,Tottenham,1,1,0,0
8555,2022,105,2023-04-03,2,Valencia,Vallecano,1,1,0,1
8556,2022,92,2023-04-03,3,Empoli,Lecce,1,0,0,0
8557,2022,92,2023-04-03,3,Sassuolo,Torino,1,1,1,0
8558,2022,86,2023-04-04,1,Bournemouth,Brighton,0,2,0,1
8559,2022,86,2023-04-04,1,Chelsea,Liverpool,0,0,0,0
8560,2022,86,2023-04-04,1,Leeds,Nott'm Forest,2,1,2,1
8561,2022,86,2023-04-04,1,Leicester,Aston Villa,1,2,1,1
8562,2022,87,2023-04-05,1,Man United,Brentford,1,0,1,0
8563,2022,87,2023-04-05,1,West Ham,Newcastle,1,5,1,2
8564,2022,106,2023-04-07,2,Sevilla,Celta,2,2,1,0
8565,2022,93,2023-04-07,3,Lecce,Napoli,1,2,0,1
8566,2022,93,2023-04-07,3,Milan,Empoli,0,0,0,0
8567,2022,93,2023-04-07,3,Salernitana,Inter,1,1,0,1
8568,2022,78,2023-04-07,5,Lens,Strasbourg,2,1,1,0
8569,2022,88,2023-04-08,1,Aston Villa,Nott'm Forest,2,0,0,0
8570,2022,88,2023-04-08,1,Brentford,Newcastle,1,2,1,0
8571,2022,88,2023-04-08,1,Fulham,West Ham,0,1,0,1
8572,2022,88,2023-04-08,1,Leicester,Bournemouth,0,1,0,1
8573,2022,88,2023-04-08,1,Man United,Everton,2,0,1,0
8574,2022,88,2023-04-08,1,Southampton,Man City,1,4,0,1
8575,2022,88,2023-04-08,1,Tottenham,Brighton,2,1,1,1
8576,2022,88,2023-04-08,1,Wolves,Chelsea,1,0,1,0
8577,2022,107,2023-04-08,2,Espanol,Ath Bilbao,1,2,0,1
8578,2022,107,2023-04-08,2,Osasuna,Elche,2,1,0,1
8579,2022,107,2023-04-08,2,Real Madrid,Villarreal,2,3,1,1
8580,2022,107,2023-04-08,2,Sociedad,Getafe,2,0,1,0
8581,2022,94,2023-04-08,3,Atalanta,Bologna,0,2,0,0
8582,2022,94,2023-04-08,3,Fiorentina,Spezia,1,1,1,1
8583,2022,94,2023-04-08,3,Lazio,Juventus,2,1,1,1
8584,2022,94,2023-04-08,3,Sampdoria,Cremonese,2,3,1,1
8585,2022,94,2023-04-08,3,Torino,Roma,0,1,0,1
8586,2022,94,2023-04-08,3,Udinese,Monza,2,2,1,0
8587,2022,94,2023-04-08,3,Verona,Sassuolo,2,1,0,1
8588,2022,77,2023-04-08,4,Augsburg,FC Koln,1,3,1,2
8589,2022,77,2023-04-08,4,Dortmund,Union Berlin,2,1,1,0
8590,2022,77,2023-04-08,4,Freiburg,Bayern Munich,0,1,0,0
8591,2022,77,2023-04-08,4,Hertha,RB Leipzig,0,1,0,1
8592,2022,77,2023-04-08,4,Leverkusen,Ein Frankfurt,3,1,2,0
8593,2022,77,2023-04-08,4,Mainz,Werder Bremen,2,2,0,0
8594,2022,79,2023-04-08,5,Angers,Lille,1,0,0,0
8595,2022,79,2023-04-08,5,Nice,Paris SG,0,2,0,1
8596,2022,89,2023-04-09,1,Leeds,Crystal Palace,1,5,1,1
8597,2022,89,2023-04-09,1,Liverpool,Arsenal,2,2,1,2
8598,2022,108,2023-04-09,2,Almeria,Valencia,2,1,0,0
8599,2022,108,2023-04-09,2,Betis,Cadiz,0,2,0,0
8600,2022,108,2023-04-09,2,Valladolid,Mallorca,3,3,1,0
8601,2022,108,2023-04-09,2,Vallecano,Ath Madrid,1,2,0,2
8602,2022,78,2023-04-09,4,Bochum,Stuttgart,2,3,0,1
8603,2022,78,2023-04-09,4,Hoffenheim,Schalke 04,2,0,1,0
8604,2022,78,2023-04-09,4,M'gladbach,Wolfsburg,2,0,1,0
8605,2022,80,2023-04-09,5,Ajaccio,Auxerre,0,3,0,3
8606,2022,80,2023-04-09,5,Lorient,Marseille,0,0,0,0
8607,2022,80,2023-04-09,5,Lyon,Rennes,3,1,0,1
8608,2022,80,2023-04-09,5,Montpellier,Toulouse,1,2,0,1
8609,2022,80,2023-04-09,5,Nantes,Monaco,2,2,0,2
8610,2022,80,2023-04-09,5,Reims,Brest,1,1,0,1
8611,2022,80,2023-04-09,5,Troyes,Clermont,0,2,0,2
8612,2022,109,2023-04-10,2,Barcelona,Girona,0,0,0,0
8613,2022,110,2023-04-14,2,Vallecano,Osasuna,2,1,2,0
8614,2022,95,2023-04-14,3,Cremonese,Empoli,1,0,1,0
8615,2022,95,2023-04-14,3,Spezia,Lazio,0,3,0,1
8616,2022,79,2023-04-14,4,Schalke 04,Hertha,5,2,2,1
8617,2022,81,2023-04-14,5,Toulouse,Lyon,1,2,1,1
8618,2022,90,2023-04-15,1,Aston Villa,Newcastle,3,0,1,0
8619,2022,90,2023-04-15,1,Chelsea,Brighton,1,2,1,1
8620,2022,90,2023-04-15,1,Everton,Fulham,1,3,1,1
8621,2022,90,2023-04-15,1,Man City,Leicester,3,1,3,0
8622,2022,90,2023-04-15,1,Southampton,Crystal Palace,0,2,0,0
8623,2022,90,2023-04-15,1,Tottenham,Bournemouth,2,3,1,1
8624,2022,90,2023-04-15,1,Wolves,Brentford,2,0,1,0
8625,2022,111,2023-04-15,2,Ath Bilbao,Sociedad,2,0,1,0
8626,2022,111,2023-04-15,2,Betis,Espanol,3,1,2,0
8627,2022,111,2023-04-15,2,Cadiz,Real Madrid,0,2,0,0
8628,2022,111,2023-04-15,2,Villarreal,Valladolid,1,2,0,2
8629,2022,96,2023-04-15,3,Bologna,Milan,1,1,1,1
8630,2022,96,2023-04-15,3,Inter,Monza,0,1,0,0
8631,2022,96,2023-04-15,3,Napoli,Verona,0,0,0,0
8632,2022,80,2023-04-15,4,Bayern Munich,Hoffenheim,1,1,1,0
8633,2022,80,2023-04-15,4,Ein Frankfurt,M'gladbach,1,1,0,1
8634,2022,80,2023-04-15,4,FC Koln,Mainz,1,1,0,1
8635,2022,80,2023-04-15,4,RB Leipzig,Augsburg,3,2,3,1
8636,2022,80,2023-04-15,4,Stuttgart,Dortmund,3,3,0,2
8637,2022,82,2023-04-15,5,Paris SG,Lens,3,1,3,0
8638,2022,82,2023-04-15,5,Rennes,Reims,3,0,2,0
8639,2022,91,2023-04-16,1,Nott'm Forest,Man United,0,2,0,1
8640,2022,91,2023-04-16,1,West Ham,Arsenal,2,2,1,2
8641,2022,112,2023-04-16,2,Ath Madrid,Almeria,2,1,2,1
8642,2022,112,2023-04-16,2,Getafe,Barcelona,0,0,0,0
8643,2022,112,2023-04-16,2,Girona,Elche,2,0,1,0
8644,2022,112,2023-04-16,2,Valencia,Sevilla,0,2,0,0
8645,2022,97,2023-04-16,3,Lecce,Sampdoria,1,1,1,0
8646,2022,97,2023-04-16,3,Roma,Udinese,3,0,1,0
8647,2022,97,2023-04-16,3,Sassuolo,Juventus,1,0,0,0
8648,2022,97,2023-04-16,3,Torino,Salernitana,1,1,0,1
8649,2022,81,2023-04-16,4,Union Berlin,Bochum,1,1,1,0
8650,2022,81,2023-04-16,4,Werder Bremen,Freiburg,1,2,0,0
8651,2022,81,2023-04-16,4,Wolfsburg,Leverkusen,0,0,0,0
8652,2022,83,2023-04-16,5,Auxerre,Nantes,2,1,2,0
8653,2022,83,2023-04-16,5,Brest,Nice,1,0,1,0
8654,2022,83,2023-04-16,5,Clermont,Angers,2,1,2,1
8655,2022,83,2023-04-16,5,Lille,Montpellier,2,1,0,1
8656,2022,83,2023-04-16,5,Marseille,Troyes,3,1,2,0
8657,2022,83,2023-04-16,5,Monaco,Lorient,3,1,2,0
8658,2022,83,2023-04-16,5,Strasbourg,Ajaccio,3,1,1,0
8659,2022,92,2023-04-17,1,Leeds,Liverpool,1,6,0,2
8660,2022,113,2023-04-17,2,Celta,Mallorca,0,1,0,1
8661,2022,98,2023-04-17,3,Fiorentina,Atalanta,1,1,0,1
8662,2022,93,2023-04-21,1,Arsenal,Southampton,3,3,1,2
8663,2022,114,2023-04-21,2,Espanol,Cadiz,0,0,0,0
8664,2022,99,2023-04-21,3,Verona,Bologna,2,1,1,0
8665,2022,82,2023-04-21,4,Augsburg,Stuttgart,1,1,1,0
8666,2022,84,2023-04-21,5,Angers,Paris SG,1,2,0,2
8667,2022,94,2023-04-22,1,Brentford,Aston Villa,1,1,0,0
8668,2022,94,2023-04-22,1,Crystal Palace,Everton,0,0,0,0
8669,2022,94,2023-04-22,1,Fulham,Leeds,2,1,0,0
8670,2022,94,2023-04-22,1,Leicester,Wolves,2,1,1,1
8671,2022,94,2023-04-22,1,Liverpool,Nott'm Forest,3,2,0,0
8672,2022,115,2023-04-22,2,Almeria,Ath Bilbao,1,2,0,1
8673,2022,115,2023-04-22,2,Osasuna,Betis,3,2,3,1
8674,2022,115,2023-04-22,2,Real Madrid,Celta,2,0,1,0
8675,2022,115,2023-04-22,2,Sociedad,Vallecano,2,1,0,0
8676,2022,115,2023-04-22,2,Valladolid,Girona,1,0,1,0
8677,2022,100,2023-04-22,3,Lazio,Torino,0,1,0,1
8678,2022,100,2023-04-22,3,Salernitana,Sassuolo,3,0,2,0
8679,2022,100,2023-04-22,3,Sampdoria,Spezia,1,1,1,0
8680,2022,83,2023-04-22,4,Bochum,Wolfsburg,1,5,0,3
8681,2022,83,2023-04-22,4,Dortmund,Ein Frankfurt,4,0,3,0
8682,2022,83,2023-04-22,4,Hertha,Werder Bremen,2,4,0,2
8683,2022,83,2023-04-22,4,Hoffenheim,FC Koln,1,3,0,2
8684,2022,83,2023-04-22,4,Mainz,Bayern Munich,3,1,0,1
8685,2022,85,2023-04-22,5,Auxerre,Lille,1,1,0,1
8686,2022,85,2023-04-22,5,Lens,Monaco,3,0,2,0
8687,2022,95,2023-04-23,1,Bournemouth,West Ham,0,4,0,3
8688,2022,95,2023-04-23,1,Newcastle,Tottenham,6,1,5,0
8689,2022,116,2023-04-23,2,Barcelona,Ath Madrid,1,0,1,0
8690,2022,116,2023-04-23,2,Elche,Valencia,0,2,0,2
8691,2022,116,2023-04-23,2,Mallorca,Getafe,3,1,0,1
8692,2022,116,2023-04-23,2,Sevilla,Villarreal,2,1,1,0
8693,2022,101,2023-04-23,3,Empoli,Inter,0,3,0,0
8694,2022,101,2023-04-23,3,Juventus,Napoli,0,1,0,0
8695,2022,101,2023-04-23,3,Milan,Lecce,2,0,1,0
8696,2022,101,2023-04-23,3,Monza,Fiorentina,3,2,2,2
8697,2022,101,2023-04-23,3,Udinese,Cremonese,3,0,3,0
8698,2022,84,2023-04-23,4,Freiburg,Schalke 04,4,0,2,0
8699,2022,84,2023-04-23,4,Leverkusen,RB Leipzig,2,0,1,0
8700,2022,84,2023-04-23,4,M'gladbach,Union Berlin,0,1,0,0
8701,2022,86,2023-04-23,5,Ajaccio,Brest,0,0,0,0
8702,2022,86,2023-04-23,5,Lorient,Toulouse,0,1,0,0
8703,2022,86,2023-04-23,5,Lyon,Marseille,1,2,0,1
8704,2022,86,2023-04-23,5,Montpellier,Rennes,1,0,0,0
8705,2022,86,2023-04-23,5,Nantes,Troyes,2,2,1,0
8706,2022,86,2023-04-23,5,Nice,Clermont,1,2,1,1
8707,2022,86,2023-04-23,5,Reims,Strasbourg,0,2,0,2
8708,2022,102,2023-04-24,3,Atalanta,Roma,3,1,1,0
8709,2022,96,2023-04-25,1,Aston Villa,Fulham,1,0,1,0
8710,2022,96,2023-04-25,1,Leeds,Leicester,1,1,1,0
8711,2022,96,2023-04-25,1,Wolves,Crystal Palace,2,0,1,0
8712,2022,117,2023-04-25,2,Betis,Sociedad,0,0,0,0
8713,2022,117,2023-04-25,2,Cadiz,Osasuna,0,1,0,0
8714,2022,117,2023-04-25,2,Girona,Real Madrid,4,2,2,1
8715,2022,97,2023-04-26,1,Chelsea,Brentford,0,2,0,1
8716,2022,97,2023-04-26,1,Man City,Arsenal,4,1,2,0
8717,2022,97,2023-04-26,1,Nott'm Forest,Brighton,3,1,1,1
8718,2022,97,2023-04-26,1,West Ham,Liverpool,1,2,1,1
8719,2022,118,2023-04-26,2,Ath Madrid,Mallorca,3,1,1,1
8720,2022,118,2023-04-26,2,Celta,Elche,1,0,0,0
8721,2022,118,2023-04-26,2,Getafe,Almeria,1,2,0,1
8722,2022,118,2023-04-26,2,Vallecano,Barcelona,2,1,1,0
8723,2022,98,2023-04-27,1,Everton,Newcastle,1,4,0,1
8724,2022,98,2023-04-27,1,Southampton,Bournemouth,0,1,0,0
8725,2022,98,2023-04-27,1,Tottenham,Man United,2,2,0,2
8726,2022,119,2023-04-27,2,Ath Bilbao,Sevilla,0,1,0,0
8727,2022,119,2023-04-27,2,Valencia,Valladolid,2,1,0,1
8728,2022,119,2023-04-27,2,Villarreal,Espanol,4,2,0,1
8729,2022,120,2023-04-28,2,Osasuna,Sociedad,0,2,0,1
8730,2022,103,2023-04-28,3,Lecce,Udinese,1,0,0,0
8731,2022,103,2023-04-28,3,Spezia,Monza,0,2,0,1
8732,2022,85,2023-04-28,4,Bochum,Dortmund,1,1,1,1
8733,2022,87,2023-04-28,5,Strasbourg,Lyon,1,2,1,2
8734,2022,99,2023-04-29,1,Brentford,Nott'm Forest,2,1,0,1
8735,2022,99,2023-04-29,1,Brighton,Wolves,6,0,4,0
8736,2022,99,2023-04-29,1,Crystal Palace,West Ham,4,3,3,2
8737,2022,121,2023-04-29,2,Barcelona,Betis,4,0,3,0
8738,2022,121,2023-04-29,2,Elche,Vallecano,4,0,1,0
8739,2022,121,2023-04-29,2,Real Madrid,Almeria,4,2,3,1
8740,2022,104,2023-04-29,3,Roma,Milan,1,1,0,0
8741,2022,104,2023-04-29,3,Torino,Atalanta,1,2,0,1
8742,2022,86,2023-04-29,4,Ein Frankfurt,Augsburg,1,1,1,0
8743,2022,86,2023-04-29,4,FC Koln,Freiburg,0,1,0,0
8744,2022,86,2023-04-29,4,RB Leipzig,Hoffenheim,1,0,1,0
8745,2022,86,2023-04-29,4,Schalke 04,Werder Bremen,2,1,0,1
8746,2022,86,2023-04-29,4,Stuttgart,M'gladbach,2,1,1,0
8747,2022,86,2023-04-29,4,Union Berlin,Leverkusen,0,0,0,0
8748,2022,88,2023-04-29,5,Lille,Ajaccio,3,0,3,0
8749,2022,100,2023-04-30,1,Bournemouth,Leeds,4,1,2,1
8750,2022,100,2023-04-30,1,Fulham,Man City,1,2,1,2
8751,2022,100,2023-04-30,1,Liverpool,Tottenham,4,3,3,1
8752,2022,100,2023-04-30,1,Man United,Aston Villa,1,0,1,0
8753,2022,100,2023-04-30,1,Newcastle,Southampton,3,1,0,1
8754,2022,122,2023-04-30,2,Cadiz,Valencia,2,1,1,0
8755,2022,122,2023-04-30,2,Espanol,Getafe,1,0,1,0
8756,2022,122,2023-04-30,2,Valladolid,Ath Madrid,2,5,1,3
8757,2022,122,2023-04-30,2,Villarreal,Celta,3,1,2,1
8758,2022,105,2023-04-30,3,Bologna,Juventus,1,1,1,0
8759,2022,105,2023-04-30,3,Cremonese,Verona,1,1,1,0
8760,2022,105,2023-04-30,3,Fiorentina,Sampdoria,5,0,1,0
8761,2022,105,2023-04-30,3,Inter,Lazio,3,1,0,1
8762,2022,105,2023-04-30,3,Napoli,Salernitana,1,1,0,0
8763,2022,105,2023-04-30,3,Sassuolo,Empoli,2,1,0,1
8764,2022,87,2023-04-30,4,Bayern Munich,Hertha,2,0,0,0
8765,2022,87,2023-04-30,4,Wolfsburg,Mainz,3,0,3,0
8766,2022,89,2023-04-30,5,Clermont,Reims,1,0,1,0
8767,2022,89,2023-04-30,5,Marseille,Auxerre,2,1,0,1
8768,2022,89,2023-04-30,5,Monaco,Montpellier,0,4,0,1
8769,2022,89,2023-04-30,5,Paris SG,Lorient,1,3,1,2
8770,2022,89,2023-04-30,5,Rennes,Angers,4,2,2,2
8771,2022,89,2023-04-30,5,Troyes,Nice,0,1,0,1
8772,2022,101,2023-05-01,1,Leicester,Everton,2,2,2,1
8773,2022,123,2023-05-01,2,Mallorca,Ath Bilbao,1,1,0,0
8774,2022,123,2023-05-01,2,Sevilla,Girona,0,2,0,1
8775,2022,102,2023-05-02,1,Arsenal,Chelsea,3,1,3,0
8776,2022,124,2023-05-02,2,Almeria,Elche,2,1,1,0
8777,2022,124,2023-05-02,2,Barcelona,Osasuna,1,0,0,0
8778,2022,124,2023-05-02,2,Sociedad,Real Madrid,2,0,0,0
8779,2022,90,2023-05-02,5,Toulouse,Lens,0,1,0,1
8780,2022,103,2023-05-03,1,Liverpool,Fulham,1,0,1,0
8781,2022,103,2023-05-03,1,Man City,West Ham,3,0,0,0
8782,2022,125,2023-05-03,2,Ath Madrid,Cadiz,5,1,2,0
8783,2022,125,2023-05-03,2,Getafe,Celta,1,0,1,0
8784,2022,125,2023-05-03,2,Valencia,Villarreal,1,1,0,0
8785,2022,106,2023-05-03,3,Atalanta,Spezia,3,2,1,1
8786,2022,106,2023-05-03,3,Juventus,Lecce,2,1,2,1
8787,2022,106,2023-05-03,3,Lazio,Sassuolo,2,0,1,0
8788,2022,106,2023-05-03,3,Milan,Cremonese,1,1,0,0
8789,2022,106,2023-05-03,3,Monza,Roma,1,1,1,1
8790,2022,106,2023-05-03,3,Salernitana,Fiorentina,3,3,1,1
8791,2022,106,2023-05-03,3,Sampdoria,Torino,0,2,0,1
8792,2022,106,2023-05-03,3,Verona,Inter,0,6,0,3
8793,2022,91,2023-05-03,5,Brest,Nantes,2,0,2,0
8794,2022,104,2023-05-04,1,Brighton,Man United,1,0,0,0
8795,2022,126,2023-05-04,2,Ath Bilbao,Betis,0,1,0,1
8796,2022,126,2023-05-04,2,Girona,Mallorca,2,1,1,0
8797,2022,126,2023-05-04,2,Sevilla,Espanol,3,2,1,2
8798,2022,126,2023-05-04,2,Vallecano,Valladolid,2,1,0,0
8799,2022,107,2023-05-04,3,Empoli,Bologna,3,1,2,0
8800,2022,107,2023-05-04,3,Udinese,Napoli,1,1,1,0
8801,2022,88,2023-05-05,4,Leverkusen,FC Koln,1,2,1,2
8802,2022,88,2023-05-05,4,Mainz,Schalke 04,2,3,0,1
8803,2022,105,2023-05-06,1,Bournemouth,Chelsea,1,3,1,1
8804,2022,105,2023-05-06,1,Liverpool,Brentford,1,0,1,0
8805,2022,105,2023-05-06,1,Man City,Leeds,2,1,2,0
8806,2022,105,2023-05-06,1,Tottenham,Crystal Palace,1,0,1,0
8807,2022,105,2023-05-06,1,Wolves,Aston Villa,1,0,1,0
8808,2022,108,2023-05-06,3,Cremonese,Spezia,2,0,1,0
8809,2022,108,2023-05-06,3,Milan,Lazio,2,0,2,0
8810,2022,108,2023-05-06,3,Roma,Inter,0,2,0,1
8811,2022,89,2023-05-06,4,Augsburg,Union Berlin,1,0,0,0
8812,2022,89,2023-05-06,4,Freiburg,RB Leipzig,0,1,0,0
8813,2022,89,2023-05-06,4,Hertha,Stuttgart,2,1,2,1
8814,2022,89,2023-05-06,4,Hoffenheim,Ein Frankfurt,3,1,3,0
8815,2022,89,2023-05-06,4,M'gladbach,Bochum,2,0,1,0
8816,2022,89,2023-05-06,4,Werder Bremen,Bayern Munich,1,2,0,0
8817,2022,92,2023-05-06,5,Lens,Marseille,2,1,1,0
8818,2022,92,2023-05-06,5,Nice,Rennes,2,1,0,0
8819,2022,92,2023-05-06,5,Reims,Lille,1,0,1,0
8820,2022,106,2023-05-07,1,Newcastle,Arsenal,0,2,0,1
8821,2022,106,2023-05-07,1,West Ham,Man United,1,0,1,0
8822,2022,109,2023-05-07,3,Atalanta,Juventus,0,2,0,0
8823,2022,109,2023-05-07,3,Lecce,Verona,0,1,0,0
8824,2022,109,2023-05-07,3,Napoli,Fiorentina,1,0,0,0
8825,2022,109,2023-05-07,3,Torino,Monza,1,1,0,0
8826,2022,90,2023-05-07,4,Dortmund,Wolfsburg,6,0,3,0
8827,2022,93,2023-05-07,5,Ajaccio,Toulouse,0,0,0,0
8828,2022,93,2023-05-07,5,Angers,Monaco,1,2,0,1
8829,2022,93,2023-05-07,5,Auxerre,Clermont,1,1,1,0
8830,2022,93,2023-05-07,5,Lorient,Brest,2,1,1,0
8831,2022,93,2023-05-07,5,Lyon,Montpellier,5,4,1,2
8832,2022,93,2023-05-07,5,Nantes,Strasbourg,0,2,0,1
8833,2022,93,2023-05-07,5,Troyes,Paris SG,1,3,0,1
8834,2022,107,2023-05-08,1,Brighton,Everton,1,5,0,3
8835,2022,107,2023-05-08,1,Fulham,Leicester,5,3,3,0
8836,2022,107,2023-05-08,1,Nott'm Forest,Southampton,4,3,3,1
8837,2022,110,2023-05-08,3,Empoli,Salernitana,2,1,1,0
8838,2022,110,2023-05-08,3,Sassuolo,Bologna,1,1,1,1
8839,2022,110,2023-05-08,3,Udinese,Sampdoria,2,0,2,0
8840,2022,127,2023-05-12,2,Mallorca,Cadiz,1,0,1,0
8841,2022,111,2023-05-12,3,Lazio,Lecce,2,2,1,1
8842,2022,91,2023-05-12,4,FC Koln,Hertha,5,2,3,2
8843,2022,94,2023-05-12,5,Lens,Reims,2,1,1,1
8844,2022,108,2023-05-13,1,Aston Villa,Tottenham,2,1,1,0
8845,2022,108,2023-05-13,1,Chelsea,Nott'm Forest,2,2,0,1
8846,2022,108,2023-05-13,1,Crystal Palace,Bournemouth,2,0,1,0
8847,2022,108,2023-05-13,1,Leeds,Newcastle,2,2,1,1
8848,2022,108,2023-05-13,1,Man United,Wolves,2,0,1,0
8849,2022,108,2023-05-13,1,Southampton,Fulham,0,2,0,0
8850,2022,128,2023-05-13,2,Osasuna,Almeria,3,1,0,0
8851,2022,128,2023-05-13,2,Real Madrid,Getafe,1,0,0,0
8852,2022,128,2023-05-13,2,Sociedad,Girona,2,2,2,2
8853,2022,128,2023-05-13,2,Villarreal,Ath Bilbao,5,1,2,1
8854,2022,112,2023-05-13,3,Inter,Sassuolo,4,2,1,0
8855,2022,112,2023-05-13,3,Salernitana,Atalanta,1,0,0,0
8856,2022,112,2023-05-13,3,Spezia,Milan,2,0,0,0
8857,2022,92,2023-05-13,4,Bayern Munich,Schalke 04,6,0,2,0
8858,2022,92,2023-05-13,4,Bochum,Augsburg,3,2,1,1
8859,2022,92,2023-05-13,4,Dortmund,M'gladbach,5,2,4,0
8860,2022,92,2023-05-13,4,Ein Frankfurt,Mainz,3,0,2,0
8861,2022,92,2023-05-13,4,Union Berlin,Freiburg,4,2,3,0
8862,2022,92,2023-05-13,4,Wolfsburg,Hoffenheim,2,1,1,0
8863,2022,95,2023-05-13,5,Paris SG,Ajaccio,5,0,2,0
8864,2022,95,2023-05-13,5,Strasbourg,Nice,2,0,1,0
8865,2022,109,2023-05-14,1,Arsenal,Brighton,0,3,0,0
8866,2022,109,2023-05-14,1,Brentford,West Ham,2,0,2,0
8867,2022,109,2023-05-14,1,Everton,Man City,0,3,0,2
8868,2022,129,2023-05-14,2,Celta,Valencia,1,2,0,1
8869,2022,129,2023-05-14,2,Elche,Ath Madrid,1,0,1,0
8870,2022,129,2023-05-14,2,Espanol,Barcelona,2,4,0,3
8871,2022,129,2023-05-14,2,Valladolid,Sevilla,0,3,0,0
8872,2022,113,2023-05-14,3,Bologna,Roma,0,0,0,0
8873,2022,113,2023-05-14,3,Fiorentina,Udinese,2,0,1,0
8874,2022,113,2023-05-14,3,Juventus,Cremonese,2,0,0,0
8875,2022,113,2023-05-14,3,Monza,Napoli,2,0,1,0
8876,2022,113,2023-05-14,3,Verona,Torino,0,1,0,1
8877,2022,93,2023-05-14,4,RB Leipzig,Werder Bremen,2,1,0,0
8878,2022,93,2023-05-14,4,Stuttgart,Leverkusen,1,1,0,0
8879,2022,96,2023-05-14,5,Brest,Auxerre,1,0,0,0
8880,2022,96,2023-05-14,5,Clermont,Lyon,2,1,1,1
8881,2022,96,2023-05-14,5,Marseille,Angers,3,1,1,1
8882,2022,96,2023-05-14,5,Monaco,Lille,0,0,0,0
8883,2022,96,2023-05-14,5,Montpellier,Lorient,1,1,0,0
8884,2022,96,2023-05-14,5,Rennes,Troyes,4,0,1,0
8885,2022,96,2023-05-14,5,Toulouse,Nantes,0,0,0,0
8886,2022,110,2023-05-15,1,Leicester,Liverpool,0,3,0,2
8887,2022,130,2023-05-15,2,Betis,Vallecano,3,1,2,0
8888,2022,114,2023-05-15,3,Sampdoria,Empoli,1,1,1,0
8889,2022,111,2023-05-18,1,Newcastle,Brighton,4,1,2,0
8890,2022,131,2023-05-19,2,Cadiz,Valladolid,2,0,0,0
8891,2022,115,2023-05-19,3,Sassuolo,Monza,1,2,1,0
8892,2022,94,2023-05-19,4,Freiburg,Wolfsburg,2,0,0,0
8893,2022,97,2023-05-19,5,Lyon,Monaco,3,1,1,1
8894,2022,112,2023-05-20,1,Bournemouth,Man United,0,1,0,1
8895,2022,112,2023-05-20,1,Fulham,Crystal Palace,2,2,1,1
8896,2022,112,2023-05-20,1,Liverpool,Aston Villa,1,1,0,1
8897,2022,112,2023-05-20,1,Nott'm Forest,Arsenal,1,0,1,0
8898,2022,112,2023-05-20,1,Tottenham,Brentford,1,3,1,0
8899,2022,112,2023-05-20,1,Wolves,Everton,1,1,1,0
8900,2022,132,2023-05-20,2,Almeria,Mallorca,3,0,2,0
8901,2022,132,2023-05-20,2,Ath Bilbao,Celta,2,1,1,0
8902,2022,132,2023-05-20,2,Barcelona,Sociedad,1,2,0,1
8903,2022,132,2023-05-20,2,Getafe,Elche,1,1,1,1
8904,2022,132,2023-05-20,2,Girona,Villarreal,1,2,1,1
8905,2022,116,2023-05-20,3,Atalanta,Verona,3,1,1,1
8906,2022,116,2023-05-20,3,Cremonese,Bologna,1,5,0,3
8907,2022,116,2023-05-20,3,Milan,Sampdoria,5,1,3,1
8908,2022,95,2023-05-20,4,Bayern Munich,RB Leipzig,1,3,1,0
8909,2022,95,2023-05-20,4,Hertha,Bochum,1,1,0,0
8910,2022,95,2023-05-20,4,Hoffenheim,Union Berlin,4,2,2,1
8911,2022,95,2023-05-20,4,Schalke 04,Ein Frankfurt,2,2,1,1
8912,2022,95,2023-05-20,4,Werder Bremen,FC Koln,1,1,0,1
8913,2022,98,2023-05-20,5,Lille,Marseille,2,1,0,1
8914,2022,98,2023-05-20,5,Nantes,Montpellier,0,3,0,1
8915,2022,113,2023-05-21,1,Brighton,Southampton,3,1,2,0
8916,2022,113,2023-05-21,1,Man City,Chelsea,1,0,1,0
8917,2022,113,2023-05-21,1,West Ham,Leeds,3,1,1,1
8918,2022,133,2023-05-21,2,Ath Madrid,Osasuna,3,0,1,0
8919,2022,133,2023-05-21,2,Sevilla,Betis,0,0,0,0
8920,2022,133,2023-05-21,2,Valencia,Real Madrid,1,0,1,0
8921,2022,133,2023-05-21,2,Vallecano,Espanol,1,2,1,1
8922,2022,117,2023-05-21,3,Lecce,Spezia,0,0,0,0
8923,2022,117,2023-05-21,3,Napoli,Inter,3,1,0,0
8924,2022,117,2023-05-21,3,Torino,Fiorentina,1,1,0,0
8925,2022,117,2023-05-21,3,Udinese,Lazio,0,1,0,0
8926,2022,96,2023-05-21,4,Augsburg,Dortmund,0,3,0,0
8927,2022,96,2023-05-21,4,Leverkusen,M'gladbach,2,2,2,0
8928,2022,96,2023-05-21,4,Mainz,Stuttgart,1,4,1,1
8929,2022,99,2023-05-21,5,Ajaccio,Rennes,0,5,0,4
8930,2022,99,2023-05-21,5,Auxerre,Paris SG,1,2,0,2
8931,2022,99,2023-05-21,5,Brest,Clermont,2,1,1,1
8932,2022,99,2023-05-21,5,Lorient,Lens,1,3,1,2
8933,2022,99,2023-05-21,5,Nice,Toulouse,0,0,0,0
8934,2022,99,2023-05-21,5,Reims,Angers,2,2,1,0
8935,2022,99,2023-05-21,5,Troyes,Strasbourg,1,1,0,1
8936,2022,114,2023-05-22,1,Newcastle,Leicester,0,0,0,0
8937,2022,118,2023-05-22,3,Empoli,Juventus,4,1,2,0
8938,2022,118,2023-05-22,3,Roma,Salernitana,2,2,0,1
8939,2022,134,2023-05-23,2,Celta,Girona,1,1,1,0
8940,2022,134,2023-05-23,2,Sociedad,Almeria,1,0,1,0
8941,2022,134,2023-05-23,2,Valladolid,Barcelona,3,1,2,0
8942,2022,115,2023-05-24,1,Brighton,Man City,1,1,1,1
8943,2022,135,2023-05-24,2,Betis,Getafe,0,1,0,0
8944,2022,135,2023-05-24,2,Elche,Sevilla,1,1,1,1
8945,2022,135,2023-05-24,2,Espanol,Ath Madrid,3,3,0,2
8946,2022,135,2023-05-24,2,Real Madrid,Vallecano,2,1,1,0
8947,2022,135,2023-05-24,2,Villarreal,Cadiz,2,0,2,0
8948,2022,116,2023-05-25,1,Man United,Chelsea,4,1,2,0
8949,2022,136,2023-05-25,2,Mallorca,Valencia,1,0,0,0
8950,2022,136,2023-05-25,2,Osasuna,Ath Bilbao,2,0,0,0
8951,2022,119,2023-05-26,3,Sampdoria,Sassuolo,2,2,1,2
8952,2022,137,2023-05-27,2,Sevilla,Real Madrid,1,2,1,1
8953,2022,120,2023-05-27,3,Fiorentina,Roma,2,1,0,1
8954,2022,120,2023-05-27,3,Inter,Atalanta,3,2,2,1
8955,2022,120,2023-05-27,3,Salernitana,Udinese,3,2,1,2
8956,2022,120,2023-05-27,3,Spezia,Torino,0,4,0,1
8957,2022,97,2023-05-27,4,Bochum,Leverkusen,3,0,2,0
8958,2022,97,2023-05-27,4,Dortmund,Mainz,2,2,0,2
8959,2022,97,2023-05-27,4,Ein Frankfurt,Freiburg,2,1,0,1
8960,2022,97,2023-05-27,4,FC Koln,Bayern Munich,1,2,0,1
8961,2022,97,2023-05-27,4,M'gladbach,Augsburg,2,0,2,0
8962,2022,97,2023-05-27,4,RB Leipzig,Schalke 04,4,2,2,1
8963,2022,97,2023-05-27,4,Stuttgart,Hoffenheim,1,1,0,0
8964,2022,97,2023-05-27,4,Union Berlin,Werder Bremen,1,0,0,0
8965,2022,97,2023-05-27,4,Wolfsburg,Hertha,1,2,1,0
8966,2022,100,2023-05-27,5,Angers,Troyes,2,1,1,1
8967,2022,100,2023-05-27,5,Clermont,Lorient,2,0,1,0
8968,2022,100,2023-05-27,5,Lens,Ajaccio,3,0,3,0
8969,2022,100,2023-05-27,5,Lille,Nantes,2,1,0,1
8970,2022,100,2023-05-27,5,Lyon,Reims,3,0,2,0
8971,2022,100,2023-05-27,5,Marseille,Brest,1,2,0,0
8972,2022,100,2023-05-27,5,Montpellier,Nice,2,3,2,0
8973,2022,100,2023-05-27,5,Rennes,Monaco,2,0,0,0
8974,2022,100,2023-05-27,5,Strasbourg,Paris SG,1,1,0,0
8975,2022,100,2023-05-27,5,Toulouse,Auxerre,1,1,1,1
8976,2022,117,2023-05-28,1,Arsenal,Wolves,5,0,3,0
8977,2022,117,2023-05-28,1,Aston Villa,Brighton,2,1,2,1
8978,2022,117,2023-05-28,1,Brentford,Man City,1,0,0,0
8979,2022,117,2023-05-28,1,Chelsea,Newcastle,1,1,1,1
8980,2022,117,2023-05-28,1,Crystal Palace,Nott'm Forest,1,1,0,1
8981,2022,117,2023-05-28,1,Everton,Bournemouth,1,0,0,0
8982,2022,117,2023-05-28,1,Leeds,Tottenham,1,4,0,1
8983,2022,117,2023-05-28,1,Leicester,West Ham,2,1,1,0
8984,2022,117,2023-05-28,1,Man United,Fulham,2,1,1,1
8985,2022,117,2023-05-28,1,Southampton,Liverpool,4,4,2,2
8986,2022,138,2023-05-28,2,Almeria,Valladolid,0,0,0,0
8987,2022,138,2023-05-28,2,Ath Bilbao,Elche,0,1,0,0
8988,2022,138,2023-05-28,2,Ath Madrid,Sociedad,2,1,1,0
8989,2022,138,2023-05-28,2,Barcelona,Mallorca,3,0,2,0
8990,2022,138,2023-05-28,2,Cadiz,Celta,1,0,0,0
8991,2022,138,2023-05-28,2,Getafe,Osasuna,2,1,1,1
8992,2022,138,2023-05-28,2,Girona,Betis,1,2,1,0
8993,2022,138,2023-05-28,2,Valencia,Espanol,2,2,1,1
8994,2022,138,2023-05-28,2,Vallecano,Villarreal,2,1,0,0
8995,2022,121,2023-05-28,3,Bologna,Napoli,2,2,0,1
8996,2022,121,2023-05-28,3,Juventus,Milan,0,1,0,1
8997,2022,121,2023-05-28,3,Lazio,Cremonese,3,2,2,0
8998,2022,121,2023-05-28,3,Monza,Lecce,0,1,0,0
8999,2022,121,2023-05-28,3,Verona,Empoli,1,1,0,0
9000,2022,122,2023-06-02,3,Sassuolo,Fiorentina,1,3,0,0
9001,2022,123,2023-06-03,3,Cremonese,Salernitana,2,0,1,0
9002,2022,123,2023-06-03,3,Empoli,Lazio,0,2,0,0
9003,2022,123,2023-06-03,3,Torino,Inter,0,1,0,1
9004,2022,101,2023-06-03,5,Ajaccio,Marseille,1,0,0,0
9005,2022,101,2023-06-03,5,Auxerre,Lens,1,3,0,1
9006,2022,101,2023-06-03,5,Brest,Rennes,1,2,1,2
9007,2022,101,2023-06-03,5,Lorient,Strasbourg,2,1,2,0
9008,2022,101,2023-06-03,5,Monaco,Toulouse,1,2,0,0
9009,2022,101,2023-06-03,5,Nantes,Angers,1,0,1,0
9010,2022,101,2023-06-03,5,Nice,Lyon,3,1,3,1
9011,2022,101,2023-06-03,5,Paris SG,Clermont,2,3,2,2
9012,2022,101,2023-06-03,5,Reims,Montpellier,1,3,1,0
9013,2022,101,2023-06-03,5,Troyes,Lille,1,1,0,0
9014,2022,139,2023-06-04,2,Betis,Valencia,1,1,1,0
9015,2022,139,2023-06-04,2,Celta,Barcelona,2,1,1,0
9016,2022,139,2023-06-04,2,Elche,Cadiz,1,1,0,1
9017,2022,139,2023-06-04,2,Espanol,Almeria,3,3,1,1
9018,2022,139,2023-06-04,2,Mallorca,Vallecano,3,0,0,0
9019,2022,139,2023-06-04,2,Osasuna,Girona,2,1,0,0
9020,2022,139,2023-06-04,2,Real Madrid,Ath Bilbao,1,1,0,0
9021,2022,139,2023-06-04,2,Sociedad,Sevilla,2,1,1,0
9022,2022,139,2023-06-04,2,Valladolid,Getafe,0,0,0,0
9023,2022,139,2023-06-04,2,Villarreal,Ath Madrid,2,2,1,1
9024,2022,124,2023-06-04,3,Atalanta,Monza,5,2,2,0
9025,2022,124,2023-06-04,3,Lecce,Bologna,2,3,1,0
9026,2022,124,2023-06-04,3,Milan,Verona,3,1,1,0
9027,2022,124,2023-06-04,3,Napoli,Sampdoria,2,0,0,0
9028,2022,124,2023-06-04,3,Roma,Spezia,2,1,1,1
9029,2022,124,2023-06-04,3,Udinese,Juventus,0,1,0,0
9030,2023,1,2023-08-11,1,Burnley,Man City,0,3,0,2
9031,2023,1,2023-08-11,2,Almeria,Vallecano,0,2,0,2
9032,2023,1,2023-08-11,2,Sevilla,Valencia,1,2,0,0
9033,2023,1,2023-08-11,5,Nice,Lille,1,1,1,0
9034,2023,2,2023-08-12,1,Arsenal,Nott'm Forest,2,1,2,0
9035,2023,2,2023-08-12,1,Bournemouth,West Ham,1,1,0,0
9036,2023,2,2023-08-12,1,Brighton,Luton,4,1,1,0
9037,2023,2,2023-08-12,1,Everton,Fulham,0,1,0,0
9038,2023,2,2023-08-12,1,Newcastle,Aston Villa,5,1,2,1
9039,2023,2,2023-08-12,1,Sheffield United,Crystal Palace,0,1,0,0
9040,2023,2,2023-08-12,2,Ath Bilbao,Real Madrid,0,2,0,2
9041,2023,2,2023-08-12,2,Las Palmas,Mallorca,1,1,1,0
9042,2023,2,2023-08-12,2,Sociedad,Girona,1,1,1,0
9043,2023,2,2023-08-12,5,Marseille,Reims,2,1,1,1
9044,2023,2,2023-08-12,5,Paris SG,Lorient,0,0,0,0
9045,2023,3,2023-08-13,1,Brentford,Tottenham,2,2,2,2
9046,2023,3,2023-08-13,1,Chelsea,Liverpool,1,1,1,1
9047,2023,3,2023-08-13,2,Celta,Osasuna,0,2,0,1
9048,2023,3,2023-08-13,2,Getafe,Barcelona,0,0,0,0
9049,2023,3,2023-08-13,2,Villarreal,Betis,1,2,0,1
9050,2023,3,2023-08-13,5,Brest,Lens,3,2,1,2
9051,2023,3,2023-08-13,5,Clermont,Monaco,2,4,1,2
9052,2023,3,2023-08-13,5,Montpellier,Le Havre,2,2,0,1
9053,2023,3,2023-08-13,5,Nantes,Toulouse,1,2,1,0
9054,2023,3,2023-08-13,5,Rennes,Metz,5,1,1,1
9055,2023,3,2023-08-13,5,Strasbourg,Lyon,2,1,0,0
9056,2023,4,2023-08-14,1,Man United,Wolves,1,0,0,0
9057,2023,4,2023-08-14,2,Ath Madrid,Granada,3,1,1,0
9058,2023,4,2023-08-14,2,Cadiz,Alaves,1,0,1,0
9059,2023,5,2023-08-18,1,Nott'm Forest,Sheffield United,2,1,1,0
9060,2023,5,2023-08-18,2,Mallorca,Villarreal,0,1,0,0
9061,2023,5,2023-08-18,2,Valencia,Las Palmas,1,0,0,0
9062,2023,1,2023-08-18,4,Werder Bremen,Bayern Munich,0,4,0,1
9063,2023,4,2023-08-18,5,Metz,Marseille,2,2,0,1
9064,2023,6,2023-08-19,1,Fulham,Brentford,0,3,0,1
9065,2023,6,2023-08-19,1,Liverpool,Bournemouth,3,1,2,1
9066,2023,6,2023-08-19,1,Man City,Newcastle,1,0,1,0
9067,2023,6,2023-08-19,1,Tottenham,Man United,2,0,0,0
9068,2023,6,2023-08-19,1,Wolves,Brighton,1,4,0,1
9069,2023,6,2023-08-19,2,Almeria,Real Madrid,1,3,1,1
9070,2023,6,2023-08-19,2,Osasuna,Ath Bilbao,0,2,0,2
9071,2023,6,2023-08-19,2,Sociedad,Celta,1,1,1,0
9072,2023,1,2023-08-19,3,Empoli,Verona,0,1,0,0
9073,2023,1,2023-08-19,3,Frosinone,Napoli,1,3,1,2
9074,2023,1,2023-08-19,3,Genoa,Fiorentina,1,4,0,3
9075,2023,1,2023-08-19,3,Inter,Monza,2,0,1,0
9076,2023,2,2023-08-19,4,Augsburg,M'gladbach,4,4,3,3
9077,2023,2,2023-08-19,4,Dortmund,FC Koln,1,0,0,0
9078,2023,2,2023-08-19,4,Hoffenheim,Freiburg,1,2,0,2
9079,2023,2,2023-08-19,4,Leverkusen,RB Leipzig,3,2,2,1
9080,2023,2,2023-08-19,4,Stuttgart,Bochum,5,0,2,0
9081,2023,2,2023-08-19,4,Wolfsburg,Heidenheim,2,0,2,0
9082,2023,5,2023-08-19,5,Lyon,Montpellier,1,4,0,2
9083,2023,5,2023-08-19,5,Toulouse,Paris SG,1,1,0,0
9084,2023,7,2023-08-20,1,Aston Villa,Everton,4,0,2,0
9085,2023,7,2023-08-20,1,West Ham,Chelsea,3,1,1,1
9086,2023,7,2023-08-20,2,Barcelona,Cadiz,2,0,0,0
9087,2023,7,2023-08-20,2,Betis,Ath Madrid,0,0,0,0
9088,2023,7,2023-08-20,2,Girona,Getafe,3,0,1,0
9089,2023,2,2023-08-20,3,Lecce,Lazio,2,1,0,1
9090,2023,2,2023-08-20,3,Roma,Salernitana,2,2,1,1
9091,2023,2,2023-08-20,3,Sassuolo,Atalanta,0,2,0,0
9092,2023,2,2023-08-20,3,Udinese,Juventus,0,3,0,3
9093,2023,3,2023-08-20,4,Ein Frankfurt,Darmstadt,1,0,1,0
9094,2023,3,2023-08-20,4,Union Berlin,Mainz,4,1,2,0
9095,2023,6,2023-08-20,5,Le Havre,Brest,1,2,0,1
9096,2023,6,2023-08-20,5,Lens,Rennes,1,1,1,0
9097,2023,6,2023-08-20,5,Lille,Nantes,2,0,0,0
9098,2023,6,2023-08-20,5,Lorient,Nice,1,1,0,0
9099,2023,6,2023-08-20,5,Monaco,Strasbourg,3,0,2,0
9100,2023,6,2023-08-20,5,Reims,Clermont,2,0,1,0
9101,2023,8,2023-08-21,1,Crystal Palace,Arsenal,0,1,0,0
9102,2023,8,2023-08-21,2,Alaves,Sevilla,4,3,2,2
9103,2023,8,2023-08-21,2,Granada,Vallecano,0,2,0,0
9104,2023,3,2023-08-21,3,Bologna,Milan,0,2,0,2
9105,2023,3,2023-08-21,3,Torino,Cagliari,0,0,0,0
9106,2023,9,2023-08-25,1,Chelsea,Luton,3,0,1,0
9107,2023,9,2023-08-25,2,Celta,Real Madrid,0,1,0,0
9108,2023,9,2023-08-25,2,Las Palmas,Sociedad,0,0,0,0
9109,2023,4,2023-08-25,4,RB Leipzig,Stuttgart,5,1,0,1
9110,2023,7,2023-08-25,5,Nantes,Monaco,3,3,2,1
9111,2023,10,2023-08-26,1,Arsenal,Fulham,2,2,0,1
9112,2023,10,2023-08-26,1,Bournemouth,Tottenham,0,2,0,1
9113,2023,10,2023-08-26,1,Brentford,Crystal Palace,1,1,1,0
9114,2023,10,2023-08-26,1,Brighton,West Ham,1,3,0,1
9115,2023,10,2023-08-26,1,Everton,Wolves,0,1,0,0
9116,2023,10,2023-08-26,1,Man United,Nott'm Forest,3,2,1,2
9117,2023,10,2023-08-26,2,Cadiz,Almeria,1,1,0,0
9118,2023,10,2023-08-26,2,Granada,Mallorca,3,2,1,1
9119,2023,10,2023-08-26,2,Sevilla,Girona,1,2,1,1
9120,2023,4,2023-08-26,3,Frosinone,Atalanta,2,1,2,0
9121,2023,4,2023-08-26,3,Milan,Torino,4,1,3,1
9122,2023,4,2023-08-26,3,Monza,Empoli,2,0,1,0
9123,2023,4,2023-08-26,3,Verona,Roma,2,1,2,0
9124,2023,5,2023-08-26,4,Bochum,Dortmund,1,1,1,0
9125,2023,5,2023-08-26,4,Darmstadt,Union Berlin,1,4,1,3
9126,2023,5,2023-08-26,4,FC Koln,Wolfsburg,1,2,0,0
9127,2023,5,2023-08-26,4,Freiburg,Werder Bremen,1,0,0,0
9128,2023,5,2023-08-26,4,Heidenheim,Hoffenheim,2,3,1,0
9129,2023,5,2023-08-26,4,M'gladbach,Leverkusen,0,3,0,2
9130,2023,8,2023-08-26,5,Marseille,Brest,2,0,1,0
9131,2023,8,2023-08-26,5,Paris SG,Lens,3,1,1,0
9132,2023,11,2023-08-27,1,Burnley,Aston Villa,1,3,0,2
9133,2023,11,2023-08-27,1,Newcastle,Liverpool,1,2,1,0
9134,2023,11,2023-08-27,1,Sheffield United,Man City,1,2,0,0
9135,2023,11,2023-08-27,2,Ath Bilbao,Betis,4,2,3,2
9136,2023,11,2023-08-27,2,Valencia,Osasuna,1,2,0,1
9137,2023,11,2023-08-27,2,Villarreal,Barcelona,3,4,2,2
9138,2023,5,2023-08-27,3,Fiorentina,Lecce,2,2,2,0
9139,2023,5,2023-08-27,3,Juventus,Bologna,1,1,0,1
9140,2023,5,2023-08-27,3,Lazio,Genoa,0,1,0,1
9141,2023,5,2023-08-27,3,Napoli,Sassuolo,2,0,1,0
9142,2023,6,2023-08-27,4,Bayern Munich,Augsburg,3,1,2,0
9143,2023,6,2023-08-27,4,Mainz,Ein Frankfurt,1,1,1,0
9144,2023,9,2023-08-27,5,Clermont,Metz,0,1,0,0
9145,2023,9,2023-08-27,5,Lorient,Lille,4,1,2,0
9146,2023,9,2023-08-27,5,Montpellier,Reims,1,3,1,2
9147,2023,9,2023-08-27,5,Nice,Lyon,0,0,0,0
9148,2023,9,2023-08-27,5,Rennes,Le Havre,2,2,2,1
9149,2023,9,2023-08-27,5,Strasbourg,Toulouse,2,0,0,0
9150,2023,12,2023-08-28,2,Getafe,Alaves,1,0,0,0
9151,2023,12,2023-08-28,2,Vallecano,Ath Madrid,0,7,0,3
9152,2023,6,2023-08-28,3,Cagliari,Inter,0,2,0,2
9153,2023,6,2023-08-28,3,Salernitana,Udinese,1,1,0,0
9154,2023,12,2023-09-01,1,Luton,West Ham,1,2,0,1
9155,2023,13,2023-09-01,2,Almeria,Celta,2,3,0,2
9156,2023,13,2023-09-01,2,Cadiz,Villarreal,3,1,2,1
9157,2023,7,2023-09-01,3,Roma,Milan,1,2,0,1
9158,2023,7,2023-09-01,3,Sassuolo,Verona,3,1,1,0
9159,2023,7,2023-09-01,4,Dortmund,Heidenheim,2,2,2,0
9160,2023,10,2023-09-01,5,Nantes,Marseille,1,1,1,1
9161,2023,13,2023-09-02,1,Brentford,Bournemouth,2,2,1,1
9162,2023,13,2023-09-02,1,Brighton,Newcastle,3,1,1,0
9163,2023,13,2023-09-02,1,Burnley,Tottenham,2,5,1,2
9164,2023,13,2023-09-02,1,Chelsea,Nott'm Forest,0,1,0,0
9165,2023,13,2023-09-02,1,Man City,Fulham,5,1,2,1
9166,2023,13,2023-09-02,1,Sheffield United,Everton,2,2,2,1
9167,2023,14,2023-09-02,2,Alaves,Valencia,1,0,1,0
9168,2023,14,2023-09-02,2,Betis,Vallecano,1,0,0,0
9169,2023,14,2023-09-02,2,Real Madrid,Getafe,2,1,0,1
9170,2023,14,2023-09-02,2,Sociedad,Granada,5,3,2,1
9171,2023,8,2023-09-02,3,Atalanta,Monza,3,0,2,0
9172,2023,8,2023-09-02,3,Bologna,Cagliari,2,1,0,1
9173,2023,8,2023-09-02,3,Napoli,Lazio,1,2,1,1
9174,2023,8,2023-09-02,3,Udinese,Frosinone,0,0,0,0
9175,2023,8,2023-09-02,4,Augsburg,Bochum,2,2,1,1
9176,2023,8,2023-09-02,4,Hoffenheim,Wolfsburg,3,1,1,1
9177,2023,8,2023-09-02,4,Leverkusen,Darmstadt,5,1,1,1
9178,2023,8,2023-09-02,4,M'gladbach,Bayern Munich,1,2,1,0
9179,2023,8,2023-09-02,4,Stuttgart,Freiburg,5,0,3,0
9180,2023,8,2023-09-02,4,Werder Bremen,Mainz,4,0,1,0
9181,2023,11,2023-09-02,5,Brest,Rennes,0,0,0,0
9182,2023,11,2023-09-02,5,Monaco,Lens,3,0,2,0
9183,2023,14,2023-09-03,1,Arsenal,Man United,3,1,1,1
9184,2023,14,2023-09-03,1,Crystal Palace,Wolves,3,2,0,0
9185,2023,14,2023-09-03,1,Liverpool,Aston Villa,3,0,2,0
9186,2023,15,2023-09-03,2,Girona,Las Palmas,1,0,0,0
9187,2023,15,2023-09-03,2,Mallorca,Ath Bilbao,0,0,0,0
9188,2023,15,2023-09-03,2,Osasuna,Barcelona,1,2,0,1
9189,2023,9,2023-09-03,3,Empoli,Juventus,0,2,0,1
9190,2023,9,2023-09-03,3,Inter,Fiorentina,4,0,1,0
9191,2023,9,2023-09-03,3,Lecce,Salernitana,2,0,1,0
9192,2023,9,2023-09-03,3,Torino,Genoa,1,0,0,0
9193,2023,9,2023-09-03,4,Ein Frankfurt,FC Koln,1,1,0,1
9194,2023,9,2023-09-03,4,Union Berlin,RB Leipzig,0,3,0,0
9195,2023,12,2023-09-03,5,Le Havre,Lorient,3,0,0,0
9196,2023,12,2023-09-03,5,Lille,Montpellier,1,0,1,0
9197,2023,12,2023-09-03,5,Lyon,Paris SG,1,4,0,4
9198,2023,12,2023-09-03,5,Metz,Reims,2,2,1,1
9199,2023,12,2023-09-03,5,Nice,Strasbourg,2,0,1,0
9200,2023,12,2023-09-03,5,Toulouse,Clermont,2,2,2,1
9201,2023,16,2023-09-15,2,Vallecano,Alaves,2,0,1,0
9202,2023,10,2023-09-15,4,Bayern Munich,Leverkusen,2,2,1,1
9203,2023,13,2023-09-15,5,Paris SG,Nice,2,3,1,1
9204,2023,15,2023-09-16,1,Aston Villa,Crystal Palace,3,1,0,0
9205,2023,15,2023-09-16,1,Fulham,Luton,1,0,0,0
9206,2023,15,2023-09-16,1,Man United,Brighton,1,3,0,1
9207,2023,15,2023-09-16,1,Newcastle,Brentford,1,0,0,0
9208,2023,15,2023-09-16,1,Tottenham,Sheffield United,2,1,0,0
9209,2023,15,2023-09-16,1,West Ham,Man City,1,3,1,0
9210,2023,15,2023-09-16,1,Wolves,Liverpool,1,3,1,0
9211,2023,17,2023-09-16,2,Ath Bilbao,Cadiz,3,0,0,0
9212,2023,17,2023-09-16,2,Barcelona,Betis,5,0,2,0
9213,2023,17,2023-09-16,2,Celta,Mallorca,0,1,0,0
9214,2023,17,2023-09-16,2,Valencia,Ath Madrid,3,0,2,0
9215,2023,10,2023-09-16,3,Genoa,Napoli,2,2,1,0
9216,2023,10,2023-09-16,3,Inter,Milan,5,1,2,0
9217,2023,10,2023-09-16,3,Juventus,Lazio,3,1,2,0
9218,2023,11,2023-09-16,4,Bochum,Ein Frankfurt,1,1,0,0
9219,2023,11,2023-09-16,4,FC Koln,Hoffenheim,1,3,0,2
9220,2023,11,2023-09-16,4,Freiburg,Dortmund,2,4,2,1
9221,2023,11,2023-09-16,4,Mainz,Stuttgart,1,3,0,0
9222,2023,11,2023-09-16,4,RB Leipzig,Augsburg,3,0,3,0
9223,2023,11,2023-09-16,4,Wolfsburg,Union Berlin,2,1,2,1
9224,2023,14,2023-09-16,5,Lens,Metz,0,1,0,1
9225,2023,14,2023-09-16,5,Rennes,Lille,2,2,0,1
9226,2023,16,2023-09-17,1,Bournemouth,Chelsea,0,0,0,0
9227,2023,16,2023-09-17,1,Everton,Arsenal,0,1,0,0
9228,2023,18,2023-09-17,2,Getafe,Osasuna,3,2,1,1
9229,2023,18,2023-09-17,2,Real Madrid,Sociedad,2,1,0,1
9230,2023,18,2023-09-17,2,Sevilla,Las Palmas,1,0,0,0
9231,2023,18,2023-09-17,2,Villarreal,Almeria,2,1,1,1
9232,2023,11,2023-09-17,3,Cagliari,Udinese,0,0,0,0
9233,2023,11,2023-09-17,3,Fiorentina,Atalanta,3,2,2,1
9234,2023,11,2023-09-17,3,Frosinone,Sassuolo,4,2,1,2
9235,2023,11,2023-09-17,3,Monza,Lecce,1,1,1,1
9236,2023,11,2023-09-17,3,Roma,Empoli,7,0,3,0
9237,2023,12,2023-09-17,4,Darmstadt,M'gladbach,3,3,3,0
9238,2023,12,2023-09-17,4,Heidenheim,Werder Bremen,4,2,2,0
9239,2023,15,2023-09-17,5,Clermont,Nantes,0,1,0,0
9240,2023,15,2023-09-17,5,Lorient,Monaco,2,2,1,1
9241,2023,15,2023-09-17,5,Lyon,Le Havre,0,0,0,0
9242,2023,15,2023-09-17,5,Marseille,Toulouse,0,0,0,0
9243,2023,15,2023-09-17,5,Reims,Brest,1,2,1,0
9244,2023,15,2023-09-17,5,Strasbourg,Montpellier,2,2,0,2
9245,2023,17,2023-09-18,1,Nott'm Forest,Burnley,1,1,0,1
9246,2023,19,2023-09-18,2,Granada,Girona,2,4,0,3
9247,2023,12,2023-09-18,3,Salernitana,Torino,0,3,0,2
9248,2023,12,2023-09-18,3,Verona,Bologna,0,0,0,0
9249,2023,20,2023-09-22,2,Alaves,Ath Bilbao,0,2,0,1
9250,2023,13,2023-09-22,3,Lecce,Genoa,1,0,0,0
9251,2023,13,2023-09-22,3,Salernitana,Frosinone,1,1,0,1
9252,2023,13,2023-09-22,4,Stuttgart,Darmstadt,3,1,2,1
9253,2023,16,2023-09-22,5,Monaco,Nice,0,1,0,0
9254,2023,18,2023-09-23,1,Brentford,Everton,1,3,1,1
9255,2023,18,2023-09-23,1,Burnley,Man United,0,1,0,1
9256,2023,18,2023-09-23,1,Crystal Palace,Fulham,0,0,0,0
9257,2023,18,2023-09-23,1,Luton,Wolves,1,1,0,0
9258,2023,18,2023-09-23,1,Man City,Nott'm Forest,2,0,2,0
9259,2023,21,2023-09-23,2,Almeria,Valencia,2,2,0,1
9260,2023,21,2023-09-23,2,Barcelona,Celta,3,2,0,1
9261,2023,21,2023-09-23,2,Girona,Mallorca,5,3,4,1
9262,2023,21,2023-09-23,2,Osasuna,Sevilla,0,0,0,0
9263,2023,14,2023-09-23,3,Lazio,Monza,1,1,1,1
9264,2023,14,2023-09-23,3,Milan,Verona,1,0,1,0
9265,2023,14,2023-09-23,3,Sassuolo,Juventus,4,2,2,1
9266,2023,14,2023-09-23,4,Augsburg,Mainz,2,1,2,1
9267,2023,14,2023-09-23,4,Bayern Munich,Bochum,7,0,4,0
9268,2023,14,2023-09-23,4,Dortmund,Wolfsburg,1,0,0,0
9269,2023,14,2023-09-23,4,M'gladbach,RB Leipzig,0,1,0,0
9270,2023,14,2023-09-23,4,Union Berlin,Hoffenheim,0,2,0,2
9271,2023,14,2023-09-23,4,Werder Bremen,FC Koln,2,1,1,1
9272,2023,17,2023-09-23,5,Brest,Lyon,1,0,0,0
9273,2023,17,2023-09-23,5,Nantes,Lorient,5,3,1,1
9274,2023,19,2023-09-24,1,Arsenal,Tottenham,2,2,1,1
9275,2023,19,2023-09-24,1,Brighton,Bournemouth,3,1,1,1
9276,2023,19,2023-09-24,1,Chelsea,Aston Villa,0,1,0,0
9277,2023,19,2023-09-24,1,Liverpool,West Ham,3,1,1,1
9278,2023,19,2023-09-24,1,Sheffield United,Newcastle,0,8,0,3
9279,2023,22,2023-09-24,2,Ath Madrid,Real Madrid,3,1,2,1
9280,2023,22,2023-09-24,2,Betis,Cadiz,1,1,0,1
9281,2023,22,2023-09-24,2,Las Palmas,Granada,1,0,0,0
9282,2023,22,2023-09-24,2,Sociedad,Getafe,4,3,1,2
9283,2023,22,2023-09-24,2,Vallecano,Villarreal,1,1,1,1
9284,2023,15,2023-09-24,3,Atalanta,Cagliari,2,0,1,0
9285,2023,15,2023-09-24,3,Bologna,Napoli,0,0,0,0
9286,2023,15,2023-09-24,3,Empoli,Inter,0,1,0,0
9287,2023,15,2023-09-24,3,Torino,Roma,1,1,0,0
9288,2023,15,2023-09-24,3,Udinese,Fiorentina,0,2,0,1
9289,2023,15,2023-09-24,4,Ein Frankfurt,Freiburg,0,0,0,0
9290,2023,15,2023-09-24,4,Leverkusen,Heidenheim,4,1,1,0
9291,2023,18,2023-09-24,5,Le Havre,Clermont,2,1,2,1
9292,2023,18,2023-09-24,5,Lens,Toulouse,2,1,1,1
9293,2023,18,2023-09-24,5,Metz,Strasbourg,0,1,0,0
9294,2023,18,2023-09-24,5,Montpellier,Rennes,0,0,0,0
9295,2023,18,2023-09-24,5,Paris SG,Marseille,4,0,2,0
9296,2023,23,2023-09-26,2,Mallorca,Barcelona,2,2,2,1
9297,2023,23,2023-09-26,2,Sevilla,Almeria,5,1,3,0
9298,2023,16,2023-09-26,3,Juventus,Lecce,1,0,0,0
9299,2023,19,2023-09-26,5,Lille,Reims,1,2,0,2
9300,2023,24,2023-09-27,2,Ath Bilbao,Getafe,2,2,1,0
9301,2023,24,2023-09-27,2,Cadiz,Vallecano,0,0,0,0
9302,2023,24,2023-09-27,2,Real Madrid,Las Palmas,2,0,1,0
9303,2023,24,2023-09-27,2,Valencia,Sociedad,0,1,0,1
9304,2023,24,2023-09-27,2,Villarreal,Girona,1,2,0,0
9305,2023,17,2023-09-27,3,Cagliari,Milan,1,3,1,2
9306,2023,17,2023-09-27,3,Empoli,Salernitana,1,0,1,0
9307,2023,17,2023-09-27,3,Inter,Sassuolo,1,2,1,0
9308,2023,17,2023-09-27,3,Lazio,Torino,2,0,0,0
9309,2023,17,2023-09-27,3,Napoli,Udinese,4,1,2,0
9310,2023,17,2023-09-27,3,Verona,Atalanta,0,1,0,1
9311,2023,25,2023-09-28,2,Celta,Alaves,1,1,1,0
9312,2023,25,2023-09-28,2,Granada,Betis,1,1,0,0
9313,2023,25,2023-09-28,2,Osasuna,Ath Madrid,0,2,0,1
9314,2023,18,2023-09-28,3,Frosinone,Fiorentina,1,1,0,1
9315,2023,18,2023-09-28,3,Genoa,Roma,4,1,2,1
9316,2023,18,2023-09-28,3,Monza,Bologna,0,0,0,0
9317,2023,26,2023-09-29,2,Barcelona,Sevilla,1,0,0,0
9318,2023,16,2023-09-29,4,Hoffenheim,Dortmund,1,3,1,2
9319,2023,20,2023-09-29,5,Strasbourg,Lens,0,1,0,1
9320,2023,20,2023-09-30,1,Aston Villa,Brighton,6,1,3,0
9321,2023,20,2023-09-30,1,Bournemouth,Arsenal,0,4,0,2
9322,2023,20,2023-09-30,1,Everton,Luton,1,2,1,2
9323,2023,20,2023-09-30,1,Man United,Crystal Palace,0,1,0,1
9324,2023,20,2023-09-30,1,Newcastle,Burnley,2,0,1,0
9325,2023,20,2023-09-30,1,Tottenham,Liverpool,2,1,1,1
9326,2023,20,2023-09-30,1,West Ham,Sheffield United,2,0,2,0
9327,2023,20,2023-09-30,1,Wolves,Man City,2,1,1,0
9328,2023,27,2023-09-30,2,Getafe,Villarreal,0,0,0,0
9329,2023,27,2023-09-30,2,Girona,Real Madrid,0,3,0,2
9330,2023,27,2023-09-30,2,Sociedad,Ath Bilbao,3,0,1,0
9331,2023,27,2023-09-30,2,Vallecano,Mallorca,2,2,1,1
9332,2023,19,2023-09-30,3,Lecce,Napoli,0,4,0,1
9333,2023,19,2023-09-30,3,Milan,Lazio,2,0,0,0
9334,2023,19,2023-09-30,3,Salernitana,Inter,0,4,0,0
9335,2023,17,2023-09-30,4,Bochum,M'gladbach,1,3,0,3
9336,2023,17,2023-09-30,4,FC Koln,Stuttgart,0,2,0,0
9337,2023,17,2023-09-30,4,Heidenheim,Union Berlin,1,0,0,0
9338,2023,17,2023-09-30,4,Mainz,Leverkusen,0,3,0,1
9339,2023,17,2023-09-30,4,RB Leipzig,Bayern Munich,2,2,2,0
9340,2023,17,2023-09-30,4,Wolfsburg,Ein Frankfurt,2,0,1,0
9341,2023,21,2023-09-30,5,Clermont,Paris SG,0,0,0,0
9342,2023,21,2023-09-30,5,Monaco,Marseille,3,2,2,2
9343,2023,21,2023-10-01,1,Nott'm Forest,Brentford,1,1,0,0
9344,2023,28,2023-10-01,2,Alaves,Osasuna,0,2,0,1
9345,2023,28,2023-10-01,2,Almeria,Granada,3,3,3,0
9346,2023,28,2023-10-01,2,Ath Madrid,Cadiz,3,2,1,2
9347,2023,28,2023-10-01,2,Betis,Valencia,3,0,1,0
9348,2023,20,2023-10-01,3,Atalanta,Juventus,0,0,0,0
9349,2023,20,2023-10-01,3,Bologna,Empoli,3,0,1,0
9350,2023,20,2023-10-01,3,Roma,Frosinone,2,0,1,0
9351,2023,20,2023-10-01,3,Udinese,Genoa,2,2,1,2
9352,2023,18,2023-10-01,4,Darmstadt,Werder Bremen,4,2,2,0
9353,2023,18,2023-10-01,4,Freiburg,Augsburg,2,0,1,0
9354,2023,22,2023-10-01,5,Le Havre,Lille,0,2,0,1
9355,2023,22,2023-10-01,5,Lorient,Montpellier,0,3,0,1
9356,2023,22,2023-10-01,5,Nice,Brest,0,0,0,0
9357,2023,22,2023-10-01,5,Reims,Lyon,2,0,1,0
9358,2023,22,2023-10-01,5,Rennes,Nantes,3,1,1,1
9359,2023,22,2023-10-01,5,Toulouse,Metz,3,0,2,0
9360,2023,22,2023-10-02,1,Fulham,Chelsea,0,2,0,2
9361,2023,29,2023-10-02,2,Las Palmas,Celta,2,1,0,0
9362,2023,21,2023-10-02,3,Fiorentina,Cagliari,3,0,2,0
9363,2023,21,2023-10-02,3,Sassuolo,Monza,0,1,0,0
9364,2023,21,2023-10-02,3,Torino,Verona,0,0,0,0
9365,2023,23,2023-10-03,1,Luton,Burnley,1,2,0,1
9366,2023,30,2023-10-06,2,Ath Bilbao,Almeria,3,0,1,0
9367,2023,22,2023-10-06,3,Empoli,Udinese,0,0,0,0
9368,2023,22,2023-10-06,3,Lecce,Sassuolo,1,1,0,1
9369,2023,19,2023-10-06,4,M'gladbach,Mainz,2,2,1,1
9370,2023,23,2023-10-06,5,Strasbourg,Nantes,1,2,0,0
9371,2023,24,2023-10-07,1,Burnley,Chelsea,1,4,1,1
9372,2023,24,2023-10-07,1,Crystal Palace,Nott'm Forest,0,0,0,0
9373,2023,24,2023-10-07,1,Everton,Bournemouth,3,0,2,0
9374,2023,24,2023-10-07,1,Fulham,Sheffield United,3,1,0,0
9375,2023,24,2023-10-07,1,Luton,Tottenham,0,1,0,0
9376,2023,24,2023-10-07,1,Man United,Brentford,2,1,0,1
9377,2023,31,2023-10-07,2,Cadiz,Girona,0,1,0,0
9378,2023,31,2023-10-07,2,Mallorca,Valencia,1,1,1,1
9379,2023,31,2023-10-07,2,Real Madrid,Osasuna,4,0,1,0
9380,2023,31,2023-10-07,2,Sevilla,Vallecano,2,2,0,2
9381,2023,23,2023-10-07,3,Genoa,Milan,0,1,0,0
9382,2023,23,2023-10-07,3,Inter,Bologna,2,2,2,1
9383,2023,23,2023-10-07,3,Juventus,Torino,2,0,0,0
9384,2023,20,2023-10-07,4,Augsburg,Darmstadt,1,2,0,0
9385,2023,20,2023-10-07,4,Dortmund,Union Berlin,4,2,1,2
9386,2023,20,2023-10-07,4,RB Leipzig,Bochum,0,0,0,0
9387,2023,20,2023-10-07,4,Stuttgart,Wolfsburg,3,1,0,1
9388,2023,20,2023-10-07,4,Werder Bremen,Hoffenheim,2,3,1,2
9389,2023,24,2023-10-07,5,Metz,Nice,0,1,0,1
9390,2023,24,2023-10-07,5,Reims,Monaco,1,3,0,1
9391,2023,25,2023-10-08,1,Arsenal,Man City,1,0,0,0
9392,2023,25,2023-10-08,1,Brighton,Liverpool,2,2,1,2
9393,2023,25,2023-10-08,1,West Ham,Newcastle,2,2,1,0
9394,2023,25,2023-10-08,1,Wolves,Aston Villa,1,1,0,0
9395,2023,32,2023-10-08,2,Alaves,Betis,1,1,1,1
9396,2023,32,2023-10-08,2,Ath Madrid,Sociedad,2,1,1,0
9397,2023,32,2023-10-08,2,Celta,Getafe,2,2,2,2
9398,2023,32,2023-10-08,2,Granada,Barcelona,2,2,2,1
9399,2023,32,2023-10-08,2,Villarreal,Las Palmas,1,2,0,1
9400,2023,24,2023-10-08,3,Cagliari,Roma,1,4,0,2
9401,2023,24,2023-10-08,3,Frosinone,Verona,2,1,1,0
9402,2023,24,2023-10-08,3,Lazio,Atalanta,3,2,2,1
9403,2023,24,2023-10-08,3,Monza,Salernitana,3,0,2,0
9404,2023,24,2023-10-08,3,Napoli,Fiorentina,1,3,1,1
9405,2023,21,2023-10-08,4,Bayern Munich,Freiburg,3,0,2,0
9406,2023,21,2023-10-08,4,Ein Frankfurt,Heidenheim,2,0,1,0
9407,2023,21,2023-10-08,4,Leverkusen,FC Koln,3,0,2,0
9408,2023,25,2023-10-08,5,Brest,Toulouse,1,1,0,1
9409,2023,25,2023-10-08,5,Lens,Lille,1,1,0,1
9410,2023,25,2023-10-08,5,Lyon,Lorient,3,3,3,1
9411,2023,25,2023-10-08,5,Marseille,Le Havre,3,0,2,0
9412,2023,25,2023-10-08,5,Rennes,Paris SG,1,3,0,2
9413,2023,33,2023-10-20,2,Osasuna,Granada,2,0,1,0
9414,2023,22,2023-10-20,4,Dortmund,Werder Bremen,1,0,0,0
9415,2023,26,2023-10-20,5,Le Havre,Lens,0,0,0,0
9416,2023,26,2023-10-21,1,Bournemouth,Wolves,1,2,1,0
9417,2023,26,2023-10-21,1,Brentford,Burnley,3,0,1,0
9418,2023,26,2023-10-21,1,Chelsea,Arsenal,2,2,1,0
9419,2023,26,2023-10-21,1,Liverpool,Everton,2,0,0,0
9420,2023,26,2023-10-21,1,Man City,Brighton,2,1,2,0
9421,2023,26,2023-10-21,1,Newcastle,Crystal Palace,4,0,3,0
9422,2023,26,2023-10-21,1,Nott'm Forest,Luton,2,2,0,0
9423,2023,26,2023-10-21,1,Sheffield United,Man United,1,2,1,1
9424,2023,34,2023-10-21,2,Celta,Ath Madrid,0,3,0,1
9425,2023,34,2023-10-21,2,Getafe,Betis,1,1,1,1
9426,2023,34,2023-10-21,2,Sevilla,Real Madrid,1,1,0,0
9427,2023,34,2023-10-21,2,Sociedad,Mallorca,1,0,0,0
9428,2023,25,2023-10-21,3,Sassuolo,Lazio,0,2,0,2
9429,2023,25,2023-10-21,3,Torino,Inter,0,3,0,0
9430,2023,25,2023-10-21,3,Verona,Napoli,1,3,0,2
9431,2023,23,2023-10-21,4,Darmstadt,RB Leipzig,1,3,1,2
9432,2023,23,2023-10-21,4,Freiburg,Bochum,2,1,2,1
9433,2023,23,2023-10-21,4,Hoffenheim,Ein Frankfurt,1,3,1,3
9434,2023,23,2023-10-21,4,Mainz,Bayern Munich,1,3,1,2
9435,2023,23,2023-10-21,4,Union Berlin,Stuttgart,0,3,0,1
9436,2023,23,2023-10-21,4,Wolfsburg,Leverkusen,1,2,1,1
9437,2023,27,2023-10-21,5,Nice,Marseille,1,0,0,0
9438,2023,27,2023-10-21,5,Paris SG,Strasbourg,3,0,2,0
9439,2023,27,2023-10-22,1,Aston Villa,West Ham,4,1,1,0
9440,2023,35,2023-10-22,2,Barcelona,Ath Bilbao,1,0,0,0
9441,2023,35,2023-10-22,2,Girona,Almeria,5,2,3,2
9442,2023,35,2023-10-22,2,Las Palmas,Vallecano,0,1,0,0
9443,2023,35,2023-10-22,2,Villarreal,Alaves,1,1,0,0
9444,2023,26,2023-10-22,3,Atalanta,Genoa,2,0,0,0
9445,2023,26,2023-10-22,3,Bologna,Frosinone,2,1,2,0
9446,2023,26,2023-10-22,3,Milan,Juventus,0,1,0,0
9447,2023,26,2023-10-22,3,Roma,Monza,1,0,0,0
9448,2023,26,2023-10-22,3,Salernitana,Cagliari,2,2,0,0
9449,2023,24,2023-10-22,4,FC Koln,M'gladbach,3,1,1,0
9450,2023,24,2023-10-22,4,Heidenheim,Augsburg,2,5,2,3
9451,2023,28,2023-10-22,5,Lille,Brest,1,0,1,0
9452,2023,28,2023-10-22,5,Lorient,Rennes,2,1,2,1
9453,2023,28,2023-10-22,5,Lyon,Clermont,1,2,0,2
9454,2023,28,2023-10-22,5,Monaco,Metz,2,1,1,1
9455,2023,28,2023-10-22,5,Nantes,Montpellier,2,0,1,0
9456,2023,28,2023-10-22,5,Toulouse,Reims,1,1,0,0
9457,2023,28,2023-10-23,1,Tottenham,Fulham,2,0,1,0
9458,2023,36,2023-10-23,2,Valencia,Cadiz,2,0,2,0
9459,2023,27,2023-10-23,3,Fiorentina,Empoli,0,2,0,1
9460,2023,27,2023-10-23,3,Udinese,Lecce,1,1,0,0
9461,2023,29,2023-10-27,1,Crystal Palace,Tottenham,1,2,0,0
9462,2023,37,2023-10-27,2,Girona,Celta,1,0,0,0
9463,2023,28,2023-10-27,3,Genoa,Salernitana,1,0,1,0
9464,2023,25,2023-10-27,4,Bochum,Mainz,2,2,1,0
9465,2023,29,2023-10-27,5,Clermont,Nice,0,1,0,0
9466,2023,30,2023-10-28,1,Arsenal,Sheffield United,5,0,1,0
9467,2023,30,2023-10-28,1,Bournemouth,Burnley,2,1,1,1
9468,2023,30,2023-10-28,1,Chelsea,Brentford,0,2,0,0
9469,2023,30,2023-10-28,1,Wolves,Newcastle,2,2,1,2
9470,2023,38,2023-10-28,2,Almeria,Las Palmas,1,2,0,1
9471,2023,38,2023-10-28,2,Barcelona,Real Madrid,1,2,1,0
9472,2023,38,2023-10-28,2,Cadiz,Sevilla,2,2,2,1
9473,2023,38,2023-10-28,2,Mallorca,Getafe,0,0,0,0
9474,2023,29,2023-10-28,3,Juventus,Verona,1,0,0,0
9475,2023,29,2023-10-28,3,Lecce,Torino,0,1,0,1
9476,2023,29,2023-10-28,3,Sassuolo,Bologna,1,1,1,1
9477,2023,26,2023-10-28,4,Augsburg,Wolfsburg,3,2,1,2
9478,2023,26,2023-10-28,4,Bayern Munich,Darmstadt,8,0,0,0
9479,2023,26,2023-10-28,4,M'gladbach,Heidenheim,2,1,1,1
9480,2023,26,2023-10-28,4,RB Leipzig,FC Koln,6,0,4,0
9481,2023,26,2023-10-28,4,Stuttgart,Hoffenheim,2,3,0,2
9482,2023,26,2023-10-28,4,Werder Bremen,Union Berlin,2,0,1,0
9483,2023,30,2023-10-28,5,Lens,Nantes,4,0,1,0
9484,2023,30,2023-10-28,5,Reims,Lorient,1,0,0,0
9485,2023,31,2023-10-29,1,Aston Villa,Luton,3,1,1,0
9486,2023,31,2023-10-29,1,Brighton,Fulham,1,1,1,0
9487,2023,31,2023-10-29,1,Liverpool,Nott'm Forest,3,0,2,0
9488,2023,31,2023-10-29,1,Man United,Man City,0,3,0,1
9489,2023,31,2023-10-29,1,West Ham,Everton,0,1,0,0
9490,2023,39,2023-10-29,2,Ath Bilbao,Valencia,2,2,1,0
9491,2023,39,2023-10-29,2,Ath Madrid,Alaves,2,1,2,0
9492,2023,39,2023-10-29,2,Betis,Osasuna,2,1,1,0
9493,2023,39,2023-10-29,2,Vallecano,Sociedad,2,2,1,1
9494,2023,30,2023-10-29,3,Cagliari,Frosinone,4,3,0,2
9495,2023,30,2023-10-29,3,Inter,Roma,1,0,0,0
9496,2023,30,2023-10-29,3,Monza,Udinese,1,1,1,0
9497,2023,30,2023-10-29,3,Napoli,Milan,2,2,0,2
9498,2023,27,2023-10-29,4,Ein Frankfurt,Dortmund,3,3,2,1
9499,2023,27,2023-10-29,4,Leverkusen,Freiburg,2,1,1,0
9500,2023,31,2023-10-29,5,Brest,Paris SG,2,3,1,2
9501,2023,31,2023-10-29,5,Lille,Monaco,2,0,2,0
9502,2023,31,2023-10-29,5,Metz,Le Havre,0,0,0,0
9503,2023,31,2023-10-29,5,Montpellier,Toulouse,3,0,1,0
9504,2023,31,2023-10-29,5,Rennes,Strasbourg,1,1,1,0
9505,2023,40,2023-10-30,2,Granada,Villarreal,2,3,2,3
9506,2023,31,2023-10-30,3,Empoli,Atalanta,0,3,0,2
9507,2023,31,2023-10-30,3,Lazio,Fiorentina,1,0,0,0
9508,2023,41,2023-11-03,2,Las Palmas,Ath Madrid,2,1,0,0
9509,2023,32,2023-11-03,3,Bologna,Lazio,1,0,0,0
9510,2023,28,2023-11-03,4,Darmstadt,Bochum,1,2,1,1
9511,2023,32,2023-11-03,5,Paris SG,Montpellier,3,0,1,0
9512,2023,32,2023-11-04,1,Brentford,West Ham,3,2,1,2
9513,2023,32,2023-11-04,1,Burnley,Crystal Palace,0,2,0,1
9514,2023,32,2023-11-04,1,Everton,Brighton,1,1,1,0
9515,2023,32,2023-11-04,1,Fulham,Man United,0,1,0,0
9516,2023,32,2023-11-04,1,Man City,Bournemouth,6,1,3,0
9517,2023,32,2023-11-04,1,Newcastle,Arsenal,1,0,0,0
9518,2023,32,2023-11-04,1,Sheffield United,Wolves,2,1,0,0
9519,2023,42,2023-11-04,2,Betis,Mallorca,2,0,1,0
9520,2023,42,2023-11-04,2,Celta,Sevilla,1,1,1,0
9521,2023,42,2023-11-04,2,Osasuna,Girona,2,4,1,1
9522,2023,42,2023-11-04,2,Sociedad,Barcelona,0,1,0,0
9523,2023,33,2023-11-04,3,Atalanta,Inter,1,2,0,1
9524,2023,33,2023-11-04,3,Milan,Udinese,0,1,0,0
9525,2023,33,2023-11-04,3,Salernitana,Napoli,0,2,0,1
9526,2023,29,2023-11-04,4,Dortmund,Bayern Munich,0,4,0,2
9527,2023,29,2023-11-04,4,FC Koln,Augsburg,1,1,1,1
9528,2023,29,2023-11-04,4,Freiburg,M'gladbach,3,3,1,3
9529,2023,29,2023-11-04,4,Hoffenheim,Leverkusen,2,3,0,2
9530,2023,29,2023-11-04,4,Mainz,RB Leipzig,2,0,0,0
9531,2023,29,2023-11-04,4,Union Berlin,Ein Frankfurt,0,3,0,2
9532,2023,33,2023-11-04,5,Lorient,Lens,0,0,0,0
9533,2023,33,2023-11-04,5,Marseille,Lille,0,0,0,0
9534,2023,33,2023-11-05,1,Luton,Liverpool,1,1,0,0
9535,2023,33,2023-11-05,1,Nott'm Forest,Aston Villa,2,0,1,0
9536,2023,43,2023-11-05,2,Alaves,Almeria,1,0,0,0
9537,2023,43,2023-11-05,2,Real Madrid,Vallecano,0,0,0,0
9538,2023,43,2023-11-05,2,Valencia,Granada,1,0,1,0
9539,2023,43,2023-11-05,2,Villarreal,Ath Bilbao,2,3,0,3
9540,2023,34,2023-11-05,3,Cagliari,Genoa,2,1,0,0
9541,2023,34,2023-11-05,3,Fiorentina,Juventus,0,1,0,1
9542,2023,34,2023-11-05,3,Roma,Lecce,2,1,0,0
9543,2023,34,2023-11-05,3,Verona,Monza,1,3,0,1
9544,2023,30,2023-11-05,4,Heidenheim,Stuttgart,2,0,0,0
9545,2023,30,2023-11-05,4,Wolfsburg,Werder Bremen,2,2,1,1
9546,2023,34,2023-11-05,5,Lyon,Metz,1,1,0,0
9547,2023,34,2023-11-05,5,Monaco,Brest,2,0,1,0
9548,2023,34,2023-11-05,5,Nantes,Reims,0,1,0,0
9549,2023,34,2023-11-05,5,Nice,Rennes,2,0,1,0
9550,2023,34,2023-11-05,5,Strasbourg,Clermont,0,0,0,0
9551,2023,34,2023-11-05,5,Toulouse,Le Havre,1,2,0,0
9552,2023,34,2023-11-06,1,Tottenham,Chelsea,1,4,1,1
9553,2023,44,2023-11-06,2,Getafe,Cadiz,1,0,0,0
9554,2023,35,2023-11-06,3,Frosinone,Empoli,2,1,0,0
9555,2023,35,2023-11-06,3,Torino,Sassuolo,2,1,1,1
9556,2023,45,2023-11-10,2,Ath Bilbao,Celta,4,3,2,2
9557,2023,36,2023-11-10,3,Genoa,Verona,1,0,1,0
9558,2023,36,2023-11-10,3,Sassuolo,Salernitana,2,2,1,2
9559,2023,31,2023-11-10,4,M'gladbach,Wolfsburg,4,0,2,0
9560,2023,35,2023-11-10,5,Montpellier,Nice,0,0,0,0
9561,2023,35,2023-11-11,1,Arsenal,Burnley,3,1,1,0
9562,2023,35,2023-11-11,1,Bournemouth,Newcastle,2,0,0,0
9563,2023,35,2023-11-11,1,Crystal Palace,Everton,2,3,1,1
9564,2023,35,2023-11-11,1,Man United,Luton,1,0,0,0
9565,2023,35,2023-11-11,1,Wolves,Tottenham,2,1,0,1
9566,2023,46,2023-11-11,2,Almeria,Sociedad,1,3,0,0
9567,2023,46,2023-11-11,2,Granada,Getafe,1,1,1,1
9568,2023,46,2023-11-11,2,Osasuna,Las Palmas,1,1,0,0
9569,2023,46,2023-11-11,2,Real Madrid,Valencia,5,1,2,0
9570,2023,46,2023-11-11,2,Vallecano,Girona,1,2,1,1
9571,2023,37,2023-11-11,3,Juventus,Cagliari,2,1,0,0
9572,2023,37,2023-11-11,3,Lecce,Milan,2,2,0,2
9573,2023,37,2023-11-11,3,Monza,Torino,1,1,0,0
9574,2023,32,2023-11-11,4,Augsburg,Hoffenheim,1,1,0,1
9575,2023,32,2023-11-11,4,Bayern Munich,Heidenheim,4,2,2,0
9576,2023,32,2023-11-11,4,Bochum,FC Koln,1,1,1,0
9577,2023,32,2023-11-11,4,Darmstadt,Mainz,0,0,0,0
9578,2023,32,2023-11-11,4,Stuttgart,Dortmund,2,1,1,1
9579,2023,36,2023-11-11,5,Le Havre,Monaco,0,0,0,0
9580,2023,36,2023-11-11,5,Reims,Paris SG,0,3,0,1
9581,2023,36,2023-11-12,1,Aston Villa,Fulham,3,1,2,0
9582,2023,36,2023-11-12,1,Brighton,Sheffield United,1,1,1,0
9583,2023,36,2023-11-12,1,Chelsea,Man City,4,4,2,2
9584,2023,36,2023-11-12,1,Liverpool,Brentford,3,0,1,0
9585,2023,36,2023-11-12,1,West Ham,Nott'm Forest,3,2,1,1
9586,2023,47,2023-11-12,2,Ath Madrid,Villarreal,3,1,1,1
9587,2023,47,2023-11-12,2,Barcelona,Alaves,2,1,0,1
9588,2023,47,2023-11-12,2,Sevilla,Betis,1,1,0,0
9589,2023,38,2023-11-12,3,Fiorentina,Bologna,2,1,1,1
9590,2023,38,2023-11-12,3,Inter,Frosinone,2,0,1,0
9591,2023,38,2023-11-12,3,Lazio,Roma,0,0,0,0
9592,2023,38,2023-11-12,3,Napoli,Empoli,0,1,0,0
9593,2023,38,2023-11-12,3,Udinese,Atalanta,1,1,1,0
9594,2023,33,2023-11-12,4,Leverkusen,Union Berlin,4,0,1,0
9595,2023,33,2023-11-12,4,RB Leipzig,Freiburg,3,1,1,1
9596,2023,33,2023-11-12,4,Werder Bremen,Ein Frankfurt,2,2,1,0
9597,2023,37,2023-11-12,5,Clermont,Lorient,1,0,0,0
9598,2023,37,2023-11-12,5,Lens,Marseille,1,0,0,0
9599,2023,37,2023-11-12,5,Lille,Toulouse,1,1,1,0
9600,2023,37,2023-11-12,5,Metz,Nantes,3,1,2,1
9601,2023,37,2023-11-12,5,Rennes,Lyon,0,1,0,0
9602,2023,48,2023-11-24,2,Alaves,Granada,3,1,2,0
9603,2023,34,2023-11-24,4,FC Koln,Bayern Munich,0,1,0,1
9604,2023,38,2023-11-24,5,Paris SG,Monaco,5,2,2,1
9605,2023,37,2023-11-25,1,Brentford,Arsenal,0,1,0,0
9606,2023,37,2023-11-25,1,Burnley,West Ham,1,2,0,0
9607,2023,37,2023-11-25,1,Luton,Crystal Palace,2,1,0,0
9608,2023,37,2023-11-25,1,Man City,Liverpool,1,1,1,0
9609,2023,37,2023-11-25,1,Newcastle,Chelsea,4,1,1,1
9610,2023,37,2023-11-25,1,Nott'm Forest,Brighton,2,3,1,2
9611,2023,37,2023-11-25,1,Sheffield United,Bournemouth,1,3,0,2
9612,2023,49,2023-11-25,2,Ath Madrid,Mallorca,1,0,0,0
9613,2023,49,2023-11-25,2,Getafe,Almeria,2,1,2,1
9614,2023,49,2023-11-25,2,Valencia,Celta,0,0,0,0
9615,2023,49,2023-11-25,2,Vallecano,Barcelona,1,1,1,0
9616,2023,39,2023-11-25,3,Atalanta,Napoli,1,2,0,1
9617,2023,39,2023-11-25,3,Milan,Fiorentina,1,0,1,0
9618,2023,39,2023-11-25,3,Salernitana,Lazio,2,1,0,1
9619,2023,35,2023-11-25,4,Dortmund,M'gladbach,4,2,3,2
9620,2023,35,2023-11-25,4,Ein Frankfurt,Stuttgart,1,2,1,2
9621,2023,35,2023-11-25,4,Freiburg,Darmstadt,1,1,1,1
9622,2023,35,2023-11-25,4,Union Berlin,Augsburg,1,1,0,1
9623,2023,35,2023-11-25,4,Werder Bremen,Leverkusen,0,3,0,2
9624,2023,35,2023-11-25,4,Wolfsburg,RB Leipzig,2,1,1,0
9625,2023,39,2023-11-25,5,Clermont,Lens,0,3,0,1
9626,2023,39,2023-11-25,5,Strasbourg,Marseille,1,1,1,1
9627,2023,38,2023-11-26,1,Everton,Man United,0,3,0,1
9628,2023,38,2023-11-26,1,Tottenham,Aston Villa,1,2,1,1
9629,2023,50,2023-11-26,2,Betis,Las Palmas,1,0,1,0
9630,2023,50,2023-11-26,2,Cadiz,Real Madrid,0,3,0,1
9631,2023,50,2023-11-26,2,Sociedad,Sevilla,2,1,2,0
9632,2023,50,2023-11-26,2,Villarreal,Osasuna,3,1,0,0
9633,2023,40,2023-11-26,3,Cagliari,Monza,1,1,1,0
9634,2023,40,2023-11-26,3,Empoli,Sassuolo,3,4,2,2
9635,2023,40,2023-11-26,3,Frosinone,Genoa,2,1,1,1
9636,2023,40,2023-11-26,3,Juventus,Inter,1,1,1,1
9637,2023,40,2023-11-26,3,Roma,Udinese,3,1,1,0
9638,2023,36,2023-11-26,4,Heidenheim,Bochum,0,0,0,0
9639,2023,36,2023-11-26,4,Hoffenheim,Mainz,1,1,0,1
9640,2023,40,2023-11-26,5,Lorient,Metz,2,3,2,1
9641,2023,40,2023-11-26,5,Lyon,Lille,0,2,0,2
9642,2023,40,2023-11-26,5,Montpellier,Brest,1,3,0,1
9643,2023,40,2023-11-26,5,Nantes,Le Havre,0,0,0,0
9644,2023,40,2023-11-26,5,Nice,Toulouse,1,0,0,0
9645,2023,40,2023-11-26,5,Rennes,Reims,3,1,1,1
9646,2023,39,2023-11-27,1,Fulham,Wolves,3,2,1,1
9647,2023,51,2023-11-27,2,Girona,Ath Bilbao,1,1,0,0
9648,2023,41,2023-11-27,3,Bologna,Torino,2,0,0,0
9649,2023,41,2023-11-27,3,Verona,Lecce,2,2,1,1
9650,2023,52,2023-11-29,2,Mallorca,Cadiz,1,1,1,1
9651,2023,41,2023-11-29,5,Montpellier,Clermont,1,1,0,1
9652,2023,53,2023-12-01,2,Las Palmas,Getafe,2,0,1,0
9653,2023,42,2023-12-01,3,Monza,Juventus,1,2,0,1
9654,2023,37,2023-12-01,4,Darmstadt,FC Koln,0,1,0,0
9655,2023,42,2023-12-01,5,Reims,Strasbourg,2,1,2,0
9656,2023,40,2023-12-02,1,Arsenal,Wolves,2,1,2,0
9657,2023,40,2023-12-02,1,Brentford,Luton,3,1,0,0
9658,2023,40,2023-12-02,1,Burnley,Sheffield United,5,0,2,0
9659,2023,40,2023-12-02,1,Newcastle,Man United,1,0,0,0
9660,2023,40,2023-12-02,1,Nott'm Forest,Everton,0,1,0,0
9661,2023,54,2023-12-02,2,Ath Bilbao,Vallecano,4,0,1,0
9662,2023,54,2023-12-02,2,Girona,Valencia,2,1,0,0
9663,2023,54,2023-12-02,2,Osasuna,Sociedad,1,1,1,1
9664,2023,54,2023-12-02,2,Real Madrid,Granada,2,0,1,0
9665,2023,43,2023-12-02,3,Genoa,Empoli,1,1,1,0
9666,2023,43,2023-12-02,3,Lazio,Cagliari,1,0,1,0
9667,2023,43,2023-12-02,3,Milan,Frosinone,3,1,1,0
9668,2023,38,2023-12-02,4,Bochum,Wolfsburg,3,1,2,1
9669,2023,38,2023-12-02,4,M'gladbach,Hoffenheim,2,1,0,0
9670,2023,38,2023-12-02,4,RB Leipzig,Heidenheim,2,1,2,1
9671,2023,38,2023-12-02,4,Stuttgart,Werder Bremen,2,0,1,0
9672,2023,43,2023-12-02,5,Lens,Lyon,3,2,1,1
9673,2023,43,2023-12-02,5,Nantes,Nice,1,0,1,0
9674,2023,41,2023-12-03,1,Bournemouth,Aston Villa,2,2,1,1
9675,2023,41,2023-12-03,1,Chelsea,Brighton,3,2,2,1
9676,2023,41,2023-12-03,1,Liverpool,Fulham,4,3,2,2
9677,2023,41,2023-12-03,1,Man City,Tottenham,3,3,2,1
9678,2023,41,2023-12-03,1,West Ham,Crystal Palace,1,1,1,0
9679,2023,55,2023-12-03,2,Almeria,Betis,0,0,0,0
9680,2023,55,2023-12-03,2,Barcelona,Ath Madrid,1,0,1,0
9681,2023,55,2023-12-03,2,Mallorca,Alaves,0,0,0,0
9682,2023,55,2023-12-03,2,Sevilla,Villarreal,1,1,0,0
9683,2023,44,2023-12-03,3,Fiorentina,Salernitana,3,0,2,0
9684,2023,44,2023-12-03,3,Lecce,Bologna,1,1,0,0
9685,2023,44,2023-12-03,3,Napoli,Inter,0,3,0,1
9686,2023,44,2023-12-03,3,Sassuolo,Roma,1,2,1,0
9687,2023,44,2023-12-03,3,Udinese,Verona,3,3,2,1
9688,2023,39,2023-12-03,4,Augsburg,Ein Frankfurt,2,1,1,0
9689,2023,39,2023-12-03,4,Leverkusen,Dortmund,1,1,0,1
9690,2023,39,2023-12-03,4,Mainz,Freiburg,0,1,0,0
9691,2023,44,2023-12-03,5,Brest,Clermont,3,0,2,0
9692,2023,44,2023-12-03,5,Le Havre,Paris SG,0,2,0,1
9693,2023,44,2023-12-03,5,Lille,Metz,2,0,2,0
9694,2023,44,2023-12-03,5,Marseille,Rennes,2,0,1,0
9695,2023,44,2023-12-03,5,Monaco,Montpellier,2,0,1,0
9696,2023,44,2023-12-03,5,Toulouse,Lorient,1,1,0,0
9697,2023,56,2023-12-04,2,Celta,Cadiz,1,1,0,1
9698,2023,45,2023-12-04,3,Torino,Atalanta,3,0,1,0
9699,2023,42,2023-12-05,1,Luton,Arsenal,3,4,1,2
9700,2023,42,2023-12-05,1,Wolves,Burnley,1,0,1,0
9701,2023,43,2023-12-06,1,Aston Villa,Man City,1,0,0,0
9702,2023,43,2023-12-06,1,Brighton,Brentford,2,1,1,1
9703,2023,43,2023-12-06,1,Crystal Palace,Bournemouth,0,2,0,1
9704,2023,43,2023-12-06,1,Fulham,Nott'm Forest,5,0,2,0
9705,2023,43,2023-12-06,1,Man United,Chelsea,2,1,1,1
9706,2023,43,2023-12-06,1,Sheffield United,Liverpool,0,2,0,1
9707,2023,45,2023-12-06,5,Marseille,Lyon,3,0,2,0
9708,2023,44,2023-12-07,1,Everton,Newcastle,3,0,0,0
9709,2023,44,2023-12-07,1,Tottenham,West Ham,1,2,1,0
9710,2023,46,2023-12-07,5,Brest,Strasbourg,1,1,1,0
9711,2023,57,2023-12-08,2,Getafe,Valencia,1,0,0,0
9712,2023,46,2023-12-08,3,Juventus,Napoli,1,0,0,0
9713,2023,40,2023-12-08,4,Hoffenheim,Bochum,3,1,2,0
9714,2023,47,2023-12-08,5,Montpellier,Lens,0,0,0,0
9715,2023,45,2023-12-09,1,Aston Villa,Arsenal,1,0,1,0
9716,2023,45,2023-12-09,1,Brighton,Burnley,1,1,0,1
9717,2023,45,2023-12-09,1,Crystal Palace,Liverpool,1,2,0,0
9718,2023,45,2023-12-09,1,Man United,Bournemouth,0,3,0,1
9719,2023,45,2023-12-09,1,Sheffield United,Brentford,1,0,1,0
9720,2023,45,2023-12-09,1,Wolves,Nott'm Forest,1,1,1,1
9721,2023,58,2023-12-09,2,Alaves,Las Palmas,0,1,0,1
9722,2023,58,2023-12-09,2,Betis,Real Madrid,1,1,0,0
9723,2023,58,2023-12-09,2,Mallorca,Sevilla,1,0,1,0
9724,2023,58,2023-12-09,2,Villarreal,Sociedad,0,3,0,3
9725,2023,47,2023-12-09,3,Atalanta,Milan,3,2,1,1
9726,2023,47,2023-12-09,3,Inter,Udinese,4,0,3,0
9727,2023,47,2023-12-09,3,Verona,Lazio,1,1,0,1
9728,2023,41,2023-12-09,4,Dortmund,RB Leipzig,2,3,1,1
9729,2023,41,2023-12-09,4,Ein Frankfurt,Bayern Munich,5,1,3,1
9730,2023,41,2023-12-09,4,Heidenheim,Darmstadt,3,2,1,0
9731,2023,41,2023-12-09,4,Union Berlin,M'gladbach,3,1,1,0
9732,2023,41,2023-12-09,4,Werder Bremen,Augsburg,2,0,1,0
9733,2023,41,2023-12-09,4,Wolfsburg,Freiburg,0,1,0,0
9734,2023,48,2023-12-09,5,Paris SG,Nantes,2,1,1,0
9735,2023,48,2023-12-09,5,Rennes,Monaco,1,2,0,0
9736,2023,46,2023-12-10,1,Everton,Chelsea,2,0,0,0
9737,2023,46,2023-12-10,1,Fulham,West Ham,5,0,3,0
9738,2023,46,2023-12-10,1,Luton,Man City,1,2,1,0
9739,2023,46,2023-12-10,1,Tottenham,Newcastle,4,1,2,0
9740,2023,59,2023-12-10,2,Ath Madrid,Almeria,2,1,2,0
9741,2023,59,2023-12-10,2,Barcelona,Girona,2,4,1,2
9742,2023,59,2023-12-10,2,Cadiz,Osasuna,1,1,1,0
9743,2023,48,2023-12-10,3,Frosinone,Torino,0,0,0,0
9744,2023,48,2023-12-10,3,Monza,Genoa,1,0,0,0
9745,2023,48,2023-12-10,3,Roma,Fiorentina,1,1,1,0
9746,2023,48,2023-12-10,3,Salernitana,Bologna,1,2,0,2
9747,2023,42,2023-12-10,4,FC Koln,Mainz,0,0,0,0
9748,2023,42,2023-12-10,4,Stuttgart,Leverkusen,1,1,1,0
9749,2023,49,2023-12-10,5,Clermont,Lille,0,0,0,0
9750,2023,49,2023-12-10,5,Lorient,Marseille,2,4,1,4
9751,2023,49,2023-12-10,5,Lyon,Toulouse,3,0,2,0
9752,2023,49,2023-12-10,5,Metz,Brest,0,1,0,0
9753,2023,49,2023-12-10,5,Nice,Reims,2,1,0,0
9754,2023,49,2023-12-10,5,Strasbourg,Le Havre,2,1,1,0
9755,2023,60,2023-12-11,2,Granada,Ath Bilbao,1,1,0,1
9756,2023,60,2023-12-11,2,Vallecano,Celta,0,0,0,0
9757,2023,49,2023-12-11,3,Cagliari,Sassuolo,2,1,0,1
9758,2023,49,2023-12-11,3,Empoli,Lecce,1,1,0,0
9759,2023,47,2023-12-15,1,Nott'm Forest,Tottenham,0,2,0,1
9760,2023,61,2023-12-15,2,Osasuna,Vallecano,1,0,0,0
9761,2023,50,2023-12-15,3,Genoa,Juventus,1,1,0,1
9762,2023,43,2023-12-15,4,M'gladbach,Werder Bremen,2,2,1,1
9763,2023,50,2023-12-15,5,Monaco,Lyon,0,1,0,0
9764,2023,48,2023-12-16,1,Burnley,Everton,0,2,0,2
9765,2023,48,2023-12-16,1,Chelsea,Sheffield United,2,0,0,0
9766,2023,48,2023-12-16,1,Man City,Crystal Palace,2,2,1,0
9767,2023,48,2023-12-16,1,Newcastle,Fulham,3,0,0,0
9768,2023,62,2023-12-16,2,Ath Bilbao,Ath Madrid,2,0,0,0
9769,2023,62,2023-12-16,2,Celta,Granada,1,0,1,0
9770,2023,62,2023-12-16,2,Sevilla,Getafe,0,3,0,2
9771,2023,62,2023-12-16,2,Valencia,Barcelona,1,1,0,0
9772,2023,51,2023-12-16,3,Lecce,Frosinone,2,1,1,1
9773,2023,51,2023-12-16,3,Napoli,Cagliari,2,1,0,0
9774,2023,51,2023-12-16,3,Torino,Empoli,1,0,1,0
9775,2023,44,2023-12-16,4,Augsburg,Dortmund,1,1,1,1
9776,2023,44,2023-12-16,4,Bochum,Union Berlin,3,0,1,0
9777,2023,44,2023-12-16,4,Darmstadt,Wolfsburg,0,1,0,0
9778,2023,44,2023-12-16,4,Mainz,Heidenheim,0,1,0,1
9779,2023,44,2023-12-16,4,RB Leipzig,Hoffenheim,3,1,1,1
9780,2023,51,2023-12-16,5,Le Havre,Nice,3,1,2,0
9781,2023,51,2023-12-16,5,Lens,Reims,2,0,1,0
9782,2023,49,2023-12-17,1,Arsenal,Brighton,2,0,0,0
9783,2023,49,2023-12-17,1,Brentford,Aston Villa,1,2,1,0
9784,2023,49,2023-12-17,1,Liverpool,Man United,0,0,0,0
9785,2023,49,2023-12-17,1,West Ham,Wolves,3,0,2,0
9786,2023,63,2023-12-17,2,Almeria,Mallorca,0,0,0,0
9787,2023,63,2023-12-17,2,Las Palmas,Cadiz,1,1,1,0
9788,2023,63,2023-12-17,2,Real Madrid,Villarreal,4,1,2,0
9789,2023,63,2023-12-17,2,Sociedad,Betis,0,0,0,0
9790,2023,52,2023-12-17,3,Bologna,Roma,2,0,1,0
9791,2023,52,2023-12-17,3,Fiorentina,Verona,1,0,0,0
9792,2023,52,2023-12-17,3,Lazio,Inter,0,2,0,1
9793,2023,52,2023-12-17,3,Milan,Monza,3,0,2,0
9794,2023,52,2023-12-17,3,Udinese,Sassuolo,2,2,1,0
9795,2023,45,2023-12-17,4,Bayern Munich,Stuttgart,3,0,1,0
9796,2023,45,2023-12-17,4,Freiburg,FC Koln,2,0,0,0
9797,2023,45,2023-12-17,4,Leverkusen,Ein Frankfurt,3,0,1,0
9798,2023,52,2023-12-17,5,Lille,Paris SG,1,1,0,0
9799,2023,52,2023-12-17,5,Lorient,Strasbourg,1,2,0,1
9800,2023,52,2023-12-17,5,Marseille,Clermont,2,1,2,0
9801,2023,52,2023-12-17,5,Metz,Montpellier,0,1,0,1
9802,2023,52,2023-12-17,5,Nantes,Brest,0,2,0,0
9803,2023,52,2023-12-17,5,Toulouse,Rennes,0,0,0,0
9804,2023,64,2023-12-18,2,Girona,Alaves,3,0,2,0
9805,2023,53,2023-12-18,3,Atalanta,Salernitana,4,1,0,1
9806,2023,65,2023-12-19,2,Ath Madrid,Getafe,3,3,1,0
9807,2023,65,2023-12-19,2,Granada,Sevilla,0,3,0,2
9808,2023,65,2023-12-19,2,Vallecano,Valencia,0,1,0,0
9809,2023,46,2023-12-19,4,Dortmund,Mainz,1,1,1,1
9810,2023,46,2023-12-19,4,Hoffenheim,Darmstadt,3,3,2,1
9811,2023,46,2023-12-19,4,Werder Bremen,RB Leipzig,1,1,0,0
9812,2023,66,2023-12-20,2,Ath Bilbao,Las Palmas,1,0,0,0
9813,2023,66,2023-12-20,2,Barcelona,Almeria,3,2,1,1
9814,2023,66,2023-12-20,2,Villarreal,Celta,3,2,2,0
9815,2023,47,2023-12-20,4,Ein Frankfurt,M'gladbach,2,1,0,1
9816,2023,47,2023-12-20,4,Heidenheim,Freiburg,3,2,0,1
9817,2023,47,2023-12-20,4,Leverkusen,Bochum,4,0,3,0
9818,2023,47,2023-12-20,4,Stuttgart,Augsburg,3,0,2,0
9819,2023,47,2023-12-20,4,Union Berlin,FC Koln,2,0,0,0
9820,2023,47,2023-12-20,4,Wolfsburg,Bayern Munich,1,2,1,2
9821,2023,53,2023-12-20,5,Brest,Lorient,4,0,4,0
9822,2023,53,2023-12-20,5,Clermont,Rennes,1,3,1,0
9823,2023,53,2023-12-20,5,Lyon,Nantes,1,0,0,0
9824,2023,53,2023-12-20,5,Montpellier,Marseille,1,1,1,0
9825,2023,53,2023-12-20,5,Nice,Lens,2,0,0,0
9826,2023,53,2023-12-20,5,Paris SG,Metz,3,1,0,0
9827,2023,53,2023-12-20,5,Reims,Le Havre,1,0,1,0
9828,2023,53,2023-12-20,5,Strasbourg,Lille,2,1,1,1
9829,2023,53,2023-12-20,5,Toulouse,Monaco,1,2,1,2
9830,2023,50,2023-12-21,1,Crystal Palace,Brighton,1,1,1,0
9831,2023,67,2023-12-21,2,Alaves,Real Madrid,0,1,0,0
9832,2023,67,2023-12-21,2,Betis,Girona,1,1,0,1
9833,2023,67,2023-12-21,2,Cadiz,Sociedad,0,0,0,0
9834,2023,67,2023-12-21,2,Mallorca,Osasuna,3,2,1,1
9835,2023,51,2023-12-22,1,Aston Villa,Sheffield United,1,1,0,0
9836,2023,54,2023-12-22,3,Empoli,Lazio,0,2,0,1
9837,2023,54,2023-12-22,3,Monza,Fiorentina,0,1,0,1
9838,2023,54,2023-12-22,3,Salernitana,Milan,2,2,1,1
9839,2023,54,2023-12-22,3,Sassuolo,Genoa,1,2,1,0
9840,2023,52,2023-12-23,1,Fulham,Burnley,0,2,0,0
9841,2023,52,2023-12-23,1,Liverpool,Arsenal,1,1,1,1
9842,2023,52,2023-12-23,1,Luton,Newcastle,1,0,1,0
9843,2023,52,2023-12-23,1,Nott'm Forest,Bournemouth,2,3,0,0
9844,2023,52,2023-12-23,1,Tottenham,Everton,2,1,2,0
9845,2023,52,2023-12-23,1,West Ham,Man United,2,0,0,0
9846,2023,68,2023-12-23,2,Ath Madrid,Sevilla,1,0,0,0
9847,2023,55,2023-12-23,3,Bologna,Atalanta,1,0,0,0
9848,2023,55,2023-12-23,3,Frosinone,Juventus,1,2,0,1
9849,2023,55,2023-12-23,3,Inter,Lecce,2,0,1,0
9850,2023,55,2023-12-23,3,Roma,Napoli,2,0,0,0
9851,2023,55,2023-12-23,3,Torino,Udinese,1,1,0,0
9852,2023,55,2023-12-23,3,Verona,Cagliari,2,0,0,0
9853,2023,53,2023-12-24,1,Wolves,Chelsea,2,1,0,0
9854,2023,54,2023-12-26,1,Bournemouth,Fulham,3,0,1,0
9855,2023,54,2023-12-26,1,Burnley,Liverpool,0,2,0,1
9856,2023,54,2023-12-26,1,Man United,Aston Villa,3,2,0,2
9857,2023,54,2023-12-26,1,Newcastle,Nott'm Forest,1,3,1,1
9858,2023,54,2023-12-26,1,Sheffield United,Luton,2,3,0,1
9859,2023,55,2023-12-27,1,Brentford,Wolves,1,4,1,3
9860,2023,55,2023-12-27,1,Chelsea,Crystal Palace,2,1,1,1
9861,2023,55,2023-12-27,1,Everton,Man City,1,3,1,0
9862,2023,56,2023-12-28,1,Arsenal,West Ham,0,2,0,1
9863,2023,56,2023-12-28,1,Brighton,Tottenham,4,2,2,0
9864,2023,56,2023-12-29,3,Fiorentina,Torino,1,0,0,0
9865,2023,56,2023-12-29,3,Genoa,Inter,1,1,1,1
9866,2023,56,2023-12-29,3,Lazio,Frosinone,3,1,0,0
9867,2023,56,2023-12-29,3,Napoli,Monza,0,0,0,0
9868,2023,57,2023-12-30,1,Aston Villa,Burnley,3,2,2,1
9869,2023,57,2023-12-30,1,Crystal Palace,Brentford,3,1,2,1
9870,2023,57,2023-12-30,1,Luton,Chelsea,2,3,0,2
9871,2023,57,2023-12-30,1,Man City,Sheffield United,2,0,1,0
9872,2023,57,2023-12-30,1,Nott'm Forest,Man United,2,1,0,0
9873,2023,57,2023-12-30,1,Wolves,Everton,3,0,1,0
9874,2023,57,2023-12-30,3,Atalanta,Lecce,1,0,0,0
9875,2023,57,2023-12-30,3,Cagliari,Empoli,0,0,0,0
9876,2023,57,2023-12-30,3,Juventus,Roma,1,0,0,0
9877,2023,57,2023-12-30,3,Milan,Sassuolo,1,0,0,0
9878,2023,57,2023-12-30,3,Udinese,Bologna,3,0,1,0
9879,2023,57,2023-12-30,3,Verona,Salernitana,0,1,0,0
9880,2023,58,2023-12-31,1,Fulham,Arsenal,2,1,1,1
9881,2023,58,2023-12-31,1,Tottenham,Bournemouth,3,1,1,0
9882,2023,59,2024-01-01,1,Liverpool,Newcastle,4,2,0,0
9883,2023,60,2024-01-02,1,West Ham,Brighton,0,0,0,0
9884,2023,69,2024-01-02,2,Getafe,Vallecano,0,2,0,1
9885,2023,69,2024-01-02,2,Sociedad,Alaves,1,1,0,0
9886,2023,69,2024-01-02,2,Valencia,Villarreal,3,1,2,0
9887,2023,70,2024-01-03,2,Celta,Betis,2,1,1,1
9888,2023,70,2024-01-03,2,Girona,Ath Madrid,4,3,3,2
9889,2023,70,2024-01-03,2,Granada,Cadiz,2,0,1,0
9890,2023,70,2024-01-03,2,Real Madrid,Mallorca,1,0,0,0
9891,2023,71,2024-01-04,2,Las Palmas,Barcelona,1,2,1,0
9892,2023,71,2024-01-04,2,Osasuna,Almeria,1,0,1,0
9893,2023,71,2024-01-04,2,Sevilla,Ath Bilbao,0,2,0,1
9894,2023,58,2024-01-05,3,Bologna,Genoa,1,1,0,1
9895,2023,59,2024-01-06,3,Frosinone,Monza,2,3,0,2
9896,2023,59,2024-01-06,3,Inter,Verona,2,1,1,0
9897,2023,59,2024-01-06,3,Lecce,Cagliari,1,1,1,0
9898,2023,59,2024-01-06,3,Sassuolo,Fiorentina,1,0,1,0
9899,2023,60,2024-01-07,3,Empoli,Milan,0,3,0,2
9900,2023,60,2024-01-07,3,Roma,Atalanta,1,1,1,1
9901,2023,60,2024-01-07,3,Salernitana,Juventus,1,2,1,0
9902,2023,60,2024-01-07,3,Torino,Napoli,3,0,1,0
9903,2023,60,2024-01-07,3,Udinese,Lazio,1,2,0,1
9904,2023,61,2024-01-12,1,Burnley,Luton,1,1,1,0
9905,2023,72,2024-01-12,2,Sevilla,Alaves,2,3,0,2
9906,2023,48,2024-01-12,4,Bayern Munich,Hoffenheim,3,0,1,0
9907,2023,54,2024-01-12,5,Marseille,Strasbourg,1,1,1,0
9908,2023,62,2024-01-13,1,Chelsea,Fulham,1,0,1,0
9909,2023,62,2024-01-13,1,Newcastle,Man City,2,3,2,1
9910,2023,73,2024-01-13,2,Ath Bilbao,Sociedad,2,1,2,0
9911,2023,73,2024-01-13,2,Betis,Granada,1,0,0,0
9912,2023,73,2024-01-13,2,Las Palmas,Villarreal,3,0,1,0
9913,2023,73,2024-01-13,2,Mallorca,Celta,1,1,1,1
9914,2023,61,2024-01-13,3,Genoa,Torino,0,0,0,0
9915,2023,61,2024-01-13,3,Monza,Inter,1,5,0,2
9916,2023,61,2024-01-13,3,Napoli,Salernitana,2,1,1,1
9917,2023,61,2024-01-13,3,Verona,Empoli,2,1,1,0
9918,2023,49,2024-01-13,4,Augsburg,Leverkusen,0,1,0,0
9919,2023,49,2024-01-13,4,Darmstadt,Dortmund,0,3,0,1
9920,2023,49,2024-01-13,4,FC Koln,Heidenheim,1,1,1,0
9921,2023,49,2024-01-13,4,Freiburg,Union Berlin,0,0,0,0
9922,2023,49,2024-01-13,4,Mainz,Wolfsburg,1,1,0,1
9923,2023,49,2024-01-13,4,RB Leipzig,Ein Frankfurt,0,1,0,1
9924,2023,55,2024-01-13,5,Monaco,Reims,1,3,0,1
9925,2023,55,2024-01-13,5,Rennes,Nice,2,0,1,0
9926,2023,63,2024-01-14,1,Everton,Aston Villa,0,0,0,0
9927,2023,63,2024-01-14,1,Man United,Tottenham,2,2,2,1
9928,2023,74,2024-01-14,2,Almeria,Girona,0,0,0,0
9929,2023,74,2024-01-14,2,Cadiz,Valencia,1,4,1,1
9930,2023,62,2024-01-14,3,Cagliari,Bologna,2,1,1,1
9931,2023,62,2024-01-14,3,Fiorentina,Udinese,2,2,0,1
9932,2023,62,2024-01-14,3,Lazio,Lecce,1,0,0,0
9933,2023,62,2024-01-14,3,Milan,Roma,3,1,1,0
9934,2023,50,2024-01-14,4,Bochum,Werder Bremen,1,1,0,0
9935,2023,50,2024-01-14,4,M'gladbach,Stuttgart,3,1,2,0
9936,2023,56,2024-01-14,5,Brest,Montpellier,2,0,0,0
9937,2023,56,2024-01-14,5,Le Havre,Lyon,3,1,1,0
9938,2023,56,2024-01-14,5,Lens,Paris SG,0,2,0,1
9939,2023,56,2024-01-14,5,Lille,Lorient,3,0,1,0
9940,2023,56,2024-01-14,5,Metz,Toulouse,0,1,0,1
9941,2023,56,2024-01-14,5,Nantes,Clermont,1,2,0,1
9942,2023,63,2024-01-15,3,Atalanta,Frosinone,5,0,3,0
9943,2023,64,2024-01-16,3,Juventus,Sassuolo,3,0,2,0
9944,2023,75,2024-01-19,2,Alaves,Cadiz,1,0,0,0
9945,2023,64,2024-01-20,1,Arsenal,Crystal Palace,5,0,2,0
9946,2023,64,2024-01-20,1,Brentford,Nott'm Forest,3,2,1,1
9947,2023,76,2024-01-20,2,Celta,Sociedad,0,1,0,1
9948,2023,76,2024-01-20,2,Valencia,Ath Bilbao,1,0,0,0
9949,2023,76,2024-01-20,2,Vallecano,Las Palmas,0,2,0,1
9950,2023,76,2024-01-20,2,Villarreal,Mallorca,1,1,1,0
9951,2023,65,2024-01-20,3,Roma,Verona,2,1,2,0
9952,2023,65,2024-01-20,3,Udinese,Milan,2,3,1,1
9953,2023,51,2024-01-20,4,Bochum,Stuttgart,1,0,0,0
9954,2023,51,2024-01-20,4,Darmstadt,Ein Frankfurt,2,2,0,1
9955,2023,51,2024-01-20,4,FC Koln,Dortmund,0,4,0,1
9956,2023,51,2024-01-20,4,Freiburg,Hoffenheim,3,2,1,0
9957,2023,51,2024-01-20,4,Heidenheim,Wolfsburg,1,1,1,1
9958,2023,51,2024-01-20,4,RB Leipzig,Leverkusen,2,3,1,0
9959,2023,65,2024-01-21,1,Bournemouth,Liverpool,0,4,0,0
9960,2023,65,2024-01-21,1,Sheffield United,West Ham,2,2,1,1
9961,2023,77,2024-01-21,2,Betis,Barcelona,2,4,0,1
9962,2023,77,2024-01-21,2,Girona,Sevilla,5,1,3,1
9963,2023,77,2024-01-21,2,Osasuna,Getafe,3,2,2,0
9964,2023,77,2024-01-21,2,Real Madrid,Almeria,3,2,0,2
9965,2023,66,2024-01-21,3,Empoli,Monza,3,0,2,0
9966,2023,66,2024-01-21,3,Frosinone,Cagliari,3,1,0,1
9967,2023,66,2024-01-21,3,Lecce,Juventus,0,3,0,0
9968,2023,66,2024-01-21,3,Salernitana,Genoa,1,2,1,1
9969,2023,52,2024-01-21,4,Bayern Munich,Werder Bremen,0,1,0,0
9970,2023,52,2024-01-21,4,M'gladbach,Augsburg,1,2,1,0
9971,2023,66,2024-01-22,1,Brighton,Wolves,0,0,0,0
9972,2023,78,2024-01-22,2,Granada,Ath Madrid,0,1,0,0
9973,2023,53,2024-01-24,4,Bayern Munich,Union Berlin,1,0,0,0
9974,2023,79,2024-01-26,2,Almeria,Alaves,0,3,0,1
9975,2023,67,2024-01-26,3,Cagliari,Torino,1,2,0,2
9976,2023,54,2024-01-26,4,Ein Frankfurt,Mainz,1,0,0,0
9977,2023,57,2024-01-26,5,Lyon,Rennes,2,3,0,3
9978,2023,80,2024-01-27,2,Barcelona,Villarreal,3,5,0,1
9979,2023,80,2024-01-27,2,Las Palmas,Real Madrid,1,2,0,0
9980,2023,80,2024-01-27,2,Mallorca,Betis,0,1,0,1
9981,2023,80,2024-01-27,2,Sociedad,Vallecano,0,0,0,0
9982,2023,68,2024-01-27,3,Atalanta,Udinese,2,0,2,0
9983,2023,68,2024-01-27,3,Juventus,Empoli,1,1,0,0
9984,2023,68,2024-01-27,3,Milan,Bologna,2,2,1,1
9985,2023,55,2024-01-27,4,Augsburg,Bayern Munich,2,3,0,2
9986,2023,55,2024-01-27,4,Hoffenheim,Heidenheim,1,1,1,1
9987,2023,55,2024-01-27,4,Leverkusen,M'gladbach,0,0,0,0
9988,2023,55,2024-01-27,4,Stuttgart,RB Leipzig,5,2,2,1
9989,2023,55,2024-01-27,4,Werder Bremen,Freiburg,3,1,1,1
9990,2023,55,2024-01-27,4,Wolfsburg,FC Koln,1,1,1,1
9991,2023,58,2024-01-27,5,Marseille,Monaco,2,2,1,2
9992,2023,58,2024-01-27,5,Nice,Metz,1,0,0,0
9993,2023,81,2024-01-28,2,Ath Madrid,Valencia,2,0,1,0
9994,2023,81,2024-01-28,2,Cadiz,Ath Bilbao,0,0,0,0
9995,2023,81,2024-01-28,2,Celta,Girona,0,1,0,1
9996,2023,81,2024-01-28,2,Sevilla,Osasuna,1,1,1,0
9997,2023,69,2024-01-28,3,Fiorentina,Inter,0,1,0,1
9998,2023,69,2024-01-28,3,Genoa,Lecce,2,1,0,1
9999,2023,69,2024-01-28,3,Lazio,Napoli,0,0,0,0
10000,2023,69,2024-01-28,3,Monza,Sassuolo,1,0,1,0
10001,2023,69,2024-01-28,3,Verona,Frosinone,1,1,1,0
10002,2023,56,2024-01-28,4,Dortmund,Bochum,3,1,1,1
10003,2023,56,2024-01-28,4,Union Berlin,Darmstadt,1,0,0,0
10004,2023,59,2024-01-28,5,Clermont,Strasbourg,1,1,0,1
10005,2023,59,2024-01-28,5,Lorient,Le Havre,3,3,1,1
10006,2023,59,2024-01-28,5,Montpellier,Lille,0,0,0,0
10007,2023,59,2024-01-28,5,Paris SG,Brest,2,2,2,0
10008,2023,59,2024-01-28,5,Reims,Nantes,0,0,0,0
10009,2023,59,2024-01-28,5,Toulouse,Lens,0,2,0,1
10010,2023,82,2024-01-29,2,Getafe,Granada,2,0,2,0
10011,2023,70,2024-01-29,3,Salernitana,Roma,1,2,0,0
10012,2023,67,2024-01-30,1,Aston Villa,Newcastle,1,3,0,2
10013,2023,67,2024-01-30,1,Crystal Palace,Sheffield United,3,2,2,2
10014,2023,67,2024-01-30,1,Fulham,Everton,0,0,0,0
10015,2023,67,2024-01-30,1,Luton,Brighton,4,0,3,0
10016,2023,67,2024-01-30,1,Nott'm Forest,Arsenal,1,2,0,0
10017,2023,68,2024-01-31,1,Liverpool,Chelsea,4,1,2,0
10018,2023,68,2024-01-31,1,Man City,Burnley,3,1,2,0
10019,2023,68,2024-01-31,1,Tottenham,Brentford,3,2,0,1
10020,2023,83,2024-01-31,2,Ath Madrid,Vallecano,2,1,1,1
10021,2023,83,2024-01-31,2,Barcelona,Osasuna,1,0,0,0
10022,2023,69,2024-02-01,1,West Ham,Bournemouth,1,1,0,1
10023,2023,69,2024-02-01,1,Wolves,Man United,3,4,0,2
10024,2023,84,2024-02-01,2,Getafe,Real Madrid,0,2,0,1
10025,2023,85,2024-02-02,2,Ath Bilbao,Mallorca,4,0,2,0
10026,2023,71,2024-02-02,3,Lecce,Fiorentina,3,2,1,0
10027,2023,57,2024-02-02,4,Heidenheim,Dortmund,0,0,0,0
10028,2023,60,2024-02-02,5,Strasbourg,Paris SG,1,2,0,1
10029,2023,70,2024-02-03,1,Brighton,Crystal Palace,4,1,3,0
10030,2023,70,2024-02-03,1,Burnley,Fulham,2,2,0,2
10031,2023,70,2024-02-03,1,Everton,Tottenham,2,2,1,2
10032,2023,70,2024-02-03,1,Newcastle,Luton,4,4,2,2
10033,2023,70,2024-02-03,1,Sheffield United,Aston Villa,0,5,0,4
10034,2023,86,2024-02-03,2,Alaves,Barcelona,1,3,0,1
10035,2023,86,2024-02-03,2,Girona,Sociedad,0,0,0,0
10036,2023,86,2024-02-03,2,Granada,Las Palmas,1,1,1,0
10037,2023,86,2024-02-03,2,Valencia,Almeria,2,1,2,0
10038,2023,72,2024-02-03,3,Bologna,Sassuolo,4,2,1,2
10039,2023,72,2024-02-03,3,Empoli,Genoa,0,0,0,0
10040,2023,72,2024-02-03,3,Frosinone,Milan,2,3,1,1
10041,2023,72,2024-02-03,3,Udinese,Monza,0,0,0,0
10042,2023,58,2024-02-03,4,Bayern Munich,M'gladbach,3,1,1,1
10043,2023,58,2024-02-03,4,Bochum,Augsburg,1,1,1,0
10044,2023,58,2024-02-03,4,Darmstadt,Leverkusen,0,2,0,1
10045,2023,58,2024-02-03,4,FC Koln,Ein Frankfurt,2,0,0,0
10046,2023,58,2024-02-03,4,Freiburg,Stuttgart,1,3,1,2
10047,2023,58,2024-02-03,4,Mainz,Werder Bremen,0,1,0,1
10048,2023,61,2024-02-03,5,Nantes,Lens,0,1,0,0
10049,2023,61,2024-02-03,5,Rennes,Montpellier,2,1,1,0
10050,2023,71,2024-02-04,1,Arsenal,Liverpool,3,1,1,1
10051,2023,71,2024-02-04,1,Bournemouth,Nott'm Forest,1,1,1,1
10052,2023,71,2024-02-04,1,Chelsea,Wolves,2,4,1,2
10053,2023,71,2024-02-04,1,Man United,West Ham,3,0,1,0
10054,2023,87,2024-02-04,2,Betis,Getafe,1,1,1,1
10055,2023,87,2024-02-04,2,Osasuna,Celta,0,3,0,2
10056,2023,87,2024-02-04,2,Real Madrid,Ath Madrid,1,1,1,0
10057,2023,87,2024-02-04,2,Villarreal,Cadiz,0,0,0,0
10058,2023,73,2024-02-04,3,Atalanta,Lazio,3,1,2,0
10059,2023,73,2024-02-04,3,Inter,Juventus,1,0,1,0
10060,2023,73,2024-02-04,3,Napoli,Verona,2,1,0,0
10061,2023,73,2024-02-04,3,Torino,Salernitana,0,0,0,0
10062,2023,59,2024-02-04,4,RB Leipzig,Union Berlin,2,0,1,0
10063,2023,59,2024-02-04,4,Wolfsburg,Hoffenheim,2,2,0,1
10064,2023,62,2024-02-04,5,Brest,Nice,0,0,0,0
10065,2023,62,2024-02-04,5,Lille,Clermont,4,0,4,0
10066,2023,62,2024-02-04,5,Lyon,Marseille,1,0,1,0
10067,2023,62,2024-02-04,5,Metz,Lorient,1,2,1,1
10068,2023,62,2024-02-04,5,Monaco,Le Havre,1,1,0,0
10069,2023,62,2024-02-04,5,Reims,Toulouse,2,3,0,3
10070,2023,72,2024-02-05,1,Brentford,Man City,1,3,1,1
10071,2023,88,2024-02-05,2,Vallecano,Sevilla,1,2,1,2
10072,2023,74,2024-02-05,3,Roma,Cagliari,4,0,2,0
10073,2023,60,2024-02-07,4,Mainz,Union Berlin,1,1,1,1
10074,2023,89,2024-02-09,2,Cadiz,Betis,0,2,0,1
10075,2023,75,2024-02-09,3,Salernitana,Empoli,1,3,0,1
10076,2023,61,2024-02-09,4,Dortmund,Freiburg,3,0,2,0
10077,2023,63,2024-02-09,5,Marseille,Metz,1,1,0,0
10078,2023,73,2024-02-10,1,Fulham,Bournemouth,3,1,2,0
10079,2023,73,2024-02-10,1,Liverpool,Burnley,3,1,1,1
10080,2023,73,2024-02-10,1,Luton,Sheffield United,1,3,0,2
10081,2023,73,2024-02-10,1,Man City,Everton,2,0,0,0
10082,2023,73,2024-02-10,1,Nott'm Forest,Newcastle,2,3,2,2
10083,2023,73,2024-02-10,1,Tottenham,Brighton,2,1,0,1
10084,2023,73,2024-02-10,1,Wolves,Brentford,0,2,0,1
10085,2023,90,2024-02-10,2,Alaves,Villarreal,1,1,1,1
10086,2023,90,2024-02-10,2,Las Palmas,Valencia,2,0,0,0
10087,2023,90,2024-02-10,2,Real Madrid,Girona,4,0,2,0
10088,2023,90,2024-02-10,2,Sociedad,Osasuna,0,1,0,0
10089,2023,76,2024-02-10,3,Cagliari,Lazio,1,3,0,1
10090,2023,76,2024-02-10,3,Roma,Inter,2,4,2,1
10091,2023,76,2024-02-10,3,Sassuolo,Torino,1,1,1,1
10092,2023,62,2024-02-10,4,Augsburg,RB Leipzig,2,2,1,1
10093,2023,62,2024-02-10,4,Ein Frankfurt,Bochum,1,1,1,1
10094,2023,62,2024-02-10,4,Leverkusen,Bayern Munich,3,0,1,0
10095,2023,62,2024-02-10,4,M'gladbach,Darmstadt,0,0,0,0
10096,2023,62,2024-02-10,4,Union Berlin,Wolfsburg,1,0,1,0
10097,2023,62,2024-02-10,4,Werder Bremen,Heidenheim,1,2,1,2
10098,2023,64,2024-02-10,5,Lens,Strasbourg,3,1,2,1
10099,2023,64,2024-02-10,5,Paris SG,Lille,3,1,2,1
10100,2023,74,2024-02-11,1,Aston Villa,Man United,1,2,0,1
10101,2023,74,2024-02-11,1,West Ham,Arsenal,0,6,0,4
10102,2023,91,2024-02-11,2,Barcelona,Granada,3,3,1,1
10103,2023,91,2024-02-11,2,Getafe,Celta,3,2,2,0
10104,2023,91,2024-02-11,2,Mallorca,Vallecano,2,1,0,0
10105,2023,91,2024-02-11,2,Sevilla,Ath Madrid,1,0,1,0
10106,2023,77,2024-02-11,3,Bologna,Lecce,4,0,2,0
10107,2023,77,2024-02-11,3,Fiorentina,Frosinone,5,1,3,0
10108,2023,77,2024-02-11,3,Genoa,Atalanta,1,4,0,1
10109,2023,77,2024-02-11,3,Milan,Napoli,1,0,1,0
10110,2023,77,2024-02-11,3,Monza,Verona,0,0,0,0
10111,2023,63,2024-02-11,4,Hoffenheim,FC Koln,1,1,0,0
10112,2023,63,2024-02-11,4,Stuttgart,Mainz,3,1,2,0
10113,2023,65,2024-02-11,5,Clermont,Brest,1,1,0,0
10114,2023,65,2024-02-11,5,Le Havre,Rennes,0,1,0,0
10115,2023,65,2024-02-11,5,Lorient,Reims,2,0,0,0
10116,2023,65,2024-02-11,5,Montpellier,Lyon,1,2,1,0
10117,2023,65,2024-02-11,5,Nice,Monaco,2,3,1,1
10118,2023,65,2024-02-11,5,Toulouse,Nantes,1,2,0,1
10119,2023,75,2024-02-12,1,Crystal Palace,Chelsea,1,3,1,0
10120,2023,92,2024-02-12,2,Almeria,Ath Bilbao,0,0,0,0
10121,2023,78,2024-02-12,3,Juventus,Udinese,0,1,0,1
10122,2023,79,2024-02-14,3,Bologna,Fiorentina,2,0,1,0
10123,2023,93,2024-02-16,2,Villarreal,Getafe,1,1,0,1
10124,2023,80,2024-02-16,3,Inter,Salernitana,4,0,3,0
10125,2023,80,2024-02-16,3,Torino,Lecce,2,0,0,0
10126,2023,64,2024-02-16,4,FC Koln,Werder Bremen,0,1,0,0
10127,2023,66,2024-02-16,5,Lyon,Nice,1,0,1,0
10128,2023,76,2024-02-17,1,Brentford,Liverpool,1,4,0,1
10129,2023,76,2024-02-17,1,Burnley,Arsenal,0,5,0,2
10130,2023,76,2024-02-17,1,Fulham,Aston Villa,1,2,0,1
10131,2023,76,2024-02-17,1,Man City,Chelsea,1,1,0,1
10132,2023,76,2024-02-17,1,Newcastle,Bournemouth,2,2,0,0
10133,2023,76,2024-02-17,1,Nott'm Forest,West Ham,2,0,1,0
10134,2023,76,2024-02-17,1,Tottenham,Wolves,1,2,0,1
10135,2023,94,2024-02-17,2,Ath Madrid,Las Palmas,5,0,2,0
10136,2023,94,2024-02-17,2,Celta,Barcelona,1,2,0,1
10137,2023,94,2024-02-17,2,Osasuna,Cadiz,2,0,0,0
10138,2023,94,2024-02-17,2,Valencia,Sevilla,0,0,0,0
10139,2023,81,2024-02-17,3,Atalanta,Sassuolo,3,0,1,0
10140,2023,81,2024-02-17,3,Napoli,Genoa,1,1,0,0
10141,2023,81,2024-02-17,3,Verona,Juventus,2,2,1,1
10142,2023,65,2024-02-17,4,Darmstadt,Stuttgart,1,2,0,1
10143,2023,65,2024-02-17,4,Heidenheim,Leverkusen,1,2,0,1
10144,2023,65,2024-02-17,4,Hoffenheim,Union Berlin,0,1,0,0
10145,2023,65,2024-02-17,4,Mainz,Augsburg,1,0,1,0
10146,2023,65,2024-02-17,4,RB Leipzig,M'gladbach,2,0,1,0
10147,2023,65,2024-02-17,4,Wolfsburg,Dortmund,1,1,0,1
10148,2023,67,2024-02-17,5,Lille,Le Havre,3,0,2,0
10149,2023,67,2024-02-17,5,Nantes,Paris SG,0,2,0,0
10150,2023,77,2024-02-18,1,Luton,Man United,1,2,1,2
10151,2023,77,2024-02-18,1,Sheffield United,Brighton,0,5,0,2
10152,2023,95,2024-02-18,2,Betis,Alaves,0,0,0,0
10153,2023,95,2024-02-18,2,Granada,Almeria,1,1,0,1
10154,2023,95,2024-02-18,2,Mallorca,Sociedad,1,2,1,1
10155,2023,95,2024-02-18,2,Vallecano,Real Madrid,1,1,1,1
10156,2023,82,2024-02-18,3,Empoli,Fiorentina,1,1,0,1
10157,2023,82,2024-02-18,3,Frosinone,Roma,0,3,0,1
10158,2023,82,2024-02-18,3,Lazio,Bologna,1,2,1,1
10159,2023,82,2024-02-18,3,Monza,Milan,4,2,2,0
10160,2023,82,2024-02-18,3,Udinese,Cagliari,1,1,1,1
10161,2023,66,2024-02-18,4,Bochum,Bayern Munich,3,2,2,1
10162,2023,66,2024-02-18,4,Freiburg,Ein Frankfurt,3,3,2,2
10163,2023,68,2024-02-18,5,Brest,Marseille,1,0,0,0
10164,2023,68,2024-02-18,5,Monaco,Toulouse,1,2,0,1
10165,2023,68,2024-02-18,5,Montpellier,Metz,3,0,1,0
10166,2023,68,2024-02-18,5,Reims,Lens,1,1,1,1
10167,2023,68,2024-02-18,5,Rennes,Clermont,3,1,1,0
10168,2023,68,2024-02-18,5,Strasbourg,Lorient,1,3,0,2
10169,2023,78,2024-02-19,1,Everton,Crystal Palace,1,1,0,0
10170,2023,96,2024-02-19,2,Ath Bilbao,Girona,3,2,1,0
10171,2023,79,2024-02-20,1,Man City,Brentford,1,0,0,0
10172,2023,80,2024-02-21,1,Liverpool,Luton,4,1,0,1
10173,2023,83,2024-02-22,3,Torino,Lazio,0,2,0,0
10174,2023,97,2024-02-23,2,Sociedad,Villarreal,1,3,0,1
10175,2023,84,2024-02-23,3,Bologna,Verona,2,0,1,0
10176,2023,67,2024-02-23,4,Leverkusen,Mainz,2,1,1,1
10177,2023,69,2024-02-23,5,Metz,Lyon,1,2,1,1
10178,2023,81,2024-02-24,1,Arsenal,Newcastle,4,1,2,0
10179,2023,81,2024-02-24,1,Aston Villa,Nott'm Forest,4,2,3,1
10180,2023,81,2024-02-24,1,Bournemouth,Man City,0,1,0,1
10181,2023,81,2024-02-24,1,Brighton,Everton,1,1,0,0
10182,2023,81,2024-02-24,1,Crystal Palace,Burnley,3,0,0,0
10183,2023,81,2024-02-24,1,Man United,Fulham,1,2,0,0
10184,2023,98,2024-02-24,2,Alaves,Mallorca,1,1,0,0
10185,2023,98,2024-02-24,2,Almeria,Ath Madrid,2,2,1,1
10186,2023,98,2024-02-24,2,Barcelona,Getafe,4,0,1,0
10187,2023,85,2024-02-24,3,Genoa,Udinese,2,0,2,0
10188,2023,85,2024-02-24,3,Salernitana,Monza,0,2,0,0
10189,2023,85,2024-02-24,3,Sassuolo,Empoli,2,3,0,1
10190,2023,68,2024-02-24,4,Bayern Munich,RB Leipzig,2,1,0,0
10191,2023,68,2024-02-24,4,M'gladbach,Bochum,5,2,2,0
10192,2023,68,2024-02-24,4,Stuttgart,FC Koln,1,1,0,0
10193,2023,68,2024-02-24,4,Union Berlin,Heidenheim,2,2,2,1
10194,2023,68,2024-02-24,4,Werder Bremen,Darmstadt,1,1,1,1
10195,2023,70,2024-02-24,5,Lorient,Nantes,0,1,0,0
10196,2023,70,2024-02-24,5,Strasbourg,Brest,0,3,0,2
10197,2023,82,2024-02-25,1,Wolves,Sheffield United,1,0,1,0
10198,2023,99,2024-02-25,2,Betis,Ath Bilbao,3,1,2,1
10199,2023,99,2024-02-25,2,Cadiz,Celta,2,2,0,1
10200,2023,99,2024-02-25,2,Las Palmas,Osasuna,1,1,0,0
10201,2023,99,2024-02-25,2,Real Madrid,Sevilla,1,0,0,0
10202,2023,86,2024-02-25,3,Cagliari,Napoli,1,1,0,0
10203,2023,86,2024-02-25,3,Juventus,Frosinone,3,2,2,2
10204,2023,86,2024-02-25,3,Lecce,Inter,0,4,0,1
10205,2023,86,2024-02-25,3,Milan,Atalanta,1,1,1,1
10206,2023,69,2024-02-25,4,Augsburg,Freiburg,2,1,0,1
10207,2023,69,2024-02-25,4,Dortmund,Hoffenheim,2,3,2,1
10208,2023,69,2024-02-25,4,Ein Frankfurt,Wolfsburg,2,2,1,2
10209,2023,71,2024-02-25,5,Le Havre,Reims,1,2,0,0
10210,2023,71,2024-02-25,5,Lens,Monaco,2,3,1,2
10211,2023,71,2024-02-25,5,Marseille,Montpellier,4,1,2,1
10212,2023,71,2024-02-25,5,Nice,Clermont,0,0,0,0
10213,2023,71,2024-02-25,5,Paris SG,Rennes,1,1,0,1
10214,2023,71,2024-02-25,5,Toulouse,Lille,3,1,0,1
10215,2023,83,2024-02-26,1,West Ham,Brentford,4,2,2,1
10216,2023,100,2024-02-26,2,Girona,Vallecano,3,0,0,0
10217,2023,87,2024-02-26,3,Fiorentina,Lazio,2,1,0,1
10218,2023,87,2024-02-26,3,Roma,Torino,3,2,1,1
10219,2023,88,2024-02-28,3,Inter,Atalanta,4,0,2,0
10220,2023,88,2024-02-28,3,Sassuolo,Napoli,1,6,1,3
10221,2023,101,2024-03-01,2,Celta,Almeria,1,0,0,0
10222,2023,89,2024-03-01,3,Lazio,Milan,0,1,0,0
10223,2023,70,2024-03-01,4,Freiburg,Bayern Munich,2,2,1,1
10224,2023,72,2024-03-01,5,Monaco,Paris SG,0,0,0,0
10225,2023,84,2024-03-02,1,Brentford,Chelsea,2,2,0,1
10226,2023,84,2024-03-02,1,Everton,West Ham,1,3,0,0
10227,2023,84,2024-03-02,1,Fulham,Brighton,3,0,2,0
10228,2023,84,2024-03-02,1,Luton,Aston Villa,2,3,0,2
10229,2023,84,2024-03-02,1,Newcastle,Wolves,3,0,2,0
10230,2023,84,2024-03-02,1,Nott'm Forest,Liverpool,0,1,0,0
10231,2023,84,2024-03-02,1,Tottenham,Crystal Palace,3,1,0,0
10232,2023,102,2024-03-02,2,Getafe,Las Palmas,3,3,3,1
10233,2023,102,2024-03-02,2,Sevilla,Sociedad,3,2,2,1
10234,2023,102,2024-03-02,2,Valencia,Real Madrid,2,2,2,1
10235,2023,102,2024-03-02,2,Vallecano,Cadiz,1,1,0,0
10236,2023,90,2024-03-02,3,Monza,Roma,1,4,0,2
10237,2023,90,2024-03-02,3,Torino,Fiorentina,0,0,0,0
10238,2023,90,2024-03-02,3,Udinese,Salernitana,1,1,1,1
10239,2023,71,2024-03-02,4,Bochum,RB Leipzig,1,4,1,1
10240,2023,71,2024-03-02,4,Darmstadt,Augsburg,0,6,0,5
10241,2023,71,2024-03-02,4,Heidenheim,Ein Frankfurt,1,2,0,1
10242,2023,71,2024-03-02,4,Mainz,M'gladbach,1,1,1,0
10243,2023,71,2024-03-02,4,Union Berlin,Dortmund,0,2,0,1
10244,2023,71,2024-03-02,4,Wolfsburg,Stuttgart,2,3,0,1
10245,2023,73,2024-03-02,5,Clermont,Marseille,1,5,0,1
10246,2023,73,2024-03-02,5,Reims,Lille,0,1,0,0
10247,2023,85,2024-03-03,1,Burnley,Bournemouth,0,2,0,1
10248,2023,85,2024-03-03,1,Man City,Man United,3,1,0,1
10249,2023,103,2024-03-03,2,Ath Bilbao,Barcelona,0,0,0,0
10250,2023,103,2024-03-03,2,Ath Madrid,Betis,2,1,2,0
10251,2023,103,2024-03-03,2,Mallorca,Girona,1,0,1,0
10252,2023,103,2024-03-03,2,Villarreal,Granada,5,1,3,0
10253,2023,91,2024-03-03,3,Atalanta,Bologna,1,2,1,0
10254,2023,91,2024-03-03,3,Empoli,Cagliari,0,1,0,0
10255,2023,91,2024-03-03,3,Frosinone,Lecce,1,1,1,0
10256,2023,91,2024-03-03,3,Napoli,Juventus,2,1,1,0
10257,2023,91,2024-03-03,3,Verona,Sassuolo,1,0,0,0
10258,2023,72,2024-03-03,4,FC Koln,Leverkusen,0,2,0,1
10259,2023,72,2024-03-03,4,Hoffenheim,Werder Bremen,2,1,2,0
10260,2023,74,2024-03-03,5,Brest,Le Havre,1,0,1,0
10261,2023,74,2024-03-03,5,Lyon,Lens,0,3,0,1
10262,2023,74,2024-03-03,5,Montpellier,Strasbourg,2,2,0,0
10263,2023,74,2024-03-03,5,Nantes,Metz,0,2,0,0
10264,2023,74,2024-03-03,5,Rennes,Lorient,1,2,0,0
10265,2023,74,2024-03-03,5,Toulouse,Nice,2,1,0,1
10266,2023,86,2024-03-04,1,Sheffield United,Arsenal,0,6,0,5
10267,2023,104,2024-03-04,2,Osasuna,Alaves,1,0,0,0
10268,2023,92,2024-03-04,3,Inter,Genoa,2,1,2,0
10269,2023,105,2024-03-08,2,Barcelona,Mallorca,1,0,0,0
10270,2023,93,2024-03-08,3,Napoli,Torino,1,1,0,0
10271,2023,73,2024-03-08,4,Stuttgart,Union Berlin,2,0,1,0
10272,2023,75,2024-03-08,5,Nice,Montpellier,1,2,1,2
10273,2023,87,2024-03-09,1,Arsenal,Brentford,2,1,1,1
10274,2023,87,2024-03-09,1,Bournemouth,Sheffield United,2,2,0,1
10275,2023,87,2024-03-09,1,Crystal Palace,Luton,1,1,1,0
10276,2023,87,2024-03-09,1,Man United,Everton,2,0,2,0
10277,2023,87,2024-03-09,1,Wolves,Fulham,2,1,0,0
10278,2023,106,2024-03-09,2,Cadiz,Ath Madrid,2,0,1,0
10279,2023,106,2024-03-09,2,Girona,Osasuna,2,0,1,0
10280,2023,106,2024-03-09,2,Granada,Sociedad,2,3,2,1
10281,2023,106,2024-03-09,2,Valencia,Getafe,1,0,1,0
10282,2023,94,2024-03-09,3,Bologna,Inter,0,1,0,1
10283,2023,94,2024-03-09,3,Cagliari,Salernitana,4,2,2,0
10284,2023,94,2024-03-09,3,Genoa,Monza,2,3,0,2
10285,2023,94,2024-03-09,3,Sassuolo,Frosinone,1,0,0,0
10286,2023,74,2024-03-09,4,Augsburg,Heidenheim,1,0,1,0
10287,2023,74,2024-03-09,4,Bayern Munich,Mainz,8,1,3,1
10288,2023,74,2024-03-09,4,M'gladbach,FC Koln,3,3,1,1
10289,2023,74,2024-03-09,4,RB Leipzig,Darmstadt,2,0,1,0
10290,2023,74,2024-03-09,4,Werder Bremen,Dortmund,1,2,0,2
10291,2023,76,2024-03-09,5,Lens,Brest,1,0,1,0
10292,2023,76,2024-03-09,5,Lorient,Lyon,0,2,0,0
10293,2023,88,2024-03-10,1,Aston Villa,Tottenham,0,4,0,0
10294,2023,88,2024-03-10,1,Brighton,Nott'm Forest,1,0,1,0
10295,2023,88,2024-03-10,1,Liverpool,Man City,1,1,0,1
10296,2023,88,2024-03-10,1,West Ham,Burnley,2,2,0,2
10297,2023,107,2024-03-10,2,Alaves,Vallecano,1,0,1,0
10298,2023,107,2024-03-10,2,Betis,Villarreal,2,3,2,1
10299,2023,107,2024-03-10,2,Las Palmas,Ath Bilbao,0,2,0,1
10300,2023,107,2024-03-10,2,Real Madrid,Celta,4,0,1,0
10301,2023,95,2024-03-10,3,Fiorentina,Roma,2,2,1,0
10302,2023,95,2024-03-10,3,Juventus,Atalanta,2,2,0,1
10303,2023,95,2024-03-10,3,Lecce,Verona,0,1,0,1
10304,2023,95,2024-03-10,3,Milan,Empoli,1,0,1,0
10305,2023,75,2024-03-10,4,Bochum,Freiburg,1,2,0,1
10306,2023,75,2024-03-10,4,Ein Frankfurt,Hoffenheim,3,1,1,1
10307,2023,75,2024-03-10,4,Leverkusen,Wolfsburg,2,0,1,0
10308,2023,77,2024-03-10,5,Le Havre,Toulouse,1,0,0,0
10309,2023,77,2024-03-10,5,Lille,Rennes,2,2,0,2
10310,2023,77,2024-03-10,5,Marseille,Nantes,2,0,1,0
10311,2023,77,2024-03-10,5,Metz,Clermont,1,0,1,0
10312,2023,77,2024-03-10,5,Paris SG,Reims,2,2,2,2
10313,2023,77,2024-03-10,5,Strasbourg,Monaco,0,1,0,0
10314,2023,89,2024-03-11,1,Chelsea,Newcastle,3,2,1,1
10315,2023,108,2024-03-11,2,Almeria,Sevilla,2,2,1,0
10316,2023,96,2024-03-11,3,Lazio,Udinese,1,2,0,0
10317,2023,90,2024-03-13,1,Bournemouth,Luton,4,3,0,3
10318,2023,109,2024-03-15,2,Sociedad,Cadiz,2,0,1,0
10319,2023,97,2024-03-15,3,Empoli,Bologna,0,1,0,0
10320,2023,76,2024-03-15,4,FC Koln,RB Leipzig,1,5,1,1
10321,2023,78,2024-03-15,5,Toulouse,Lyon,2,3,0,1
10322,2023,91,2024-03-16,1,Burnley,Brentford,2,1,1,0
10323,2023,91,2024-03-16,1,Fulham,Tottenham,3,0,1,0
10324,2023,91,2024-03-16,1,Luton,Nott'm Forest,1,1,0,1
10325,2023,110,2024-03-16,2,Ath Bilbao,Alaves,2,0,2,0
10326,2023,110,2024-03-16,2,Getafe,Girona,1,0,1,0
10327,2023,110,2024-03-16,2,Mallorca,Granada,1,0,0,0
10328,2023,110,2024-03-16,2,Osasuna,Real Madrid,2,4,1,2
10329,2023,98,2024-03-16,3,Frosinone,Lazio,2,3,1,1
10330,2023,98,2024-03-16,3,Monza,Cagliari,1,0,1,0
10331,2023,98,2024-03-16,3,Salernitana,Lecce,0,1,0,1
10332,2023,98,2024-03-16,3,Udinese,Torino,0,2,0,1
10333,2023,77,2024-03-16,4,Darmstadt,Bayern Munich,2,5,1,2
10334,2023,77,2024-03-16,4,Heidenheim,M'gladbach,1,1,0,1
10335,2023,77,2024-03-16,4,Hoffenheim,Stuttgart,0,3,0,2
10336,2023,77,2024-03-16,4,Mainz,Bochum,2,0,1,0
10337,2023,77,2024-03-16,4,Union Berlin,Werder Bremen,2,1,0,0
10338,2023,77,2024-03-16,4,Wolfsburg,Augsburg,1,3,1,1
10339,2023,79,2024-03-16,5,Lens,Nice,1,3,0,1
10340,2023,79,2024-03-16,5,Nantes,Strasbourg,1,3,1,1
10341,2023,92,2024-03-17,1,West Ham,Aston Villa,1,1,1,0
10342,2023,111,2024-03-17,2,Ath Madrid,Barcelona,0,3,0,1
10343,2023,111,2024-03-17,2,Las Palmas,Almeria,0,1,0,1
10344,2023,111,2024-03-17,2,Sevilla,Celta,1,2,1,0
10345,2023,111,2024-03-17,2,Vallecano,Betis,2,0,1,0
10346,2023,111,2024-03-17,2,Villarreal,Valencia,1,0,0,0
10347,2023,99,2024-03-17,3,Inter,Napoli,1,1,1,0
10348,2023,99,2024-03-17,3,Juventus,Genoa,0,0,0,0
10349,2023,99,2024-03-17,3,Roma,Sassuolo,1,0,0,0
10350,2023,99,2024-03-17,3,Verona,Milan,1,3,0,1
10351,2023,78,2024-03-17,4,Dortmund,Ein Frankfurt,3,1,1,1
10352,2023,78,2024-03-17,4,Freiburg,Leverkusen,2,3,1,2
10353,2023,80,2024-03-17,5,Brest,Lille,1,1,0,0
10354,2023,80,2024-03-17,5,Clermont,Le Havre,2,1,2,1
10355,2023,80,2024-03-17,5,Monaco,Lorient,2,2,1,1
10356,2023,80,2024-03-17,5,Montpellier,Paris SG,2,6,2,2
10357,2023,80,2024-03-17,5,Reims,Metz,2,1,1,1
10358,2023,80,2024-03-17,5,Rennes,Marseille,2,0,1,0
10359,2023,112,2024-03-29,2,Cadiz,Granada,1,0,0,0
10360,2023,81,2024-03-29,5,Lille,Lens,2,1,1,0
10361,2023,93,2024-03-30,1,Aston Villa,Wolves,2,0,1,0
10362,2023,93,2024-03-30,1,Bournemouth,Everton,2,1,0,0
10363,2023,93,2024-03-30,1,Brentford,Man United,1,1,0,0
10364,2023,93,2024-03-30,1,Chelsea,Burnley,2,2,1,0
10365,2023,93,2024-03-30,1,Newcastle,West Ham,4,3,1,2
10366,2023,93,2024-03-30,1,Nott'm Forest,Crystal Palace,1,1,0,1
10367,2023,93,2024-03-30,1,Sheffield United,Fulham,3,3,0,0
10368,2023,93,2024-03-30,1,Tottenham,Luton,2,1,0,1
10369,2023,113,2024-03-30,2,Almeria,Osasuna,0,3,0,2
10370,2023,113,2024-03-30,2,Barcelona,Las Palmas,1,0,0,0
10371,2023,113,2024-03-30,2,Getafe,Sevilla,0,1,0,1
10372,2023,113,2024-03-30,2,Valencia,Mallorca,0,0,0,0
10373,2023,100,2024-03-30,3,Fiorentina,Milan,1,2,0,0
10374,2023,100,2024-03-30,3,Genoa,Frosinone,1,1,1,1
10375,2023,100,2024-03-30,3,Lazio,Juventus,1,0,0,0
10376,2023,100,2024-03-30,3,Napoli,Atalanta,0,3,0,2
10377,2023,100,2024-03-30,3,Torino,Monza,1,0,0,0
10378,2023,79,2024-03-30,4,Bayern Munich,Dortmund,0,2,0,1
10379,2023,79,2024-03-30,4,Ein Frankfurt,Union Berlin,0,0,0,0
10380,2023,79,2024-03-30,4,Leverkusen,Hoffenheim,2,1,0,1
10381,2023,79,2024-03-30,4,M'gladbach,Freiburg,0,3,0,1
10382,2023,79,2024-03-30,4,RB Leipzig,Mainz,0,0,0,0
10383,2023,79,2024-03-30,4,Werder Bremen,Wolfsburg,0,2,0,1
10384,2023,82,2024-03-30,5,Lyon,Reims,1,1,0,0
10385,2023,82,2024-03-30,5,Metz,Monaco,2,5,0,3
10386,2023,94,2024-03-31,1,Liverpool,Brighton,2,1,1,1
10387,2023,94,2024-03-31,1,Man City,Arsenal,0,0,0,0
10388,2023,114,2024-03-31,2,Alaves,Sociedad,0,1,0,0
10389,2023,114,2024-03-31,2,Celta,Vallecano,0,0,0,0
10390,2023,114,2024-03-31,2,Girona,Betis,3,2,1,1
10391,2023,114,2024-03-31,2,Real Madrid,Ath Bilbao,2,0,1,0
10392,2023,80,2024-03-31,4,Augsburg,FC Koln,1,1,1,1
10393,2023,80,2024-03-31,4,Bochum,Darmstadt,2,2,1,0
10394,2023,80,2024-03-31,4,Stuttgart,Heidenheim,3,3,1,0
10395,2023,83,2024-03-31,5,Clermont,Toulouse,0,3,0,1
10396,2023,83,2024-03-31,5,Le Havre,Montpellier,0,2,0,0
10397,2023,83,2024-03-31,5,Lorient,Brest,0,1,0,0
10398,2023,83,2024-03-31,5,Marseille,Paris SG,0,2,0,0
10399,2023,83,2024-03-31,5,Nice,Nantes,1,2,0,1
10400,2023,83,2024-03-31,5,Strasbourg,Rennes,2,0,0,0
10401,2023,115,2024-04-01,2,Villarreal,Ath Madrid,1,2,0,1
10402,2023,101,2024-04-01,3,Bologna,Salernitana,3,0,2,0
10403,2023,101,2024-04-01,3,Cagliari,Verona,1,1,0,1
10404,2023,101,2024-04-01,3,Inter,Empoli,2,0,1,0
10405,2023,101,2024-04-01,3,Lecce,Roma,0,0,0,0
10406,2023,101,2024-04-01,3,Sassuolo,Udinese,1,1,1,1
10407,2023,95,2024-04-02,1,Bournemouth,Crystal Palace,1,0,0,0
10408,2023,95,2024-04-02,1,Burnley,Wolves,1,1,1,1
10409,2023,95,2024-04-02,1,Newcastle,Everton,1,1,1,0
10410,2023,95,2024-04-02,1,Nott'm Forest,Fulham,3,1,3,0
10411,2023,95,2024-04-02,1,West Ham,Tottenham,1,1,1,1
10412,2023,96,2024-04-03,1,Arsenal,Luton,2,0,2,0
10413,2023,96,2024-04-03,1,Brentford,Brighton,0,0,0,0
10414,2023,96,2024-04-03,1,Man City,Aston Villa,4,1,2,1
10415,2023,97,2024-04-04,1,Chelsea,Man United,4,3,2,2
10416,2023,97,2024-04-04,1,Liverpool,Sheffield United,3,1,1,0
10417,2023,116,2024-04-04,2,Granada,Valencia,0,1,0,0
10418,2023,102,2024-04-05,3,Salernitana,Sassuolo,2,2,0,2
10419,2023,81,2024-04-05,4,Ein Frankfurt,Werder Bremen,1,1,0,0
10420,2023,84,2024-04-05,5,Lille,Marseille,3,1,0,0
10421,2023,98,2024-04-06,1,Aston Villa,Brentford,3,3,1,0
10422,2023,98,2024-04-06,1,Brighton,Arsenal,0,3,0,1
10423,2023,98,2024-04-06,1,Crystal Palace,Man City,2,4,1,1
10424,2023,98,2024-04-06,1,Everton,Burnley,1,0,1,0
10425,2023,98,2024-04-06,1,Fulham,Newcastle,0,1,0,0
10426,2023,98,2024-04-06,1,Luton,Bournemouth,2,1,0,0
10427,2023,98,2024-04-06,1,Wolves,West Ham,1,2,1,0
10428,2023,103,2024-04-06,3,Empoli,Torino,3,2,1,0
10429,2023,103,2024-04-06,3,Milan,Lecce,3,0,2,0
10430,2023,103,2024-04-06,3,Roma,Lazio,1,0,1,0
10431,2023,82,2024-04-06,4,Dortmund,Stuttgart,0,1,0,0
10432,2023,82,2024-04-06,4,FC Koln,Bochum,2,1,0,0
10433,2023,82,2024-04-06,4,Freiburg,RB Leipzig,1,4,0,3
10434,2023,82,2024-04-06,4,Heidenheim,Bayern Munich,3,2,0,2
10435,2023,82,2024-04-06,4,Mainz,Darmstadt,4,0,1,0
10436,2023,82,2024-04-06,4,Union Berlin,Leverkusen,0,1,0,1
10437,2023,85,2024-04-06,5,Lens,Le Havre,1,1,0,0
10438,2023,85,2024-04-06,5,Paris SG,Clermont,1,1,0,1
10439,2023,99,2024-04-07,1,Man United,Liverpool,2,2,0,1
10440,2023,99,2024-04-07,1,Sheffield United,Chelsea,2,2,1,1
10441,2023,99,2024-04-07,1,Tottenham,Nott'm Forest,3,1,1,1
10442,2023,104,2024-04-07,3,Cagliari,Atalanta,2,1,1,1
10443,2023,104,2024-04-07,3,Frosinone,Bologna,0,0,0,0
10444,2023,104,2024-04-07,3,Juventus,Fiorentina,1,0,1,0
10445,2023,104,2024-04-07,3,Monza,Napoli,2,4,1,0
10446,2023,104,2024-04-07,3,Verona,Genoa,1,2,1,1
10447,2023,83,2024-04-07,4,Hoffenheim,Augsburg,3,1,2,0
10448,2023,83,2024-04-07,4,Wolfsburg,M'gladbach,1,3,1,0
10449,2023,86,2024-04-07,5,Brest,Metz,4,3,3,1
10450,2023,86,2024-04-07,5,Monaco,Rennes,1,0,1,0
10451,2023,86,2024-04-07,5,Montpellier,Lorient,2,0,0,0
10452,2023,86,2024-04-07,5,Nantes,Lyon,1,3,1,0
10453,2023,86,2024-04-07,5,Reims,Nice,0,0,0,0
10454,2023,86,2024-04-07,5,Toulouse,Strasbourg,0,0,0,0
10455,2023,105,2024-04-08,3,Udinese,Inter,1,2,1,0
10456,2023,117,2024-04-12,2,Betis,Celta,2,1,0,0
10457,2023,106,2024-04-12,3,Lazio,Salernitana,4,1,3,1
10458,2023,84,2024-04-12,4,Augsburg,Union Berlin,2,0,0,0
10459,2023,87,2024-04-12,5,Metz,Lens,2,1,2,1
10460,2023,100,2024-04-13,1,Bournemouth,Man United,2,2,2,1
10461,2023,100,2024-04-13,1,Brentford,Sheffield United,2,0,0,0
10462,2023,100,2024-04-13,1,Burnley,Brighton,1,1,0,0
10463,2023,100,2024-04-13,1,Man City,Luton,5,1,1,0
10464,2023,100,2024-04-13,1,Newcastle,Tottenham,4,0,2,0
10465,2023,100,2024-04-13,1,Nott'm Forest,Wolves,2,2,1,1
10466,2023,118,2024-04-13,2,Ath Madrid,Girona,3,1,2,1
10467,2023,118,2024-04-13,2,Cadiz,Barcelona,0,1,0,1
10468,2023,118,2024-04-13,2,Mallorca,Real Madrid,0,1,0,0
10469,2023,118,2024-04-13,2,Vallecano,Getafe,0,0,0,0
10470,2023,107,2024-04-13,3,Bologna,Monza,0,0,0,0
10471,2023,107,2024-04-13,3,Lecce,Empoli,1,0,0,0
10472,2023,107,2024-04-13,3,Torino,Juventus,0,0,0,0
10473,2023,85,2024-04-13,4,Bayern Munich,FC Koln,2,0,0,0
10474,2023,85,2024-04-13,4,Bochum,Heidenheim,1,1,0,0
10475,2023,85,2024-04-13,4,M'gladbach,Dortmund,1,2,1,2
10476,2023,85,2024-04-13,4,Mainz,Hoffenheim,4,1,0,1
10477,2023,85,2024-04-13,4,RB Leipzig,Wolfsburg,3,0,1,0
10478,2023,85,2024-04-13,4,Stuttgart,Ein Frankfurt,3,0,3,0
10479,2023,88,2024-04-13,5,Rennes,Toulouse,1,2,1,2
10480,2023,88,2024-04-13,5,Strasbourg,Reims,3,1,1,1
10481,2023,101,2024-04-14,1,Arsenal,Aston Villa,0,2,0,0
10482,2023,101,2024-04-14,1,Liverpool,Crystal Palace,0,1,0,1
10483,2023,101,2024-04-14,1,West Ham,Fulham,0,2,0,1
10484,2023,119,2024-04-14,2,Ath Bilbao,Villarreal,1,1,0,0
10485,2023,119,2024-04-14,2,Granada,Alaves,2,0,2,0
10486,2023,119,2024-04-14,2,Las Palmas,Sevilla,0,2,0,1
10487,2023,119,2024-04-14,2,Sociedad,Almeria,2,2,1,1
10488,2023,108,2024-04-14,3,Inter,Cagliari,2,2,1,0
10489,2023,108,2024-04-14,3,Napoli,Frosinone,2,2,1,0
10490,2023,108,2024-04-14,3,Sassuolo,Milan,3,3,2,1
10491,2023,86,2024-04-14,4,Darmstadt,Freiburg,0,1,0,1
10492,2023,86,2024-04-14,4,Leverkusen,Werder Bremen,5,0,1,0
10493,2023,89,2024-04-14,5,Clermont,Montpellier,1,1,1,0
10494,2023,89,2024-04-14,5,Le Havre,Nantes,0,1,0,0
10495,2023,89,2024-04-14,5,Lyon,Brest,4,3,1,0
10496,2023,102,2024-04-15,1,Chelsea,Everton,6,0,4,0
10497,2023,120,2024-04-15,2,Osasuna,Valencia,0,1,0,1
10498,2023,109,2024-04-15,3,Atalanta,Verona,2,2,2,0
10499,2023,109,2024-04-15,3,Fiorentina,Genoa,1,1,0,1
10500,2023,121,2024-04-19,2,Ath Bilbao,Granada,1,1,1,1
10501,2023,110,2024-04-19,3,Cagliari,Juventus,2,2,2,0
10502,2023,110,2024-04-19,3,Genoa,Lazio,0,1,0,0
10503,2023,87,2024-04-19,4,Ein Frankfurt,Augsburg,3,1,0,1
10504,2023,90,2024-04-19,5,Nice,Lorient,3,0,1,0
10505,2023,103,2024-04-20,1,Luton,Brentford,1,5,0,2
10506,2023,103,2024-04-20,1,Sheffield United,Burnley,1,4,0,2
10507,2023,103,2024-04-20,1,Wolves,Arsenal,0,2,0,1
10508,2023,122,2024-04-20,2,Celta,Las Palmas,4,1,2,1
10509,2023,122,2024-04-20,2,Girona,Cadiz,4,1,2,0
10510,2023,122,2024-04-20,2,Valencia,Betis,1,2,0,1
10511,2023,122,2024-04-20,2,Vallecano,Osasuna,2,1,0,1
10512,2023,111,2024-04-20,3,Empoli,Napoli,1,0,1,0
10513,2023,111,2024-04-20,3,Verona,Udinese,1,0,0,0
10514,2023,88,2024-04-20,4,FC Koln,Darmstadt,0,2,0,0
10515,2023,88,2024-04-20,4,Heidenheim,RB Leipzig,1,2,0,1
10516,2023,88,2024-04-20,4,Hoffenheim,M'gladbach,4,3,1,1
10517,2023,88,2024-04-20,4,Union Berlin,Bayern Munich,1,5,0,2
10518,2023,88,2024-04-20,4,Wolfsburg,Bochum,1,0,1,0
10519,2023,91,2024-04-20,5,Lens,Clermont,1,0,1,0
10520,2023,91,2024-04-20,5,Nantes,Rennes,0,3,0,0
10521,2023,104,2024-04-21,1,Aston Villa,Bournemouth,3,1,1,1
10522,2023,104,2024-04-21,1,Crystal Palace,West Ham,5,2,4,1
10523,2023,104,2024-04-21,1,Everton,Nott'm Forest,2,0,1,0
10524,2023,104,2024-04-21,1,Fulham,Liverpool,1,3,1,1
10525,2023,123,2024-04-21,2,Alaves,Ath Madrid,2,0,1,0
10526,2023,123,2024-04-21,2,Almeria,Villarreal,1,2,1,1
10527,2023,123,2024-04-21,2,Getafe,Sociedad,1,1,1,1
10528,2023,123,2024-04-21,2,Real Madrid,Barcelona,3,2,1,1
10529,2023,112,2024-04-21,3,Monza,Atalanta,1,2,0,1
10530,2023,112,2024-04-21,3,Salernitana,Fiorentina,0,2,0,0
10531,2023,112,2024-04-21,3,Sassuolo,Lecce,0,3,0,2
10532,2023,112,2024-04-21,3,Torino,Frosinone,0,0,0,0
10533,2023,89,2024-04-21,4,Dortmund,Leverkusen,1,1,0,0
10534,2023,89,2024-04-21,4,Freiburg,Mainz,1,1,1,1
10535,2023,89,2024-04-21,4,Werder Bremen,Stuttgart,2,1,1,0
10536,2023,92,2024-04-21,5,Brest,Monaco,0,2,0,1
10537,2023,92,2024-04-21,5,Le Havre,Metz,0,1,0,0
10538,2023,92,2024-04-21,5,Lille,Strasbourg,1,0,1,0
10539,2023,92,2024-04-21,5,Paris SG,Lyon,4,1,4,1
10540,2023,92,2024-04-21,5,Reims,Montpellier,1,2,0,1
10541,2023,92,2024-04-21,5,Toulouse,Marseille,2,2,1,1
10542,2023,124,2024-04-22,2,Sevilla,Mallorca,2,1,0,0
10543,2023,113,2024-04-22,3,Milan,Inter,1,2,0,1
10544,2023,113,2024-04-22,3,Roma,Bologna,1,3,0,2
10545,2023,105,2024-04-23,1,Arsenal,Chelsea,5,0,1,0
10546,2023,106,2024-04-24,1,Crystal Palace,Newcastle,2,0,0,0
10547,2023,106,2024-04-24,1,Everton,Liverpool,2,0,1,0
10548,2023,106,2024-04-24,1,Man United,Sheffield United,4,2,1,1
10549,2023,106,2024-04-24,1,Wolves,Bournemouth,0,1,0,1
10550,2023,93,2024-04-24,5,Lorient,Paris SG,1,4,0,2
10551,2023,93,2024-04-24,5,Marseille,Nice,2,2,1,1
10552,2023,93,2024-04-24,5,Monaco,Lille,1,0,0,0
10553,2023,107,2024-04-25,1,Brighton,Man City,0,4,0,3
10554,2023,114,2024-04-25,3,Udinese,Roma,1,2,1,0
10555,2023,125,2024-04-26,2,Sociedad,Real Madrid,0,1,0,1
10556,2023,115,2024-04-26,3,Frosinone,Salernitana,3,0,2,0
10557,2023,90,2024-04-26,4,Bochum,Hoffenheim,3,2,2,0
10558,2023,94,2024-04-26,5,Montpellier,Nantes,1,1,1,1
10559,2023,108,2024-04-27,1,Aston Villa,Chelsea,2,2,2,0
10560,2023,108,2024-04-27,1,Everton,Brentford,1,0,0,0
10561,2023,108,2024-04-27,1,Fulham,Crystal Palace,1,1,0,0
10562,2023,108,2024-04-27,1,Man United,Burnley,1,1,0,0
10563,2023,108,2024-04-27,1,Newcastle,Sheffield United,5,1,1,1
10564,2023,108,2024-04-27,1,West Ham,Liverpool,2,2,1,0
10565,2023,108,2024-04-27,1,Wolves,Luton,2,1,1,0
10566,2023,126,2024-04-27,2,Alaves,Celta,3,0,0,0
10567,2023,126,2024-04-27,2,Almeria,Getafe,1,3,1,1
10568,2023,126,2024-04-27,2,Ath Madrid,Ath Bilbao,3,1,1,1
10569,2023,126,2024-04-27,2,Las Palmas,Girona,0,2,0,1
10570,2023,116,2024-04-27,3,Juventus,Milan,0,0,0,0
10571,2023,116,2024-04-27,3,Lazio,Verona,1,0,0,0
10572,2023,116,2024-04-27,3,Lecce,Monza,1,1,0,0
10573,2023,91,2024-04-27,4,Augsburg,Werder Bremen,0,3,0,0
10574,2023,91,2024-04-27,4,Bayern Munich,Ein Frankfurt,2,1,1,1
10575,2023,91,2024-04-27,4,Freiburg,Wolfsburg,1,2,1,0
10576,2023,91,2024-04-27,4,Leverkusen,Stuttgart,2,2,0,0
10577,2023,91,2024-04-27,4,RB Leipzig,Dortmund,4,1,2,1
10578,2023,95,2024-04-27,5,Paris SG,Le Havre,3,3,1,2
10579,2023,109,2024-04-28,1,Bournemouth,Brighton,3,0,1,0
10580,2023,109,2024-04-28,1,Nott'm Forest,Man City,0,2,0,1
10581,2023,109,2024-04-28,1,Tottenham,Arsenal,2,3,0,3
10582,2023,127,2024-04-28,2,Betis,Sevilla,1,1,1,0
10583,2023,127,2024-04-28,2,Cadiz,Mallorca,1,1,0,1
10584,2023,127,2024-04-28,2,Granada,Osasuna,3,0,1,0
10585,2023,127,2024-04-28,2,Villarreal,Vallecano,3,0,1,0
10586,2023,117,2024-04-28,3,Atalanta,Empoli,2,0,1,0
10587,2023,117,2024-04-28,3,Bologna,Udinese,1,1,0,1
10588,2023,117,2024-04-28,3,Fiorentina,Sassuolo,5,1,1,0
10589,2023,117,2024-04-28,3,Inter,Torino,2,0,0,0
10590,2023,117,2024-04-28,3,Napoli,Roma,2,2,0,0
10591,2023,92,2024-04-28,4,Darmstadt,Heidenheim,0,1,0,0
10592,2023,92,2024-04-28,4,M'gladbach,Union Berlin,0,0,0,0
10593,2023,92,2024-04-28,4,Mainz,FC Koln,1,1,1,0
10594,2023,96,2024-04-28,5,Clermont,Reims,4,1,1,1
10595,2023,96,2024-04-28,5,Lorient,Toulouse,1,2,1,0
10596,2023,96,2024-04-28,5,Lyon,Monaco,3,2,2,1
10597,2023,96,2024-04-28,5,Marseille,Lens,2,1,1,0
10598,2023,96,2024-04-28,5,Metz,Lille,1,2,1,2
10599,2023,96,2024-04-28,5,Rennes,Brest,4,5,2,1
10600,2023,96,2024-04-28,5,Strasbourg,Nice,1,3,1,1
10601,2023,128,2024-04-29,2,Barcelona,Valencia,4,2,1,2
10602,2023,118,2024-04-29,3,Genoa,Cagliari,3,0,2,0
10603,2023,110,2024-05-02,1,Chelsea,Tottenham,2,0,1,0
10604,2023,111,2024-05-03,1,Luton,Everton,1,1,1,1
10605,2023,129,2024-05-03,2,Getafe,Ath Bilbao,0,2,0,1
10606,2023,119,2024-05-03,3,Torino,Bologna,0,0,0,0
10607,2023,93,2024-05-03,4,Hoffenheim,RB Leipzig,1,1,0,1
10608,2023,97,2024-05-03,5,Lens,Lorient,2,0,0,0
10609,2023,97,2024-05-03,5,Toulouse,Montpellier,1,2,1,1
10610,2023,112,2024-05-04,1,Arsenal,Bournemouth,3,0,1,0
10611,2023,112,2024-05-04,1,Brentford,Fulham,0,0,0,0
10612,2023,112,2024-05-04,1,Burnley,Newcastle,1,4,0,3
10613,2023,112,2024-05-04,1,Man City,Wolves,5,1,3,0
10614,2023,112,2024-05-04,1,Sheffield United,Nott'm Forest,1,3,1,1
10615,2023,130,2024-05-04,2,Girona,Barcelona,4,2,1,2
10616,2023,130,2024-05-04,2,Mallorca,Ath Madrid,0,1,0,1
10617,2023,130,2024-05-04,2,Real Madrid,Cadiz,3,0,0,0
10618,2023,130,2024-05-04,2,Sociedad,Las Palmas,2,0,2,0
10619,2023,120,2024-05-04,3,Monza,Lazio,2,2,0,1
10620,2023,120,2024-05-04,3,Sassuolo,Inter,1,0,1,0
10621,2023,94,2024-05-04,4,Dortmund,Augsburg,5,1,4,1
10622,2023,94,2024-05-04,4,FC Koln,Freiburg,0,0,0,0
10623,2023,94,2024-05-04,4,Stuttgart,Bayern Munich,3,1,1,1
10624,2023,94,2024-05-04,4,Werder Bremen,M'gladbach,2,2,1,1
10625,2023,94,2024-05-04,4,Wolfsburg,Darmstadt,3,0,2,0
10626,2023,98,2024-05-04,5,Brest,Nantes,0,0,0,0
10627,2023,98,2024-05-04,5,Le Havre,Strasbourg,3,1,1,0
10628,2023,98,2024-05-04,5,Metz,Rennes,2,3,2,1
10629,2023,98,2024-05-04,5,Monaco,Clermont,4,1,2,1
10630,2023,113,2024-05-05,1,Brighton,Aston Villa,1,0,0,0
10631,2023,113,2024-05-05,1,Chelsea,West Ham,5,0,3,0
10632,2023,113,2024-05-05,1,Liverpool,Tottenham,4,2,2,0
10633,2023,131,2024-05-05,2,Celta,Villarreal,3,2,2,1
10634,2023,131,2024-05-05,2,Osasuna,Betis,0,2,0,2
10635,2023,131,2024-05-05,2,Sevilla,Granada,3,0,1,0
10636,2023,131,2024-05-05,2,Valencia,Alaves,0,1,0,0
10637,2023,131,2024-05-05,2,Vallecano,Almeria,0,1,0,1
10638,2023,121,2024-05-05,3,Cagliari,Lecce,1,1,1,0
10639,2023,121,2024-05-05,3,Empoli,Frosinone,0,0,0,0
10640,2023,121,2024-05-05,3,Milan,Genoa,3,3,1,1
10641,2023,121,2024-05-05,3,Roma,Juventus,1,1,1,1
10642,2023,121,2024-05-05,3,Verona,Fiorentina,2,1,1,1
10643,2023,95,2024-05-05,4,Ein Frankfurt,Leverkusen,1,5,1,2
10644,2023,95,2024-05-05,4,Heidenheim,Mainz,1,1,0,1
10645,2023,95,2024-05-05,4,Union Berlin,Bochum,3,4,0,3
10646,2023,114,2024-05-06,1,Crystal Palace,Man United,4,0,2,0
10647,2023,122,2024-05-06,3,Salernitana,Atalanta,1,2,1,0
10648,2023,122,2024-05-06,3,Udinese,Napoli,1,1,0,0
10649,2023,99,2024-05-06,5,Lille,Lyon,3,4,2,0
10650,2023,132,2024-05-10,2,Alaves,Girona,2,2,1,2
10651,2023,123,2024-05-10,3,Frosinone,Inter,0,5,0,1
10652,2023,96,2024-05-10,4,Augsburg,Stuttgart,0,1,0,0
10653,2023,100,2024-05-10,5,Brest,Reims,1,1,1,1
10654,2023,100,2024-05-10,5,Nice,Le Havre,1,0,1,0
10655,2023,115,2024-05-11,1,Bournemouth,Brentford,1,2,0,0
10656,2023,115,2024-05-11,1,Everton,Sheffield United,1,0,1,0
10657,2023,115,2024-05-11,1,Fulham,Man City,0,4,0,1
10658,2023,115,2024-05-11,1,Newcastle,Brighton,1,1,1,1
10659,2023,115,2024-05-11,1,Nott'm Forest,Chelsea,2,3,1,1
10660,2023,115,2024-05-11,1,Tottenham,Burnley,2,1,1,1
10661,2023,115,2024-05-11,1,West Ham,Luton,3,1,0,1
10662,2023,115,2024-05-11,1,Wolves,Crystal Palace,1,3,0,2
10663,2023,133,2024-05-11,2,Ath Bilbao,Osasuna,2,2,0,1
10664,2023,133,2024-05-11,2,Granada,Real Madrid,0,4,0,2
10665,2023,133,2024-05-11,2,Mallorca,Las Palmas,1,0,1,0
10666,2023,133,2024-05-11,2,Villarreal,Sevilla,3,2,1,2
10667,2023,124,2024-05-11,3,Milan,Cagliari,5,1,1,0
10668,2023,124,2024-05-11,3,Napoli,Bologna,0,2,0,2
10669,2023,97,2024-05-11,4,FC Koln,Union Berlin,3,2,1,2
10670,2023,97,2024-05-11,4,Freiburg,Heidenheim,1,1,1,1
10671,2023,97,2024-05-11,4,M'gladbach,Ein Frankfurt,1,1,1,1
10672,2023,97,2024-05-11,4,Mainz,Dortmund,3,0,3,0
10673,2023,97,2024-05-11,4,RB Leipzig,Werder Bremen,1,1,0,1
10674,2023,116,2024-05-12,1,Man United,Arsenal,0,1,0,1
10675,2023,134,2024-05-12,2,Ath Madrid,Celta,1,0,0,0
10676,2023,134,2024-05-12,2,Betis,Almeria,3,2,2,1
10677,2023,134,2024-05-12,2,Cadiz,Getafe,1,0,1,0
10678,2023,134,2024-05-12,2,Valencia,Vallecano,0,0,0,0
10679,2023,125,2024-05-12,3,Atalanta,Roma,2,1,2,0
10680,2023,125,2024-05-12,3,Genoa,Sassuolo,2,1,0,1
10681,2023,125,2024-05-12,3,Juventus,Salernitana,1,1,0,1
10682,2023,125,2024-05-12,3,Lazio,Empoli,2,0,1,0
10683,2023,125,2024-05-12,3,Verona,Torino,1,2,0,0
10684,2023,98,2024-05-12,4,Bayern Munich,Wolfsburg,2,0,2,0
10685,2023,98,2024-05-12,4,Bochum,Leverkusen,0,5,0,2
10686,2023,98,2024-05-12,4,Darmstadt,Hoffenheim,0,6,0,5
10687,2023,101,2024-05-12,5,Clermont,Lyon,0,1,0,0
10688,2023,101,2024-05-12,5,Marseille,Lorient,3,1,2,1
10689,2023,101,2024-05-12,5,Montpellier,Monaco,0,2,0,0
10690,2023,101,2024-05-12,5,Nantes,Lille,1,2,0,2
10691,2023,101,2024-05-12,5,Paris SG,Toulouse,1,3,1,1
10692,2023,101,2024-05-12,5,Rennes,Lens,1,1,0,0
10693,2023,101,2024-05-12,5,Strasbourg,Metz,2,1,0,0
10694,2023,117,2024-05-13,1,Aston Villa,Liverpool,3,3,1,2
10695,2023,135,2024-05-13,2,Barcelona,Sociedad,2,0,1,0
10696,2023,126,2024-05-13,3,Fiorentina,Monza,2,1,1,1
10697,2023,126,2024-05-13,3,Lecce,Udinese,0,2,0,1
10698,2023,118,2024-05-14,1,Tottenham,Man City,0,2,0,0
10699,2023,136,2024-05-14,2,Girona,Villarreal,0,1,0,0
10700,2023,136,2024-05-14,2,Osasuna,Mallorca,1,1,1,0
10701,2023,136,2024-05-14,2,Real Madrid,Alaves,5,0,3,0
10702,2023,119,2024-05-15,1,Brighton,Chelsea,1,2,0,1
10703,2023,119,2024-05-15,1,Man United,Newcastle,3,2,1,0
10704,2023,137,2024-05-15,2,Celta,Ath Bilbao,2,1,0,1
10705,2023,137,2024-05-15,2,Getafe,Ath Madrid,0,3,0,2
10706,2023,137,2024-05-15,2,Sevilla,Cadiz,0,1,0,0
10707,2023,137,2024-05-15,2,Vallecano,Granada,2,1,1,0
10708,2023,102,2024-05-15,5,Nice,Paris SG,1,2,1,2
10709,2023,102,2024-05-15,5,Reims,Marseille,1,0,1,0
10710,2023,138,2024-05-16,2,Almeria,Barcelona,0,2,0,1
10711,2023,138,2024-05-16,2,Las Palmas,Betis,2,2,1,1
10712,2023,138,2024-05-16,2,Sociedad,Valencia,1,0,1,0
10713,2023,127,2024-05-17,3,Fiorentina,Napoli,2,2,2,1
10714,2023,139,2024-05-18,2,Alaves,Getafe,1,0,1,0
10715,2023,128,2024-05-18,3,Lecce,Atalanta,0,2,0,0
10716,2023,128,2024-05-18,3,Torino,Milan,3,1,2,0
10717,2023,99,2024-05-18,4,Dortmund,Darmstadt,4,0,2,0
10718,2023,99,2024-05-18,4,Ein Frankfurt,RB Leipzig,2,2,0,1
10719,2023,99,2024-05-18,4,Heidenheim,FC Koln,4,1,3,0
10720,2023,99,2024-05-18,4,Hoffenheim,Bayern Munich,4,2,1,2
10721,2023,99,2024-05-18,4,Leverkusen,Augsburg,2,1,2,0
10722,2023,99,2024-05-18,4,Stuttgart,M'gladbach,4,0,2,0
10723,2023,99,2024-05-18,4,Union Berlin,Freiburg,2,1,0,0
10724,2023,99,2024-05-18,4,Werder Bremen,Bochum,4,1,1,0
10725,2023,99,2024-05-18,4,Wolfsburg,Mainz,1,3,1,1
10726,2023,120,2024-05-19,1,Arsenal,Everton,2,1,1,1
10727,2023,120,2024-05-19,1,Brentford,Newcastle,2,4,0,3
10728,2023,120,2024-05-19,1,Brighton,Man United,0,2,0,0
10729,2023,120,2024-05-19,1,Burnley,Nott'm Forest,1,2,0,2
10730,2023,120,2024-05-19,1,Chelsea,Bournemouth,2,1,1,0
10731,2023,120,2024-05-19,1,Crystal Palace,Aston Villa,5,0,2,0
10732,2023,120,2024-05-19,1,Liverpool,Wolves,2,0,2,0
10733,2023,120,2024-05-19,1,Luton,Fulham,2,4,1,2
10734,2023,120,2024-05-19,1,Man City,West Ham,3,1,2,1
10735,2023,120,2024-05-19,1,Sheffield United,Tottenham,0,3,0,1
10736,2023,140,2024-05-19,2,Ath Bilbao,Sevilla,2,0,2,0
10737,2023,140,2024-05-19,2,Ath Madrid,Osasuna,1,4,0,1
10738,2023,140,2024-05-19,2,Barcelona,Vallecano,3,0,1,0
10739,2023,140,2024-05-19,2,Betis,Sociedad,0,2,0,2
10740,2023,140,2024-05-19,2,Cadiz,Las Palmas,0,0,0,0
10741,2023,140,2024-05-19,2,Granada,Celta,1,2,0,0
10742,2023,140,2024-05-19,2,Mallorca,Almeria,2,2,1,1
10743,2023,140,2024-05-19,2,Valencia,Girona,1,3,0,1
10744,2023,140,2024-05-19,2,Villarreal,Real Madrid,4,4,1,4
10745,2023,129,2024-05-19,3,Inter,Lazio,1,1,0,1
10746,2023,129,2024-05-19,3,Monza,Frosinone,0,1,0,1
10747,2023,129,2024-05-19,3,Roma,Genoa,1,0,0,0
10748,2023,129,2024-05-19,3,Sassuolo,Cagliari,0,2,0,0
10749,2023,129,2024-05-19,3,Udinese,Empoli,1,1,0,0
10750,2023,103,2024-05-19,5,Le Havre,Marseille,1,2,0,0
10751,2023,103,2024-05-19,5,Lens,Montpellier,2,2,2,0
10752,2023,103,2024-05-19,5,Lille,Nice,2,2,0,1
10753,2023,103,2024-05-19,5,Lorient,Clermont,5,0,2,0
10754,2023,103,2024-05-19,5,Lyon,Strasbourg,2,1,1,0
10755,2023,103,2024-05-19,5,Metz,Paris SG,0,2,0,2
10756,2023,103,2024-05-19,5,Monaco,Nantes,4,0,3,0
10757,2023,103,2024-05-19,5,Reims,Rennes,2,1,0,0
10758,2023,103,2024-05-19,5,Toulouse,Brest,0,3,0,0
10759,2023,130,2024-05-20,3,Bologna,Juventus,3,3,2,0
10760,2023,130,2024-05-20,3,Salernitana,Verona,1,2,0,2
10761,2023,131,2024-05-23,3,Cagliari,Fiorentina,2,3,0,1
10762,2023,141,2024-05-24,2,Girona,Granada,7,0,3,0
10763,2023,132,2024-05-24,3,Genoa,Bologna,2,0,1,0
10764,2023,142,2024-05-25,2,Almeria,Cadiz,6,1,0,1
10765,2023,142,2024-05-25,2,Osasuna,Villarreal,1,1,1,0
10766,2023,142,2024-05-25,2,Real Madrid,Betis,0,0,0,0
10767,2023,142,2024-05-25,2,Sociedad,Ath Madrid,0,2,0,1
10768,2023,142,2024-05-25,2,Vallecano,Ath Bilbao,0,1,0,0
10769,2023,133,2024-05-25,3,Juventus,Monza,2,0,2,0
10770,2023,133,2024-05-25,3,Milan,Salernitana,3,3,2,0
10771,2023,143,2024-05-26,2,Celta,Valencia,2,2,0,1
10772,2023,143,2024-05-26,2,Getafe,Mallorca,1,2,0,0
10773,2023,143,2024-05-26,2,Las Palmas,Alaves,1,1,0,0
10774,2023,143,2024-05-26,2,Sevilla,Barcelona,1,2,1,1
10775,2023,134,2024-05-26,3,Atalanta,Torino,3,0,2,0
10776,2023,134,2024-05-26,3,Empoli,Roma,2,1,1,1
10777,2023,134,2024-05-26,3,Frosinone,Udinese,0,1,0,0
10778,2023,134,2024-05-26,3,Lazio,Sassuolo,1,1,0,0
10779,2023,134,2024-05-26,3,Napoli,Lecce,0,0,0,0
10780,2023,134,2024-05-26,3,Verona,Inter,2,2,2,2
10781,2024,1,2024-08-15,2,Ath Bilbao,Getafe,1,1,1,0
10782,2024,1,2024-08-15,2,Betis,Girona,1,1,1,0
10783,2024,1,2024-08-16,1,Man United,Fulham,1,0,0,0
10784,2024,2,2024-08-16,2,Celta,Alaves,2,1,0,1
10785,2024,2,2024-08-16,2,Las Palmas,Sevilla,2,2,1,1
10786,2024,1,2024-08-16,5,Le Havre,Paris SG,1,4,0,1
10787,2024,2,2024-08-17,1,Arsenal,Wolves,2,0,1,0
10788,2024,2,2024-08-17,1,Everton,Brighton,0,3,0,1
10789,2024,2,2024-08-17,1,Ipswich,Liverpool,0,2,0,0
10790,2024,2,2024-08-17,1,Newcastle,Southampton,1,0,1,0
10791,2024,2,2024-08-17,1,Nott'm Forest,Bournemouth,1,1,1,0
10792,2024,2,2024-08-17,1,West Ham,Aston Villa,1,2,1,1
10793,2024,3,2024-08-17,2,Osasuna,Leganes,1,1,0,1
10794,2024,3,2024-08-17,2,Valencia,Barcelona,1,2,1,1
10795,2024,1,2024-08-17,3,Empoli,Monza,0,0,0,0
10796,2024,1,2024-08-17,3,Genoa,Inter,2,2,1,1
10797,2024,1,2024-08-17,3,Milan,Torino,2,2,0,1
10798,2024,1,2024-08-17,3,Parma,Fiorentina,1,1,1,0
10799,2024,2,2024-08-17,5,Brest,Marseille,1,5,1,3
10800,2024,2,2024-08-17,5,Monaco,St Etienne,1,0,1,0
10801,2024,2,2024-08-17,5,Reims,Lille,0,2,0,1
10802,2024,3,2024-08-18,1,Brentford,Crystal Palace,2,1,1,0
10803,2024,3,2024-08-18,1,Chelsea,Man City,0,2,0,1
10804,2024,4,2024-08-18,2,Mallorca,Real Madrid,1,1,0,1
10805,2024,4,2024-08-18,2,Sociedad,Vallecano,1,2,0,0
10806,2024,2,2024-08-18,3,Bologna,Udinese,1,1,0,0
10807,2024,2,2024-08-18,3,Cagliari,Roma,0,0,0,0
10808,2024,2,2024-08-18,3,Lazio,Venezia,3,1,2,1
10809,2024,2,2024-08-18,3,Verona,Napoli,3,0,0,0
10810,2024,3,2024-08-18,5,Angers,Lens,0,1,0,1
10811,2024,3,2024-08-18,5,Auxerre,Nice,2,1,1,1
10812,2024,3,2024-08-18,5,Montpellier,Strasbourg,1,1,0,0
10813,2024,3,2024-08-18,5,Rennes,Lyon,3,0,2,0
10814,2024,3,2024-08-18,5,Toulouse,Nantes,0,0,0,0
10815,2024,4,2024-08-19,1,Leicester,Tottenham,1,1,0,1
10816,2024,5,2024-08-19,2,Valladolid,Espanol,1,0,1,0
10817,2024,5,2024-08-19,2,Villarreal,Ath Madrid,2,2,2,2
10818,2024,3,2024-08-19,3,Juventus,Como,3,0,2,0
10819,2024,3,2024-08-19,3,Lecce,Atalanta,0,4,0,2
10820,2024,6,2024-08-23,2,Celta,Valencia,3,1,2,1
10821,2024,6,2024-08-23,2,Sevilla,Villarreal,1,2,1,1
10822,2024,1,2024-08-23,4,M'gladbach,Leverkusen,2,3,0,2
10823,2024,4,2024-08-23,5,Paris SG,Montpellier,6,0,2,0
10824,2024,5,2024-08-24,1,Aston Villa,Arsenal,0,2,0,0
10825,2024,5,2024-08-24,1,Brighton,Man United,2,1,1,0
10826,2024,5,2024-08-24,1,Crystal Palace,West Ham,0,2,0,0
10827,2024,5,2024-08-24,1,Fulham,Leicester,2,1,1,1
10828,2024,5,2024-08-24,1,Man City,Ipswich,4,1,3,1
10829,2024,5,2024-08-24,1,Southampton,Nott'm Forest,0,1,0,0
10830,2024,5,2024-08-24,1,Tottenham,Everton,4,0,2,0
10831,2024,7,2024-08-24,2,Barcelona,Ath Bilbao,2,1,1,1
10832,2024,7,2024-08-24,2,Espanol,Sociedad,0,1,0,0
10833,2024,7,2024-08-24,2,Getafe,Vallecano,0,0,0,0
10834,2024,7,2024-08-24,2,Osasuna,Mallorca,1,0,0,0
10835,2024,4,2024-08-24,3,Inter,Lecce,2,0,1,0
10836,2024,4,2024-08-24,3,Monza,Genoa,0,1,0,1
10837,2024,4,2024-08-24,3,Parma,Milan,2,1,1,0
10838,2024,4,2024-08-24,3,Udinese,Lazio,2,1,1,0
10839,2024,2,2024-08-24,4,Augsburg,Werder Bremen,2,2,2,1
10840,2024,2,2024-08-24,4,Dortmund,Ein Frankfurt,2,0,0,0
10841,2024,2,2024-08-24,4,Freiburg,Stuttgart,3,1,1,1
10842,2024,2,2024-08-24,4,Hoffenheim,Holstein Kiel,3,2,2,0
10843,2024,2,2024-08-24,4,Mainz,Union Berlin,1,1,0,0
10844,2024,2,2024-08-24,4,RB Leipzig,Bochum,1,0,0,0
10845,2024,5,2024-08-24,5,Lille,Angers,2,0,1,0
10846,2024,5,2024-08-24,5,Lyon,Monaco,0,2,0,0
10847,2024,5,2024-08-24,5,St Etienne,Le Havre,0,2,0,0
10848,2024,6,2024-08-25,1,Bournemouth,Newcastle,1,1,1,0
10849,2024,6,2024-08-25,1,Liverpool,Brentford,2,0,1,0
10850,2024,6,2024-08-25,1,Wolves,Chelsea,2,6,2,2
10851,2024,8,2024-08-25,2,Alaves,Betis,0,0,0,0
10852,2024,8,2024-08-25,2,Ath Madrid,Girona,3,0,1,0
10853,2024,8,2024-08-25,2,Leganes,Las Palmas,2,1,0,0
10854,2024,8,2024-08-25,2,Real Madrid,Valladolid,3,0,0,0
10855,2024,5,2024-08-25,3,Fiorentina,Venezia,0,0,0,0
10856,2024,5,2024-08-25,3,Napoli,Bologna,3,0,1,0
10857,2024,5,2024-08-25,3,Roma,Empoli,1,2,0,1
10858,2024,5,2024-08-25,3,Torino,Atalanta,2,1,1,1
10859,2024,3,2024-08-25,4,St Pauli,Heidenheim,0,2,0,0
10860,2024,3,2024-08-25,4,Wolfsburg,Bayern Munich,2,3,0,1
10861,2024,6,2024-08-25,5,Lens,Brest,2,0,2,0
10862,2024,6,2024-08-25,5,Marseille,Reims,2,2,1,0
10863,2024,6,2024-08-25,5,Nantes,Auxerre,2,0,1,0
10864,2024,6,2024-08-25,5,Nice,Toulouse,1,1,0,0
10865,2024,6,2024-08-25,5,Strasbourg,Rennes,3,1,1,0
10866,2024,9,2024-08-26,2,Villarreal,Celta,4,3,1,2
10867,2024,6,2024-08-26,3,Cagliari,Como,1,1,1,0
10868,2024,6,2024-08-26,3,Verona,Juventus,0,3,0,2
10869,2024,10,2024-08-27,2,Mallorca,Sevilla,0,0,0,0
10870,2024,10,2024-08-27,2,Vallecano,Barcelona,1,2,1,0
10871,2024,11,2024-08-28,2,Ath Bilbao,Valencia,1,0,1,0
10872,2024,11,2024-08-28,2,Ath Madrid,Espanol,0,0,0,0
10873,2024,11,2024-08-28,2,Sociedad,Alaves,1,2,1,1
10874,2024,11,2024-08-28,2,Valladolid,Leganes,0,0,0,0
10875,2024,12,2024-08-29,2,Girona,Osasuna,4,0,1,0
10876,2024,12,2024-08-29,2,Las Palmas,Real Madrid,1,1,1,0
10877,2024,7,2024-08-30,3,Inter,Atalanta,4,0,2,0
10878,2024,7,2024-08-30,3,Venezia,Torino,0,1,0,0
10879,2024,4,2024-08-30,4,Union Berlin,St Pauli,1,0,1,0
10880,2024,7,2024-08-30,5,Lyon,Strasbourg,4,3,1,1
10881,2024,7,2024-08-31,1,Arsenal,Brighton,1,1,1,0
10882,2024,7,2024-08-31,1,Brentford,Southampton,3,1,1,0
10883,2024,7,2024-08-31,1,Everton,Bournemouth,2,3,0,0
10884,2024,7,2024-08-31,1,Ipswich,Fulham,1,1,1,1
10885,2024,7,2024-08-31,1,Leicester,Aston Villa,1,2,0,1
10886,2024,7,2024-08-31,1,Nott'm Forest,Wolves,1,1,1,1
10887,2024,7,2024-08-31,1,West Ham,Man City,1,3,1,2
10888,2024,13,2024-08-31,2,Ath Bilbao,Ath Madrid,0,1,0,0
10889,2024,13,2024-08-31,2,Barcelona,Valladolid,7,0,3,0
10890,2024,13,2024-08-31,2,Espanol,Vallecano,2,1,1,1
10891,2024,13,2024-08-31,2,Leganes,Mallorca,0,1,0,1
10892,2024,13,2024-08-31,2,Valencia,Villarreal,1,1,1,1
10893,2024,8,2024-08-31,3,Bologna,Empoli,1,1,1,1
10894,2024,8,2024-08-31,3,Lazio,Milan,2,2,0,1
10895,2024,8,2024-08-31,3,Lecce,Cagliari,1,0,1,0
10896,2024,8,2024-08-31,3,Napoli,Parma,2,1,0,1
10897,2024,5,2024-08-31,4,Bochum,M'gladbach,0,2,0,0
10898,2024,5,2024-08-31,4,Ein Frankfurt,Hoffenheim,3,1,2,0
10899,2024,5,2024-08-31,4,Holstein Kiel,Wolfsburg,0,2,0,2
10900,2024,5,2024-08-31,4,Leverkusen,RB Leipzig,2,3,2,1
10901,2024,5,2024-08-31,4,Stuttgart,Mainz,3,3,2,1
10902,2024,5,2024-08-31,4,Werder Bremen,Dortmund,0,0,0,0
10903,2024,8,2024-08-31,5,Brest,St Etienne,4,0,2,0
10904,2024,8,2024-08-31,5,Montpellier,Nantes,1,3,1,2
10905,2024,8,2024-08-31,5,Toulouse,Marseille,1,3,0,2
10906,2024,8,2024-09-01,1,Chelsea,Crystal Palace,1,1,1,0
10907,2024,8,2024-09-01,1,Man United,Liverpool,0,3,0,2
10908,2024,8,2024-09-01,1,Newcastle,Tottenham,2,1,1,0
10909,2024,14,2024-09-01,2,Alaves,Las Palmas,2,0,1,0
10910,2024,14,2024-09-01,2,Getafe,Sociedad,0,0,0,0
10911,2024,14,2024-09-01,2,Osasuna,Celta,3,2,2,1
10912,2024,14,2024-09-01,2,Real Madrid,Betis,2,0,0,0
10913,2024,14,2024-09-01,2,Sevilla,Girona,0,2,0,1
10914,2024,9,2024-09-01,3,Fiorentina,Monza,2,2,1,2
10915,2024,9,2024-09-01,3,Genoa,Verona,0,2,0,0
10916,2024,9,2024-09-01,3,Juventus,Roma,0,0,0,0
10917,2024,9,2024-09-01,3,Udinese,Como,1,0,1,0
10918,2024,6,2024-09-01,4,Bayern Munich,Freiburg,2,0,1,0
10919,2024,6,2024-09-01,4,Heidenheim,Augsburg,4,0,2,0
10920,2024,9,2024-09-01,5,Angers,Nice,1,4,0,2
10921,2024,9,2024-09-01,5,Le Havre,Auxerre,3,1,1,1
10922,2024,9,2024-09-01,5,Lille,Paris SG,1,3,0,2
10923,2024,9,2024-09-01,5,Monaco,Lens,1,1,0,0
10924,2024,9,2024-09-01,5,Reims,Rennes,2,1,1,1
10925,2024,15,2024-09-13,2,Betis,Leganes,2,0,0,0
10926,2024,7,2024-09-13,4,Dortmund,Heidenheim,4,2,3,1
10927,2024,10,2024-09-13,5,St Etienne,Lille,1,0,1,0
10928,2024,9,2024-09-14,1,Aston Villa,Everton,3,2,1,2
10929,2024,9,2024-09-14,1,Bournemouth,Chelsea,0,1,0,0
10930,2024,9,2024-09-14,1,Brighton,Ipswich,0,0,0,0
10931,2024,9,2024-09-14,1,Crystal Palace,Leicester,2,2,0,1
10932,2024,9,2024-09-14,1,Fulham,West Ham,1,1,1,0
10933,2024,9,2024-09-14,1,Liverpool,Nott'm Forest,0,1,0,0
10934,2024,9,2024-09-14,1,Man City,Brentford,2,1,2,1
10935,2024,9,2024-09-14,1,Southampton,Man United,0,3,0,2
10936,2024,16,2024-09-14,2,Espanol,Alaves,3,2,1,1
10937,2024,16,2024-09-14,2,Mallorca,Villarreal,1,2,0,1
10938,2024,16,2024-09-14,2,Sevilla,Getafe,1,0,1,0
10939,2024,16,2024-09-14,2,Sociedad,Real Madrid,0,2,0,0
10940,2024,10,2024-09-14,3,Como,Bologna,2,2,1,0
10941,2024,10,2024-09-14,3,Empoli,Juventus,0,0,0,0
10942,2024,10,2024-09-14,3,Milan,Venezia,4,0,4,0
10943,2024,8,2024-09-14,4,Freiburg,Bochum,2,1,0,1
10944,2024,8,2024-09-14,4,Hoffenheim,Leverkusen,1,4,1,2
10945,2024,8,2024-09-14,4,Holstein Kiel,Bayern Munich,1,6,0,4
10946,2024,8,2024-09-14,4,M'gladbach,Stuttgart,1,3,1,1
10947,2024,8,2024-09-14,4,RB Leipzig,Union Berlin,0,0,0,0
10948,2024,8,2024-09-14,4,Wolfsburg,Ein Frankfurt,1,2,0,1
10949,2024,11,2024-09-14,5,Auxerre,Monaco,0,3,0,2
10950,2024,11,2024-09-14,5,Marseille,Nice,2,0,1,0
10951,2024,11,2024-09-14,5,Paris SG,Brest,3,1,1,1
10952,2024,10,2024-09-15,1,Tottenham,Arsenal,0,1,0,0
10953,2024,10,2024-09-15,1,Wolves,Newcastle,1,2,1,0
10954,2024,17,2024-09-15,2,Ath Madrid,Valencia,3,0,1,0
10955,2024,17,2024-09-15,2,Celta,Valladolid,3,1,2,0
10956,2024,17,2024-09-15,2,Girona,Barcelona,1,4,0,2
10957,2024,17,2024-09-15,2,Las Palmas,Ath Bilbao,2,3,0,2
10958,2024,11,2024-09-15,3,Atalanta,Fiorentina,3,2,3,2
10959,2024,11,2024-09-15,3,Cagliari,Napoli,0,4,0,1
10960,2024,11,2024-09-15,3,Genoa,Roma,1,1,0,1
10961,2024,11,2024-09-15,3,Monza,Inter,1,1,0,0
10962,2024,11,2024-09-15,3,Torino,Lecce,0,0,0,0
10963,2024,9,2024-09-15,4,Augsburg,St Pauli,3,1,0,0
10964,2024,9,2024-09-15,4,Mainz,Werder Bremen,1,2,1,1
10965,2024,12,2024-09-15,5,Lens,Lyon,0,0,0,0
10966,2024,12,2024-09-15,5,Nantes,Reims,1,2,1,1
10967,2024,12,2024-09-15,5,Rennes,Montpellier,3,0,2,0
10968,2024,12,2024-09-15,5,Strasbourg,Angers,1,1,1,0
10969,2024,12,2024-09-15,5,Toulouse,Le Havre,2,0,0,0
10970,2024,18,2024-09-16,2,Vallecano,Osasuna,3,1,0,1
10971,2024,12,2024-09-16,3,Lazio,Verona,2,1,2,1
10972,2024,12,2024-09-16,3,Parma,Udinese,2,3,2,0
10973,2024,19,2024-09-17,2,Mallorca,Sociedad,1,0,1,0
10974,2024,20,2024-09-18,2,Betis,Getafe,2,1,0,0
10975,2024,21,2024-09-19,2,Leganes,Ath Bilbao,0,2,0,0
10976,2024,22,2024-09-20,2,Alaves,Sevilla,2,1,1,0
10977,2024,13,2024-09-20,3,Cagliari,Empoli,0,2,0,1
10978,2024,13,2024-09-20,3,Verona,Torino,2,3,1,2
10979,2024,10,2024-09-20,4,Augsburg,Mainz,2,3,1,2
10980,2024,13,2024-09-20,5,Nice,St Etienne,8,0,6,0
10981,2024,11,2024-09-21,1,Aston Villa,Wolves,3,1,0,1
10982,2024,11,2024-09-21,1,Crystal Palace,Man United,0,0,0,0
10983,2024,11,2024-09-21,1,Fulham,Newcastle,3,1,2,0
10984,2024,11,2024-09-21,1,Leicester,Everton,1,1,0,1
10985,2024,11,2024-09-21,1,Liverpool,Bournemouth,3,0,3,0
10986,2024,11,2024-09-21,1,Southampton,Ipswich,1,1,1,0
10987,2024,11,2024-09-21,1,Tottenham,Brentford,3,1,2,1
10988,2024,11,2024-09-21,1,West Ham,Chelsea,0,3,0,2
10989,2024,23,2024-09-21,2,Osasuna,Las Palmas,2,1,1,1
10990,2024,23,2024-09-21,2,Real Madrid,Espanol,4,1,0,0
10991,2024,23,2024-09-21,2,Valencia,Girona,2,0,0,0
10992,2024,23,2024-09-21,2,Valladolid,Sociedad,0,0,0,0
10993,2024,14,2024-09-21,3,Juventus,Napoli,0,0,0,0
10994,2024,14,2024-09-21,3,Lecce,Parma,2,2,1,0
10995,2024,14,2024-09-21,3,Venezia,Genoa,2,0,0,0
10996,2024,11,2024-09-21,4,Bochum,Holstein Kiel,2,2,2,1
10997,2024,11,2024-09-21,4,Ein Frankfurt,M'gladbach,2,0,1,0
10998,2024,11,2024-09-21,4,Heidenheim,Freiburg,0,3,0,0
10999,2024,11,2024-09-21,4,Union Berlin,Hoffenheim,2,1,2,0
11000,2024,11,2024-09-21,4,Werder Bremen,Bayern Munich,0,5,0,2
11001,2024,14,2024-09-21,5,Lille,Strasbourg,3,3,2,2
11002,2024,14,2024-09-21,5,Reims,Paris SG,1,1,1,0
11003,2024,14,2024-09-21,5,Rennes,Lens,1,1,1,0
11004,2024,12,2024-09-22,1,Brighton,Nott'm Forest,2,2,2,1
11005,2024,12,2024-09-22,1,Man City,Arsenal,2,2,1,2
11006,2024,24,2024-09-22,2,Ath Bilbao,Celta,3,1,2,1
11007,2024,24,2024-09-22,2,Getafe,Leganes,1,1,0,0
11008,2024,24,2024-09-22,2,Vallecano,Ath Madrid,1,1,1,0
11009,2024,24,2024-09-22,2,Villarreal,Barcelona,1,5,1,2
11010,2024,15,2024-09-22,3,Fiorentina,Lazio,2,1,0,1
11011,2024,15,2024-09-22,3,Inter,Milan,1,2,1,1
11012,2024,15,2024-09-22,3,Monza,Bologna,1,2,1,1
11013,2024,15,2024-09-22,3,Roma,Udinese,3,0,1,0
11014,2024,12,2024-09-22,4,Leverkusen,Wolfsburg,4,3,2,3
11015,2024,12,2024-09-22,4,St Pauli,RB Leipzig,0,0,0,0
11016,2024,12,2024-09-22,4,Stuttgart,Dortmund,5,1,2,0
11017,2024,15,2024-09-22,5,Angers,Nantes,1,1,1,1
11018,2024,15,2024-09-22,5,Brest,Toulouse,2,0,1,0
11019,2024,15,2024-09-22,5,Lyon,Marseille,2,3,0,0
11020,2024,15,2024-09-22,5,Monaco,Le Havre,3,1,1,1
11021,2024,15,2024-09-22,5,Montpellier,Auxerre,3,2,0,1
11022,2024,25,2024-09-23,2,Betis,Mallorca,1,2,1,1
11023,2024,26,2024-09-24,2,Real Madrid,Alaves,3,2,2,0
11024,2024,26,2024-09-24,2,Sevilla,Valladolid,2,1,1,0
11025,2024,26,2024-09-24,2,Valencia,Osasuna,0,0,0,0
11026,2024,16,2024-09-24,3,Atalanta,Como,2,3,1,0
11027,2024,27,2024-09-25,2,Barcelona,Getafe,1,0,1,0
11028,2024,27,2024-09-25,2,Girona,Vallecano,0,0,0,0
11029,2024,28,2024-09-26,2,Celta,Ath Madrid,0,1,0,0
11030,2024,28,2024-09-26,2,Espanol,Villarreal,1,2,1,1
11031,2024,28,2024-09-26,2,Las Palmas,Betis,1,1,1,1
11032,2024,29,2024-09-27,2,Valladolid,Mallorca,1,2,0,0
11033,2024,17,2024-09-27,3,Milan,Lecce,3,0,3,0
11034,2024,13,2024-09-27,4,Dortmund,Bochum,4,2,1,2
11035,2024,16,2024-09-27,5,Auxerre,Brest,3,0,2,0
11036,2024,16,2024-09-27,5,Paris SG,Rennes,3,1,1,0
11037,2024,13,2024-09-28,1,Arsenal,Leicester,4,2,2,0
11038,2024,13,2024-09-28,1,Brentford,West Ham,1,1,1,0
11039,2024,13,2024-09-28,1,Chelsea,Brighton,4,2,4,2
11040,2024,13,2024-09-28,1,Everton,Crystal Palace,2,1,0,1
11041,2024,13,2024-09-28,1,Newcastle,Man City,1,1,0,1
11042,2024,13,2024-09-28,1,Nott'm Forest,Fulham,0,1,0,0
11043,2024,13,2024-09-28,1,Wolves,Liverpool,1,2,0,1
11044,2024,30,2024-09-28,2,Getafe,Alaves,2,0,1,0
11045,2024,30,2024-09-28,2,Osasuna,Barcelona,4,2,2,0
11046,2024,30,2024-09-28,2,Sociedad,Valencia,3,0,1,0
11047,2024,30,2024-09-28,2,Vallecano,Leganes,1,1,1,0
11048,2024,18,2024-09-28,3,Bologna,Atalanta,1,1,0,0
11049,2024,18,2024-09-28,3,Genoa,Juventus,0,3,0,0
11050,2024,18,2024-09-28,3,Udinese,Inter,2,3,1,2
11051,2024,14,2024-09-28,4,Bayern Munich,Leverkusen,1,1,1,1
11052,2024,14,2024-09-28,4,Freiburg,St Pauli,0,3,0,2
11053,2024,14,2024-09-28,4,M'gladbach,Union Berlin,1,0,0,0
11054,2024,14,2024-09-28,4,Mainz,Heidenheim,0,2,0,1
11055,2024,14,2024-09-28,4,RB Leipzig,Augsburg,4,0,2,0
11056,2024,14,2024-09-28,4,Wolfsburg,Stuttgart,2,2,1,1
11057,2024,17,2024-09-28,5,Le Havre,Lille,0,3,0,2
11058,2024,17,2024-09-28,5,Lens,Nice,0,0,0,0
11059,2024,17,2024-09-28,5,Monaco,Montpellier,2,1,1,1
11060,2024,14,2024-09-29,1,Ipswich,Aston Villa,2,2,1,2
11061,2024,14,2024-09-29,1,Man United,Tottenham,0,3,0,1
11062,2024,31,2024-09-29,2,Ath Bilbao,Sevilla,1,1,1,0
11063,2024,31,2024-09-29,2,Ath Madrid,Real Madrid,1,1,0,0
11064,2024,31,2024-09-29,2,Betis,Espanol,1,0,0,0
11065,2024,31,2024-09-29,2,Celta,Girona,1,1,0,1
11066,2024,19,2024-09-29,3,Como,Verona,3,2,1,0
11067,2024,19,2024-09-29,3,Empoli,Fiorentina,0,0,0,0
11068,2024,19,2024-09-29,3,Napoli,Monza,2,0,2,0
11069,2024,19,2024-09-29,3,Roma,Venezia,2,1,0,1
11070,2024,19,2024-09-29,3,Torino,Lazio,2,3,0,1
11071,2024,15,2024-09-29,4,Hoffenheim,Werder Bremen,3,4,3,3
11072,2024,15,2024-09-29,4,Holstein Kiel,Ein Frankfurt,2,4,1,1
11073,2024,18,2024-09-29,5,Angers,Reims,1,3,0,2
11074,2024,18,2024-09-29,5,Nantes,St Etienne,2,2,1,0
11075,2024,18,2024-09-29,5,Strasbourg,Marseille,1,0,1,0
11076,2024,18,2024-09-29,5,Toulouse,Lyon,1,2,1,1
11077,2024,15,2024-09-30,1,Bournemouth,Southampton,3,1,3,0
11078,2024,32,2024-09-30,2,Villarreal,Las Palmas,3,1,1,0
11079,2024,20,2024-09-30,3,Parma,Cagliari,2,3,0,1
11080,2024,33,2024-10-04,2,Leganes,Valencia,0,0,0,0
11081,2024,21,2024-10-04,3,Napoli,Como,3,1,1,1
11082,2024,21,2024-10-04,3,Verona,Venezia,2,1,1,1
11083,2024,16,2024-10-04,4,Augsburg,M'gladbach,2,1,1,0
11084,2024,19,2024-10-04,5,Marseille,Angers,1,1,0,0
11085,2024,16,2024-10-05,1,Arsenal,Southampton,3,1,0,0
11086,2024,16,2024-10-05,1,Brentford,Wolves,5,3,4,2
11087,2024,16,2024-10-05,1,Crystal Palace,Liverpool,0,1,0,1
11088,2024,16,2024-10-05,1,Everton,Newcastle,0,0,0,0
11089,2024,16,2024-10-05,1,Leicester,Bournemouth,1,0,1,0
11090,2024,16,2024-10-05,1,Man City,Fulham,3,2,1,1
11091,2024,16,2024-10-05,1,West Ham,Ipswich,4,1,2,1
11092,2024,34,2024-10-05,2,Espanol,Mallorca,2,1,1,0
11093,2024,34,2024-10-05,2,Getafe,Osasuna,1,1,1,0
11094,2024,34,2024-10-05,2,Las Palmas,Celta,0,1,0,1
11095,2024,34,2024-10-05,2,Real Madrid,Villarreal,2,0,1,0
11096,2024,34,2024-10-05,2,Valladolid,Vallecano,1,2,0,0
11097,2024,22,2024-10-05,3,Atalanta,Genoa,5,1,1,0
11098,2024,22,2024-10-05,3,Inter,Torino,3,2,2,1
11099,2024,22,2024-10-05,3,Udinese,Lecce,1,0,0,0
11100,2024,17,2024-10-05,4,Bochum,Wolfsburg,1,3,0,2
11101,2024,17,2024-10-05,4,Leverkusen,Holstein Kiel,2,2,2,1
11102,2024,17,2024-10-05,4,St Pauli,Mainz,0,3,0,2
11103,2024,17,2024-10-05,4,Union Berlin,Dortmund,2,1,2,0
11104,2024,17,2024-10-05,4,Werder Bremen,Freiburg,0,1,0,0
11105,2024,20,2024-10-05,5,Lille,Toulouse,2,1,0,1
11106,2024,20,2024-10-05,5,Rennes,Monaco,1,2,1,2
11107,2024,20,2024-10-05,5,St Etienne,Auxerre,3,1,1,0
11108,2024,17,2024-10-06,1,Aston Villa,Man United,0,0,0,0
11109,2024,17,2024-10-06,1,Brighton,Tottenham,3,2,0,2
11110,2024,17,2024-10-06,1,Chelsea,Nott'm Forest,1,1,0,0
11111,2024,35,2024-10-06,2,Alaves,Barcelona,0,3,0,3
11112,2024,35,2024-10-06,2,Girona,Ath Bilbao,2,1,1,1
11113,2024,35,2024-10-06,2,Sevilla,Betis,1,0,0,0
11114,2024,35,2024-10-06,2,Sociedad,Ath Madrid,1,1,0,1
11115,2024,23,2024-10-06,3,Bologna,Parma,0,0,0,0
11116,2024,23,2024-10-06,3,Fiorentina,Milan,2,1,1,0
11117,2024,23,2024-10-06,3,Juventus,Cagliari,1,1,1,0
11118,2024,23,2024-10-06,3,Lazio,Empoli,2,1,1,1
11119,2024,23,2024-10-06,3,Monza,Roma,1,1,0,0
11120,2024,18,2024-10-06,4,Ein Frankfurt,Bayern Munich,3,3,2,2
11121,2024,18,2024-10-06,4,Heidenheim,RB Leipzig,0,1,0,0
11122,2024,18,2024-10-06,4,Stuttgart,Hoffenheim,1,1,0,1
11123,2024,21,2024-10-06,5,Brest,Le Havre,2,0,1,0
11124,2024,21,2024-10-06,5,Lyon,Nantes,2,0,1,0
11125,2024,21,2024-10-06,5,Nice,Paris SG,1,1,1,0
11126,2024,21,2024-10-06,5,Reims,Montpellier,4,2,2,1
11127,2024,21,2024-10-06,5,Strasbourg,Lens,2,2,1,2
11128,2024,36,2024-10-18,2,Alaves,Valladolid,2,3,1,1
11129,2024,19,2024-10-18,4,Dortmund,St Pauli,2,1,1,0
11130,2024,22,2024-10-18,5,Monaco,Lille,0,0,0,0
11131,2024,18,2024-10-19,1,Bournemouth,Arsenal,2,0,0,0
11132,2024,18,2024-10-19,1,Fulham,Aston Villa,1,3,1,1
11133,2024,18,2024-10-19,1,Ipswich,Everton,0,2,0,2
11134,2024,18,2024-10-19,1,Man United,Brentford,2,1,0,1
11135,2024,18,2024-10-19,1,Newcastle,Brighton,0,1,0,1
11136,2024,18,2024-10-19,1,Southampton,Leicester,2,3,2,0
11137,2024,18,2024-10-19,1,Tottenham,West Ham,4,1,1,1
11138,2024,37,2024-10-19,2,Ath Bilbao,Espanol,4,1,3,0
11139,2024,37,2024-10-19,2,Celta,Real Madrid,1,2,0,1
11140,2024,37,2024-10-19,2,Girona,Sociedad,0,1,0,1
11141,2024,37,2024-10-19,2,Osasuna,Betis,1,2,0,1
11142,2024,24,2024-10-19,3,Como,Parma,1,1,1,1
11143,2024,24,2024-10-19,3,Genoa,Bologna,2,2,0,1
11144,2024,24,2024-10-19,3,Juventus,Lazio,1,0,0,0
11145,2024,24,2024-10-19,3,Milan,Udinese,1,0,1,0
11146,2024,20,2024-10-19,4,Bayern Munich,Stuttgart,4,0,0,0
11147,2024,20,2024-10-19,4,Freiburg,Augsburg,3,1,3,0
11148,2024,20,2024-10-19,4,Hoffenheim,Bochum,3,1,1,0
11149,2024,20,2024-10-19,4,Leverkusen,Ein Frankfurt,2,1,1,1
11150,2024,20,2024-10-19,4,M'gladbach,Heidenheim,3,2,1,1
11151,2024,20,2024-10-19,4,Mainz,RB Leipzig,0,2,0,2
11152,2024,23,2024-10-19,5,Brest,Rennes,1,1,0,0
11153,2024,23,2024-10-19,5,Paris SG,Strasbourg,4,2,1,0
11154,2024,23,2024-10-19,5,St Etienne,Lens,0,2,0,1
11155,2024,19,2024-10-20,1,Liverpool,Chelsea,2,1,1,0
11156,2024,19,2024-10-20,1,Wolves,Man City,1,2,1,1
11157,2024,38,2024-10-20,2,Ath Madrid,Leganes,3,1,0,1
11158,2024,38,2024-10-20,2,Barcelona,Sevilla,5,1,3,0
11159,2024,38,2024-10-20,2,Mallorca,Vallecano,1,0,0,0
11160,2024,38,2024-10-20,2,Villarreal,Getafe,1,1,1,0
11161,2024,25,2024-10-20,3,Cagliari,Torino,3,2,1,1
11162,2024,25,2024-10-20,3,Empoli,Napoli,0,1,0,0
11163,2024,25,2024-10-20,3,Lecce,Fiorentina,0,6,0,3
11164,2024,25,2024-10-20,3,Roma,Inter,0,1,0,0
11165,2024,25,2024-10-20,3,Venezia,Atalanta,0,2,0,1
11166,2024,21,2024-10-20,4,Holstein Kiel,Union Berlin,0,2,0,1
11167,2024,21,2024-10-20,4,Wolfsburg,Werder Bremen,2,4,1,1
11168,2024,24,2024-10-20,5,Auxerre,Reims,2,1,1,0
11169,2024,24,2024-10-20,5,Le Havre,Lyon,0,4,0,1
11170,2024,24,2024-10-20,5,Montpellier,Marseille,0,5,0,3
11171,2024,24,2024-10-20,5,Nantes,Nice,1,1,0,0
11172,2024,24,2024-10-20,5,Toulouse,Angers,1,1,0,1
11173,2024,20,2024-10-21,1,Nott'm Forest,Crystal Palace,1,0,0,0
11174,2024,39,2024-10-21,2,Valencia,Las Palmas,2,3,1,1
11175,2024,26,2024-10-21,3,Verona,Monza,0,3,0,1
11176,2024,21,2024-10-25,1,Leicester,Nott'm Forest,1,3,1,1
11177,2024,40,2024-10-25,2,Espanol,Sevilla,0,2,0,2
11178,2024,27,2024-10-25,3,Torino,Como,1,0,0,0
11179,2024,27,2024-10-25,3,Udinese,Cagliari,2,0,1,0
11180,2024,22,2024-10-25,4,Mainz,M'gladbach,1,1,0,0
11181,2024,25,2024-10-25,5,Rennes,Le Havre,1,0,0,0
11182,2024,22,2024-10-26,1,Aston Villa,Bournemouth,1,1,0,0
11183,2024,22,2024-10-26,1,Brentford,Ipswich,4,3,2,2
11184,2024,22,2024-10-26,1,Brighton,Wolves,2,2,1,0
11185,2024,22,2024-10-26,1,Everton,Fulham,1,1,0,0
11186,2024,22,2024-10-26,1,Man City,Southampton,1,0,1,0
11187,2024,41,2024-10-26,2,Las Palmas,Girona,1,0,1,0
11188,2024,41,2024-10-26,2,Real Madrid,Barcelona,0,4,0,0
11189,2024,41,2024-10-26,2,Valladolid,Villarreal,1,2,0,1
11190,2024,41,2024-10-26,2,Vallecano,Alaves,1,0,0,0
11191,2024,28,2024-10-26,3,Atalanta,Verona,6,1,5,1
11192,2024,28,2024-10-26,3,Napoli,Lecce,1,0,0,0
11193,2024,23,2024-10-26,4,Augsburg,Dortmund,2,1,1,1
11194,2024,23,2024-10-26,4,RB Leipzig,Freiburg,3,1,0,1
11195,2024,23,2024-10-26,4,St Pauli,Wolfsburg,0,0,0,0
11196,2024,23,2024-10-26,4,Stuttgart,Holstein Kiel,2,1,1,0
11197,2024,23,2024-10-26,4,Werder Bremen,Leverkusen,2,2,0,1
11198,2024,26,2024-10-26,5,Angers,St Etienne,4,2,2,1
11199,2024,26,2024-10-26,5,Lens,Lille,0,2,0,0
11200,2024,26,2024-10-26,5,Reims,Brest,1,2,1,2
11201,2024,23,2024-10-27,1,Arsenal,Liverpool,2,2,2,1
11202,2024,23,2024-10-27,1,Chelsea,Newcastle,2,1,1,1
11203,2024,23,2024-10-27,1,Crystal Palace,Tottenham,1,0,1,0
11204,2024,23,2024-10-27,1,West Ham,Man United,2,1,0,0
11205,2024,42,2024-10-27,2,Betis,Ath Madrid,1,0,1,0
11206,2024,42,2024-10-27,2,Getafe,Valencia,1,1,0,1
11207,2024,42,2024-10-27,2,Leganes,Celta,3,0,0,0
11208,2024,42,2024-10-27,2,Sociedad,Osasuna,0,2,0,2
11209,2024,29,2024-10-27,3,Fiorentina,Roma,5,1,3,1
11210,2024,29,2024-10-27,3,Inter,Juventus,4,4,3,2
11211,2024,29,2024-10-27,3,Lazio,Genoa,3,0,1,0
11212,2024,29,2024-10-27,3,Monza,Venezia,2,2,2,2
11213,2024,29,2024-10-27,3,Parma,Empoli,1,1,0,1
11214,2024,24,2024-10-27,4,Bochum,Bayern Munich,0,5,0,2
11215,2024,24,2024-10-27,4,Heidenheim,Hoffenheim,0,0,0,0
11216,2024,24,2024-10-27,4,Union Berlin,Ein Frankfurt,1,1,0,1
11217,2024,27,2024-10-27,5,Lyon,Auxerre,2,2,1,0
11218,2024,27,2024-10-27,5,Marseille,Paris SG,0,3,0,3
11219,2024,27,2024-10-27,5,Montpellier,Toulouse,0,3,0,3
11220,2024,27,2024-10-27,5,Nice,Monaco,2,1,1,1
11221,2024,27,2024-10-27,5,Strasbourg,Nantes,3,1,1,0
11222,2024,43,2024-10-28,2,Mallorca,Ath Bilbao,0,0,0,0
11223,2024,30,2024-10-29,3,Cagliari,Bologna,0,2,0,1
11224,2024,30,2024-10-29,3,Lecce,Verona,1,0,0,0
11225,2024,30,2024-10-29,3,Milan,Napoli,0,2,0,2
11226,2024,31,2024-10-30,3,Atalanta,Monza,2,0,0,0
11227,2024,31,2024-10-30,3,Empoli,Inter,0,3,0,0
11228,2024,31,2024-10-30,3,Juventus,Parma,2,2,1,2
11229,2024,31,2024-10-30,3,Venezia,Udinese,3,2,1,2
11230,2024,32,2024-10-31,3,Como,Lazio,1,5,0,2
11231,2024,32,2024-10-31,3,Genoa,Fiorentina,0,1,0,0
11232,2024,32,2024-10-31,3,Roma,Torino,1,0,1,0
11233,2024,44,2024-11-01,2,Alaves,Mallorca,1,0,0,0
11234,2024,25,2024-11-01,4,Leverkusen,Stuttgart,0,0,0,0
11235,2024,28,2024-11-01,5,Lille,Lyon,1,1,1,0
11236,2024,28,2024-11-01,5,Monaco,Angers,0,1,0,1
11237,2024,24,2024-11-02,1,Bournemouth,Man City,2,1,1,0
11238,2024,24,2024-11-02,1,Ipswich,Leicester,1,1,0,0
11239,2024,24,2024-11-02,1,Liverpool,Brighton,2,1,0,1
11240,2024,24,2024-11-02,1,Newcastle,Arsenal,1,0,1,0
11241,2024,24,2024-11-02,1,Nott'm Forest,West Ham,3,0,1,0
11242,2024,24,2024-11-02,1,Southampton,Everton,1,0,0,0
11243,2024,24,2024-11-02,1,Wolves,Crystal Palace,2,2,0,0
11244,2024,45,2024-11-02,2,Girona,Leganes,4,3,2,2
11245,2024,45,2024-11-02,2,Osasuna,Valladolid,1,0,1,0
11246,2024,33,2024-11-02,3,Bologna,Lecce,1,0,0,0
11247,2024,33,2024-11-02,3,Monza,Milan,0,1,0,1
11248,2024,33,2024-11-02,3,Udinese,Juventus,0,2,0,2
11249,2024,26,2024-11-02,4,Bayern Munich,Union Berlin,3,0,2,0
11250,2024,26,2024-11-02,4,Dortmund,RB Leipzig,2,1,1,1
11251,2024,26,2024-11-02,4,Ein Frankfurt,Bochum,7,2,4,1
11252,2024,26,2024-11-02,4,Hoffenheim,St Pauli,0,2,0,1
11253,2024,26,2024-11-02,4,Holstein Kiel,Heidenheim,1,0,1,0
11254,2024,26,2024-11-02,4,Wolfsburg,Augsburg,1,1,0,1
11255,2024,29,2024-11-02,5,Brest,Nice,0,1,0,1
11256,2024,29,2024-11-02,5,Paris SG,Lens,1,0,1,0
11257,2024,29,2024-11-02,5,St Etienne,Strasbourg,2,0,0,0
11258,2024,25,2024-11-03,1,Man United,Chelsea,1,1,0,0
11259,2024,25,2024-11-03,1,Tottenham,Aston Villa,4,1,0,1
11260,2024,46,2024-11-03,2,Ath Bilbao,Betis,1,1,0,0
11261,2024,46,2024-11-03,2,Ath Madrid,Las Palmas,2,0,1,0
11262,2024,46,2024-11-03,2,Barcelona,Espanol,3,1,3,0
11263,2024,46,2024-11-03,2,Sevilla,Sociedad,0,2,0,1
11264,2024,34,2024-11-03,3,Inter,Venezia,1,0,0,0
11265,2024,34,2024-11-03,3,Napoli,Atalanta,0,3,0,2
11266,2024,34,2024-11-03,3,Torino,Fiorentina,0,1,0,1
11267,2024,34,2024-11-03,3,Verona,Roma,3,2,2,1
11268,2024,27,2024-11-03,4,Freiburg,Mainz,0,0,0,0
11269,2024,27,2024-11-03,4,M'gladbach,Werder Bremen,4,1,3,0
11270,2024,30,2024-11-03,5,Auxerre,Rennes,4,0,2,0
11271,2024,30,2024-11-03,5,Le Havre,Montpellier,1,0,0,0
11272,2024,30,2024-11-03,5,Nantes,Marseille,1,2,1,1
11273,2024,30,2024-11-03,5,Toulouse,Reims,1,0,0,0
11274,2024,26,2024-11-04,1,Fulham,Brentford,2,1,0,1
11275,2024,47,2024-11-04,2,Celta,Getafe,1,0,1,0
11276,2024,35,2024-11-04,3,Empoli,Como,1,0,0,0
11277,2024,35,2024-11-04,3,Lazio,Cagliari,2,1,1,1
11278,2024,35,2024-11-04,3,Parma,Genoa,0,1,0,0
11279,2024,36,2024-11-07,3,Genoa,Como,1,1,0,1
11280,2024,48,2024-11-08,2,Vallecano,Las Palmas,1,3,0,1
11281,2024,37,2024-11-08,3,Lecce,Empoli,1,1,0,1
11282,2024,28,2024-11-08,4,Union Berlin,Freiburg,0,0,0,0
11283,2024,31,2024-11-08,5,Marseille,Auxerre,1,3,0,3
11284,2024,27,2024-11-09,1,Brentford,Bournemouth,3,2,1,1
11285,2024,27,2024-11-09,1,Brighton,Man City,2,1,0,1
11286,2024,27,2024-11-09,1,Crystal Palace,Fulham,0,2,0,1
11287,2024,27,2024-11-09,1,Liverpool,Aston Villa,2,0,1,0
11288,2024,27,2024-11-09,1,West Ham,Everton,0,0,0,0
11289,2024,27,2024-11-09,1,Wolves,Southampton,2,0,1,0
11290,2024,49,2024-11-09,2,Leganes,Sevilla,1,0,0,0
11291,2024,49,2024-11-09,2,Real Madrid,Osasuna,4,0,2,0
11292,2024,49,2024-11-09,2,Villarreal,Alaves,3,0,1,0
11293,2024,38,2024-11-09,3,Cagliari,Milan,3,3,1,2
11294,2024,38,2024-11-09,3,Juventus,Torino,2,0,1,0
11295,2024,38,2024-11-09,3,Venezia,Parma,1,2,1,1
11296,2024,29,2024-11-09,4,Bochum,Leverkusen,1,1,0,1
11297,2024,29,2024-11-09,4,Mainz,Dortmund,3,1,2,1
11298,2024,29,2024-11-09,4,RB Leipzig,M'gladbach,0,0,0,0
11299,2024,29,2024-11-09,4,St Pauli,Bayern Munich,0,1,0,1
11300,2024,29,2024-11-09,4,Werder Bremen,Holstein Kiel,2,1,1,0
11301,2024,32,2024-11-09,5,Angers,Paris SG,2,4,0,4
11302,2024,32,2024-11-09,5,Lens,Nantes,3,2,1,1
11303,2024,32,2024-11-09,5,Strasbourg,Monaco,1,3,1,0
11304,2024,28,2024-11-10,1,Chelsea,Arsenal,1,1,0,0
11305,2024,28,2024-11-10,1,Man United,Leicester,3,0,2,0
11306,2024,28,2024-11-10,1,Nott'm Forest,Newcastle,1,3,1,0
11307,2024,28,2024-11-10,1,Tottenham,Ipswich,1,2,0,2
11308,2024,50,2024-11-10,2,Betis,Celta,2,2,1,1
11309,2024,50,2024-11-10,2,Getafe,Girona,0,1,0,1
11310,2024,50,2024-11-10,2,Mallorca,Ath Madrid,0,1,0,0
11311,2024,50,2024-11-10,2,Sociedad,Barcelona,1,0,1,0
11312,2024,50,2024-11-10,2,Valladolid,Ath Bilbao,1,1,0,0
11313,2024,39,2024-11-10,3,Atalanta,Udinese,2,1,0,1
11314,2024,39,2024-11-10,3,Fiorentina,Verona,3,1,1,1
11315,2024,39,2024-11-10,3,Inter,Napoli,1,1,1,1
11316,2024,39,2024-11-10,3,Monza,Lazio,0,1,0,1
11317,2024,39,2024-11-10,3,Roma,Bologna,2,3,0,1
11318,2024,30,2024-11-10,4,Augsburg,Hoffenheim,0,0,0,0
11319,2024,30,2024-11-10,4,Heidenheim,Wolfsburg,1,3,0,2
11320,2024,30,2024-11-10,4,Stuttgart,Ein Frankfurt,2,3,0,1
11321,2024,33,2024-11-10,5,Le Havre,Reims,0,3,0,2
11322,2024,33,2024-11-10,5,Lyon,St Etienne,1,0,1,0
11323,2024,33,2024-11-10,5,Montpellier,Brest,3,1,2,0
11324,2024,33,2024-11-10,5,Nice,Lille,2,2,0,1
11325,2024,33,2024-11-10,5,Rennes,Toulouse,0,2,0,2
11326,2024,51,2024-11-22,2,Getafe,Valladolid,2,0,0,0
11327,2024,31,2024-11-22,4,Bayern Munich,Augsburg,3,0,0,0
11328,2024,34,2024-11-22,5,Monaco,Brest,3,2,2,0
11329,2024,34,2024-11-22,5,Paris SG,Toulouse,3,0,1,0
11330,2024,29,2024-11-23,1,Arsenal,Nott'm Forest,3,0,1,0
11331,2024,29,2024-11-23,1,Aston Villa,Crystal Palace,2,2,1,2
11332,2024,29,2024-11-23,1,Bournemouth,Brighton,1,2,0,1
11333,2024,29,2024-11-23,1,Everton,Brentford,0,0,0,0
11334,2024,29,2024-11-23,1,Fulham,Wolves,1,4,1,1
11335,2024,29,2024-11-23,1,Leicester,Chelsea,1,2,0,1
11336,2024,29,2024-11-23,1,Man City,Tottenham,0,4,0,2
11337,2024,52,2024-11-23,2,Ath Madrid,Alaves,2,1,0,1
11338,2024,52,2024-11-23,2,Celta,Barcelona,2,2,0,1
11339,2024,52,2024-11-23,2,Girona,Espanol,4,1,4,0
11340,2024,52,2024-11-23,2,Las Palmas,Mallorca,2,3,0,0
11341,2024,52,2024-11-23,2,Valencia,Betis,4,2,1,1
11342,2024,40,2024-11-23,3,Milan,Juventus,0,0,0,0
11343,2024,40,2024-11-23,3,Parma,Atalanta,1,3,0,2
11344,2024,40,2024-11-23,3,Verona,Inter,0,5,0,5
11345,2024,32,2024-11-23,4,Dortmund,Freiburg,4,0,2,0
11346,2024,32,2024-11-23,4,Ein Frankfurt,Werder Bremen,1,0,1,0
11347,2024,32,2024-11-23,4,Hoffenheim,RB Leipzig,4,3,1,2
11348,2024,32,2024-11-23,4,Leverkusen,Heidenheim,5,2,2,2
11349,2024,32,2024-11-23,4,Stuttgart,Bochum,2,0,0,0
11350,2024,32,2024-11-23,4,Wolfsburg,Union Berlin,1,0,0,0
11351,2024,35,2024-11-23,5,Lens,Marseille,1,3,0,0
11352,2024,35,2024-11-23,5,Reims,Lyon,1,1,0,1
11353,2024,35,2024-11-23,5,St Etienne,Montpellier,1,0,0,0
11354,2024,30,2024-11-24,1,Ipswich,Man United,1,1,1,1
11355,2024,30,2024-11-24,1,Southampton,Liverpool,2,3,1,1
11356,2024,53,2024-11-24,2,Ath Bilbao,Sociedad,1,0,1,0
11357,2024,53,2024-11-24,2,Leganes,Real Madrid,0,3,0,1
11358,2024,53,2024-11-24,2,Osasuna,Villarreal,2,2,2,0
11359,2024,53,2024-11-24,2,Sevilla,Vallecano,1,0,1,0
11360,2024,41,2024-11-24,3,Como,Fiorentina,0,2,0,1
11361,2024,41,2024-11-24,3,Genoa,Cagliari,2,2,1,1
11362,2024,41,2024-11-24,3,Lazio,Bologna,3,0,0,0
11363,2024,41,2024-11-24,3,Napoli,Roma,1,0,0,0
11364,2024,41,2024-11-24,3,Torino,Monza,1,1,0,0
11365,2024,33,2024-11-24,4,Holstein Kiel,Mainz,0,3,0,2
11366,2024,33,2024-11-24,4,M'gladbach,St Pauli,2,0,2,0
11367,2024,36,2024-11-24,5,Auxerre,Angers,1,0,0,0
11368,2024,36,2024-11-24,5,Lille,Rennes,1,0,1,0
11369,2024,36,2024-11-24,5,Nantes,Le Havre,0,2,0,1
11370,2024,36,2024-11-24,5,Nice,Strasbourg,2,1,0,1
11371,2024,31,2024-11-25,1,Newcastle,West Ham,0,2,0,1
11372,2024,42,2024-11-25,3,Empoli,Udinese,1,1,1,0
11373,2024,42,2024-11-25,3,Venezia,Lecce,0,1,0,0
11374,2024,32,2024-11-29,1,Brighton,Southampton,1,1,1,0
11375,2024,54,2024-11-29,2,Mallorca,Valencia,2,1,1,1
11376,2024,43,2024-11-29,3,Cagliari,Verona,1,0,0,0
11377,2024,34,2024-11-29,4,St Pauli,Holstein Kiel,3,1,1,0
11378,2024,37,2024-11-29,5,Reims,Lens,0,2,0,1
11379,2024,33,2024-11-30,1,Brentford,Leicester,4,1,3,1
11380,2024,33,2024-11-30,1,Crystal Palace,Newcastle,1,1,0,0
11381,2024,33,2024-11-30,1,Nott'm Forest,Ipswich,1,0,0,0
11382,2024,33,2024-11-30,1,West Ham,Arsenal,2,5,2,5
11383,2024,33,2024-11-30,1,Wolves,Bournemouth,2,4,1,3
11384,2024,55,2024-11-30,2,Alaves,Leganes,1,1,0,0
11385,2024,55,2024-11-30,2,Barcelona,Las Palmas,1,2,0,0
11386,2024,55,2024-11-30,2,Espanol,Celta,3,1,1,0
11387,2024,55,2024-11-30,2,Valladolid,Ath Madrid,0,5,0,3
11388,2024,44,2024-11-30,3,Bologna,Venezia,3,0,1,0
11389,2024,44,2024-11-30,3,Como,Monza,1,1,1,0
11390,2024,44,2024-11-30,3,Milan,Empoli,3,0,2,0
11391,2024,35,2024-11-30,4,Augsburg,Bochum,1,0,1,0
11392,2024,35,2024-11-30,4,Dortmund,Bayern Munich,1,1,1,0
11393,2024,35,2024-11-30,4,Freiburg,M'gladbach,3,1,1,0
11394,2024,35,2024-11-30,4,RB Leipzig,Wolfsburg,1,5,0,3
11395,2024,35,2024-11-30,4,Union Berlin,Leverkusen,1,2,1,1
11396,2024,35,2024-11-30,4,Werder Bremen,Stuttgart,2,2,1,1
11397,2024,38,2024-11-30,5,Brest,Strasbourg,3,1,2,0
11398,2024,38,2024-11-30,5,Paris SG,Nantes,1,1,1,1
11399,2024,38,2024-11-30,5,Rennes,St Etienne,5,0,2,0
11400,2024,34,2024-12-01,1,Chelsea,Aston Villa,3,0,2,0
11401,2024,34,2024-12-01,1,Liverpool,Man City,2,0,1,0
11402,2024,34,2024-12-01,1,Man United,Everton,4,0,2,0
11403,2024,34,2024-12-01,1,Tottenham,Fulham,1,1,0,0
11404,2024,56,2024-12-01,2,Real Madrid,Getafe,2,0,2,0
11405,2024,56,2024-12-01,2,Sociedad,Betis,2,0,2,0
11406,2024,56,2024-12-01,2,Vallecano,Ath Bilbao,1,2,1,0
11407,2024,56,2024-12-01,2,Villarreal,Girona,2,2,1,0
11408,2024,45,2024-12-01,3,Lecce,Juventus,1,1,0,0
11409,2024,45,2024-12-01,3,Parma,Lazio,3,1,1,0
11410,2024,45,2024-12-01,3,Torino,Napoli,0,1,0,1
11411,2024,45,2024-12-01,3,Udinese,Genoa,0,2,0,1
11412,2024,36,2024-12-01,4,Heidenheim,Ein Frankfurt,0,4,0,1
11413,2024,36,2024-12-01,4,Mainz,Hoffenheim,2,0,2,0
11414,2024,39,2024-12-01,5,Le Havre,Angers,0,1,0,0
11415,2024,39,2024-12-01,5,Lyon,Nice,4,1,3,1
11416,2024,39,2024-12-01,5,Marseille,Monaco,2,1,0,1
11417,2024,39,2024-12-01,5,Montpellier,Lille,2,2,1,1
11418,2024,39,2024-12-01,5,Toulouse,Auxerre,2,0,2,0
11419,2024,57,2024-12-02,2,Sevilla,Osasuna,1,1,0,0
11420,2024,46,2024-12-02,3,Roma,Atalanta,0,2,0,0
11421,2024,35,2024-12-03,1,Ipswich,Crystal Palace,0,1,0,0
11422,2024,35,2024-12-03,1,Leicester,West Ham,3,1,1,0
11423,2024,58,2024-12-03,2,Mallorca,Barcelona,1,5,1,1
11424,2024,36,2024-12-04,1,Arsenal,Man United,2,0,0,0
11425,2024,36,2024-12-04,1,Aston Villa,Brentford,3,1,3,0
11426,2024,36,2024-12-04,1,Everton,Wolves,4,0,2,0
11427,2024,36,2024-12-04,1,Man City,Nott'm Forest,3,0,2,0
11428,2024,36,2024-12-04,1,Newcastle,Liverpool,3,3,1,0
11429,2024,36,2024-12-04,1,Southampton,Chelsea,1,5,1,3
11430,2024,59,2024-12-04,2,Ath Bilbao,Real Madrid,2,1,0,0
11431,2024,37,2024-12-05,1,Bournemouth,Tottenham,1,0,1,0
11432,2024,37,2024-12-05,1,Fulham,Brighton,3,1,1,0
11433,2024,60,2024-12-06,2,Celta,Mallorca,2,0,1,0
11434,2024,47,2024-12-06,3,Atalanta,Milan,2,1,1,1
11435,2024,47,2024-12-06,3,Inter,Parma,3,1,1,0
11436,2024,37,2024-12-06,4,Stuttgart,Union Berlin,3,2,0,1
11437,2024,40,2024-12-06,5,Auxerre,Paris SG,0,0,0,0
11438,2024,40,2024-12-06,5,Lille,Brest,3,1,2,0
11439,2024,38,2024-12-07,1,Aston Villa,Southampton,1,0,1,0
11440,2024,38,2024-12-07,1,Brentford,Newcastle,4,2,2,2
11441,2024,38,2024-12-07,1,Crystal Palace,Man City,2,2,1,1
11442,2024,38,2024-12-07,1,Man United,Nott'm Forest,2,3,1,1
11443,2024,61,2024-12-07,2,Betis,Barcelona,2,2,0,1
11444,2024,61,2024-12-07,2,Girona,Real Madrid,0,3,0,1
11445,2024,61,2024-12-07,2,Las Palmas,Valladolid,2,1,1,1
11446,2024,61,2024-12-07,2,Valencia,Vallecano,0,1,0,1
11447,2024,48,2024-12-07,3,Genoa,Torino,0,0,0,0
11448,2024,48,2024-12-07,3,Juventus,Bologna,2,2,0,1
11449,2024,48,2024-12-07,3,Roma,Lecce,4,1,1,1
11450,2024,38,2024-12-07,4,Bayern Munich,Heidenheim,4,2,1,0
11451,2024,38,2024-12-07,4,Bochum,Werder Bremen,0,1,0,0
11452,2024,38,2024-12-07,4,Ein Frankfurt,Augsburg,2,2,0,0
11453,2024,38,2024-12-07,4,Holstein Kiel,RB Leipzig,0,2,0,1
11454,2024,38,2024-12-07,4,Leverkusen,St Pauli,2,1,2,0
11455,2024,38,2024-12-07,4,M'gladbach,Dortmund,1,1,0,0
11456,2024,41,2024-12-07,5,Angers,Lyon,0,3,0,1
11457,2024,41,2024-12-07,5,Monaco,Toulouse,2,0,0,0
11458,2024,41,2024-12-07,5,Nice,Le Havre,2,1,0,0
11459,2024,39,2024-12-08,1,Fulham,Arsenal,1,1,1,0
11460,2024,39,2024-12-08,1,Ipswich,Bournemouth,1,2,1,0
11461,2024,39,2024-12-08,1,Leicester,Brighton,2,2,0,1
11462,2024,39,2024-12-08,1,Tottenham,Chelsea,3,4,2,1
11463,2024,62,2024-12-08,2,Ath Bilbao,Villarreal,2,0,1,0
11464,2024,62,2024-12-08,2,Ath Madrid,Sevilla,4,3,1,2
11465,2024,62,2024-12-08,2,Leganes,Sociedad,0,3,0,1
11466,2024,62,2024-12-08,2,Osasuna,Alaves,2,2,0,1
11467,2024,49,2024-12-08,3,Fiorentina,Cagliari,1,0,1,0
11468,2024,49,2024-12-08,3,Napoli,Lazio,0,1,0,0
11469,2024,49,2024-12-08,3,Venezia,Como,2,2,1,0
11470,2024,49,2024-12-08,3,Verona,Empoli,1,4,1,4
11471,2024,39,2024-12-08,4,Hoffenheim,Freiburg,1,1,0,0
11472,2024,39,2024-12-08,4,Wolfsburg,Mainz,4,3,1,2
11473,2024,42,2024-12-08,5,Lens,Montpellier,2,0,1,0
11474,2024,42,2024-12-08,5,Nantes,Rennes,1,0,0,0
11475,2024,42,2024-12-08,5,St Etienne,Marseille,0,2,0,1
11476,2024,42,2024-12-08,5,Strasbourg,Reims,0,0,0,0
11477,2024,40,2024-12-09,1,West Ham,Wolves,2,1,0,0
11478,2024,63,2024-12-09,2,Getafe,Espanol,1,0,1,0
11479,2024,50,2024-12-09,3,Monza,Udinese,1,2,0,1
11480,2024,64,2024-12-13,2,Valladolid,Valencia,1,0,1,0
11481,2024,51,2024-12-13,3,Empoli,Torino,0,1,0,0
11482,2024,40,2024-12-13,4,Freiburg,Wolfsburg,3,2,1,0
11483,2024,43,2024-12-13,5,Toulouse,St Etienne,2,1,0,0
11484,2024,41,2024-12-14,1,Arsenal,Everton,0,0,0,0
11485,2024,41,2024-12-14,1,Liverpool,Fulham,2,2,0,1
11486,2024,41,2024-12-14,1,Newcastle,Leicester,4,0,1,0
11487,2024,41,2024-12-14,1,Nott'm Forest,Aston Villa,2,1,0,0
11488,2024,41,2024-12-14,1,Wolves,Ipswich,1,2,0,1
11489,2024,65,2024-12-14,2,Espanol,Osasuna,0,0,0,0
11490,2024,65,2024-12-14,2,Mallorca,Girona,2,1,1,1
11491,2024,65,2024-12-14,2,Sevilla,Celta,1,0,0,0
11492,2024,65,2024-12-14,2,Vallecano,Real Madrid,3,3,2,2
11493,2024,52,2024-12-14,3,Cagliari,Atalanta,0,1,0,0
11494,2024,52,2024-12-14,3,Juventus,Venezia,2,2,1,0
11495,2024,52,2024-12-14,3,Udinese,Napoli,1,3,1,0
11496,2024,41,2024-12-14,4,Augsburg,Leverkusen,0,2,0,2
11497,2024,41,2024-12-14,4,M'gladbach,Holstein Kiel,4,1,3,1
11498,2024,41,2024-12-14,4,Mainz,Bayern Munich,2,1,1,0
11499,2024,41,2024-12-14,4,St Pauli,Werder Bremen,0,2,0,1
11500,2024,41,2024-12-14,4,Union Berlin,Bochum,0,2,,
11501,2024,44,2024-12-14,5,Auxerre,Lens,2,2,1,2
11502,2024,44,2024-12-14,5,Marseille,Lille,1,1,1,0
11503,2024,44,2024-12-14,5,Reims,Monaco,0,0,0,0
11504,2024,42,2024-12-15,1,Brighton,Crystal Palace,1,3,0,2
11505,2024,42,2024-12-15,1,Chelsea,Brentford,2,1,1,0
11506,2024,42,2024-12-15,1,Man City,Man United,1,2,1,0
11507,2024,42,2024-12-15,1,Southampton,Tottenham,0,5,0,5
11508,2024,66,2024-12-15,2,Alaves,Ath Bilbao,1,1,0,1
11509,2024,66,2024-12-15,2,Ath Madrid,Getafe,1,0,0,0
11510,2024,66,2024-12-15,2,Barcelona,Leganes,0,1,0,1
11511,2024,66,2024-12-15,2,Sociedad,Las Palmas,0,0,0,0
11512,2024,66,2024-12-15,2,Villarreal,Betis,1,2,0,1
11513,2024,53,2024-12-15,3,Bologna,Fiorentina,1,0,0,0
11514,2024,53,2024-12-15,3,Como,Roma,2,0,0,0
11515,2024,53,2024-12-15,3,Lecce,Monza,2,1,2,1
11516,2024,53,2024-12-15,3,Milan,Genoa,0,0,0,0
11517,2024,53,2024-12-15,3,Parma,Verona,2,3,1,1
11518,2024,42,2024-12-15,4,Dortmund,Hoffenheim,1,1,0,0
11519,2024,42,2024-12-15,4,Heidenheim,Stuttgart,1,3,1,2
11520,2024,42,2024-12-15,4,RB Leipzig,Ein Frankfurt,2,1,1,1
11521,2024,45,2024-12-15,5,Brest,Nantes,4,1,2,0
11522,2024,45,2024-12-15,5,Le Havre,Strasbourg,0,3,0,2
11523,2024,45,2024-12-15,5,Montpellier,Nice,2,2,1,2
11524,2024,45,2024-12-15,5,Paris SG,Lyon,3,1,2,1
11525,2024,45,2024-12-15,5,Rennes,Angers,2,0,1,0
11526,2024,43,2024-12-16,1,Bournemouth,West Ham,1,1,0,0
11527,2024,54,2024-12-16,3,Lazio,Inter,0,6,0,2
11528,2024,67,2024-12-18,2,Espanol,Valencia,1,1,1,0
11529,2024,67,2024-12-18,2,Villarreal,Vallecano,1,1,1,1
11530,2024,46,2024-12-18,5,Monaco,Paris SG,2,4,0,1
11531,2024,68,2024-12-20,2,Girona,Valladolid,3,0,2,0
11532,2024,55,2024-12-20,3,Verona,Milan,0,1,0,0
11533,2024,43,2024-12-20,4,Bayern Munich,RB Leipzig,5,1,3,1
11534,2024,44,2024-12-21,1,Aston Villa,Man City,2,1,1,0
11535,2024,44,2024-12-21,1,Brentford,Nott'm Forest,0,2,0,1
11536,2024,44,2024-12-21,1,Crystal Palace,Arsenal,1,5,1,3
11537,2024,44,2024-12-21,1,Ipswich,Newcastle,0,4,0,3
11538,2024,44,2024-12-21,1,West Ham,Brighton,1,1,0,0
11539,2024,69,2024-12-21,2,Barcelona,Ath Madrid,1,2,1,0
11540,2024,69,2024-12-21,2,Celta,Sociedad,2,0,2,0
11541,2024,69,2024-12-21,2,Getafe,Mallorca,0,1,0,0
11542,2024,69,2024-12-21,2,Osasuna,Ath Bilbao,1,2,1,1
11543,2024,56,2024-12-21,3,Genoa,Napoli,1,2,0,2
11544,2024,56,2024-12-21,3,Lecce,Lazio,1,2,0,1
11545,2024,56,2024-12-21,3,Torino,Bologna,0,2,0,0
11546,2024,44,2024-12-21,4,Ein Frankfurt,Mainz,1,3,0,2
11547,2024,44,2024-12-21,4,Hoffenheim,M'gladbach,1,2,0,1
11548,2024,44,2024-12-21,4,Holstein Kiel,Augsburg,5,1,4,1
11549,2024,44,2024-12-21,4,Leverkusen,Freiburg,5,1,1,0
11550,2024,44,2024-12-21,4,Stuttgart,St Pauli,0,1,0,1
11551,2024,44,2024-12-21,4,Werder Bremen,Union Berlin,4,1,3,1
11552,2024,45,2024-12-22,1,Everton,Chelsea,0,0,0,0
11553,2024,45,2024-12-22,1,Fulham,Southampton,0,0,0,0
11554,2024,45,2024-12-22,1,Leicester,Wolves,0,3,0,3
11555,2024,45,2024-12-22,1,Man United,Bournemouth,0,3,0,1
11556,2024,45,2024-12-22,1,Tottenham,Liverpool,3,6,1,3
11557,2024,70,2024-12-22,2,Betis,Vallecano,1,1,1,0
11558,2024,70,2024-12-22,2,Las Palmas,Espanol,1,0,0,0
11559,2024,70,2024-12-22,2,Leganes,Villarreal,2,5,2,2
11560,2024,70,2024-12-22,2,Real Madrid,Sevilla,4,2,3,1
11561,2024,70,2024-12-22,2,Valencia,Alaves,2,2,0,1
11562,2024,57,2024-12-22,3,Atalanta,Empoli,3,2,2,1
11563,2024,57,2024-12-22,3,Monza,Juventus,1,2,1,2
11564,2024,57,2024-12-22,3,Roma,Parma,5,0,2,0
11565,2024,57,2024-12-22,3,Venezia,Cagliari,2,1,1,0
11566,2024,45,2024-12-22,4,Bochum,Heidenheim,2,0,2,0
11567,2024,45,2024-12-22,4,Wolfsburg,Dortmund,1,3,0,3
11568,2024,58,2024-12-23,3,Fiorentina,Udinese,1,2,1,0
11569,2024,58,2024-12-23,3,Inter,Como,2,0,0,0
11570,2024,46,2024-12-26,1,Bournemouth,Crystal Palace,0,0,0,0
11571,2024,46,2024-12-26,1,Chelsea,Fulham,1,2,1,0
11572,2024,46,2024-12-26,1,Liverpool,Leicester,3,1,1,1
11573,2024,46,2024-12-26,1,Man City,Everton,1,1,1,1
11574,2024,46,2024-12-26,1,Newcastle,Aston Villa,3,0,1,0
11575,2024,46,2024-12-26,1,Nott'm Forest,Tottenham,1,0,1,0
11576,2024,46,2024-12-26,1,Southampton,West Ham,0,1,0,0
11577,2024,46,2024-12-26,1,Wolves,Man United,2,0,0,0
11578,2024,47,2024-12-27,1,Arsenal,Ipswich,1,0,1,0
11579,2024,47,2024-12-27,1,Brighton,Brentford,0,0,0,0
11580,2024,59,2024-12-28,3,Cagliari,Inter,0,3,0,0
11581,2024,59,2024-12-28,3,Empoli,Genoa,1,2,0,0
11582,2024,59,2024-12-28,3,Lazio,Atalanta,1,1,1,0
11583,2024,59,2024-12-28,3,Parma,Monza,2,1,0,0
11584,2024,48,2024-12-29,1,Crystal Palace,Southampton,2,1,1,1
11585,2024,48,2024-12-29,1,Everton,Nott'm Forest,0,2,0,1
11586,2024,48,2024-12-29,1,Fulham,Bournemouth,2,2,1,0
11587,2024,48,2024-12-29,1,Leicester,Man City,0,2,0,1
11588,2024,48,2024-12-29,1,Tottenham,Wolves,2,2,2,1
11589,2024,48,2024-12-29,1,West Ham,Liverpool,0,5,0,3
11590,2024,60,2024-12-29,3,Juventus,Fiorentina,2,2,1,1
11591,2024,60,2024-12-29,3,Milan,Roma,1,1,1,1
11592,2024,60,2024-12-29,3,Napoli,Venezia,1,0,0,0
11593,2024,60,2024-12-29,3,Udinese,Torino,2,2,1,0
11594,2024,49,2024-12-30,1,Aston Villa,Brighton,2,2,1,1
11595,2024,49,2024-12-30,1,Ipswich,Chelsea,2,0,1,0
11596,2024,49,2024-12-30,1,Man United,Newcastle,0,2,0,2
11597,2024,61,2024-12-30,3,Bologna,Verona,2,3,1,2
11598,2024,61,2024-12-30,3,Como,Lecce,2,0,0,0
11599,2024,50,2025-01-01,1,Brentford,Arsenal,1,3,1,1
11600,2024,71,2025-01-03,2,Valencia,Real Madrid,1,2,1,0
11601,2024,47,2025-01-03,5,Nice,Rennes,3,2,3,1
11602,2024,51,2025-01-04,1,Aston Villa,Leicester,2,1,0,0
11603,2024,51,2025-01-04,1,Bournemouth,Everton,1,0,0,0
11604,2024,51,2025-01-04,1,Brighton,Arsenal,1,1,0,1
11605,2024,51,2025-01-04,1,Crystal Palace,Chelsea,1,1,0,1
11606,2024,51,2025-01-04,1,Man City,West Ham,4,1,2,0
11607,2024,51,2025-01-04,1,Southampton,Brentford,0,5,0,1
11608,2024,51,2025-01-04,1,Tottenham,Newcastle,1,2,1,2
11609,2024,62,2025-01-04,3,Fiorentina,Napoli,0,3,0,1
11610,2024,62,2025-01-04,3,Venezia,Empoli,1,1,1,1
11611,2024,62,2025-01-04,3,Verona,Udinese,0,0,0,0
11612,2024,48,2025-01-04,5,Lille,Nantes,1,1,1,0
11613,2024,48,2025-01-04,5,Lyon,Montpellier,1,0,0,0
11614,2024,48,2025-01-04,5,St Etienne,Reims,3,1,0,1
11615,2024,52,2025-01-05,1,Fulham,Ipswich,2,2,0,1
11616,2024,52,2025-01-05,1,Liverpool,Man United,2,2,0,0
11617,2024,63,2025-01-05,3,Lecce,Genoa,0,0,0,0
11618,2024,63,2025-01-05,3,Monza,Cagliari,1,2,1,1
11619,2024,63,2025-01-05,3,Roma,Lazio,2,0,2,0
11620,2024,63,2025-01-05,3,Torino,Parma,0,0,0,0
11621,2024,49,2025-01-05,5,Angers,Brest,2,0,1,0
11622,2024,49,2025-01-05,5,Lens,Toulouse,0,1,0,0
11623,2024,49,2025-01-05,5,Marseille,Le Havre,5,1,3,0
11624,2024,49,2025-01-05,5,Strasbourg,Auxerre,3,1,1,1
11625,2024,53,2025-01-06,1,Wolves,Nott'm Forest,0,3,0,2
11626,2024,72,2025-01-10,2,Vallecano,Celta,2,1,1,1
11627,2024,64,2025-01-10,3,Lazio,Como,1,1,1,0
11628,2024,46,2025-01-10,4,Dortmund,Leverkusen,2,3,1,3
11629,2024,50,2025-01-10,5,Auxerre,Lille,0,0,0,0
11630,2024,50,2025-01-10,5,Nantes,Monaco,2,2,1,0
11631,2024,73,2025-01-11,2,Alaves,Girona,0,1,0,0
11632,2024,73,2025-01-11,2,Espanol,Leganes,1,1,1,1
11633,2024,73,2025-01-11,2,Sevilla,Valencia,1,1,0,0
11634,2024,73,2025-01-11,2,Valladolid,Betis,1,0,0,0
11635,2024,65,2025-01-11,3,Empoli,Lecce,1,3,0,2
11636,2024,65,2025-01-11,3,Milan,Cagliari,1,1,0,0
11637,2024,65,2025-01-11,3,Torino,Juventus,1,1,1,1
11638,2024,65,2025-01-11,3,Udinese,Atalanta,0,0,0,0
11639,2024,47,2025-01-11,4,Freiburg,Holstein Kiel,3,2,2,0
11640,2024,47,2025-01-11,4,Heidenheim,Union Berlin,2,0,1,0
11641,2024,47,2025-01-11,4,Hoffenheim,Wolfsburg,0,1,0,1
11642,2024,47,2025-01-11,4,M'gladbach,Bayern Munich,0,1,0,0
11643,2024,47,2025-01-11,4,Mainz,Bochum,2,0,1,0
11644,2024,47,2025-01-11,4,St Pauli,Ein Frankfurt,0,1,0,1
11645,2024,51,2025-01-11,5,Brest,Lyon,2,1,2,1
11646,2024,51,2025-01-11,5,Reims,Nice,2,4,1,2
11647,2024,51,2025-01-11,5,Rennes,Marseille,1,2,1,1
11648,2024,74,2025-01-12,2,Ath Madrid,Osasuna,1,0,0,0
11649,2024,74,2025-01-12,2,Las Palmas,Getafe,1,2,0,0
11650,2024,66,2025-01-12,3,Bologna,Roma,2,2,0,0
11651,2024,66,2025-01-12,3,Genoa,Parma,1,0,0,0
11652,2024,66,2025-01-12,3,Napoli,Verona,2,0,1,0
11653,2024,66,2025-01-12,3,Venezia,Inter,0,1,0,1
11654,2024,48,2025-01-12,4,Augsburg,Stuttgart,0,1,0,0
11655,2024,48,2025-01-12,4,RB Leipzig,Werder Bremen,4,2,2,1
11656,2024,52,2025-01-12,5,Le Havre,Lens,1,2,1,1
11657,2024,52,2025-01-12,5,Montpellier,Angers,1,3,0,1
11658,2024,52,2025-01-12,5,Paris SG,St Etienne,2,1,2,0
11659,2024,52,2025-01-12,5,Toulouse,Strasbourg,1,2,1,2
11660,2024,75,2025-01-13,2,Sociedad,Villarreal,1,0,0,0
11661,2024,67,2025-01-13,3,Monza,Fiorentina,2,1,1,0
11662,2024,54,2025-01-14,1,Brentford,Man City,2,2,0,0
11663,2024,54,2025-01-14,1,Chelsea,Bournemouth,2,2,1,0
11664,2024,54,2025-01-14,1,Nott'm Forest,Liverpool,1,1,1,0
11665,2024,54,2025-01-14,1,West Ham,Fulham,3,2,2,0
11666,2024,68,2025-01-14,3,Atalanta,Juventus,1,1,0,0
11667,2024,68,2025-01-14,3,Como,Milan,1,2,0,0
11668,2024,49,2025-01-14,4,Ein Frankfurt,Freiburg,4,1,1,1
11669,2024,49,2025-01-14,4,Holstein Kiel,Dortmund,4,2,3,0
11670,2024,49,2025-01-14,4,Leverkusen,Mainz,1,0,0,0
11671,2024,49,2025-01-14,4,Wolfsburg,M'gladbach,5,1,1,0
11672,2024,55,2025-01-15,1,Arsenal,Tottenham,2,1,2,1
11673,2024,55,2025-01-15,1,Everton,Aston Villa,0,1,0,0
11674,2024,55,2025-01-15,1,Leicester,Crystal Palace,0,2,0,0
11675,2024,55,2025-01-15,1,Newcastle,Wolves,3,0,1,0
11676,2024,69,2025-01-15,3,Inter,Bologna,2,2,2,1
11677,2024,50,2025-01-15,4,Bayern Munich,Hoffenheim,5,0,3,0
11678,2024,50,2025-01-15,4,Bochum,St Pauli,1,0,0,0
11679,2024,50,2025-01-15,4,Stuttgart,RB Leipzig,2,1,0,1
11680,2024,50,2025-01-15,4,Union Berlin,Augsburg,0,2,0,2
11681,2024,50,2025-01-15,4,Werder Bremen,Heidenheim,3,3,1,1
11682,2024,56,2025-01-16,1,Ipswich,Brighton,0,2,0,0
11683,2024,56,2025-01-16,1,Man United,Southampton,3,1,0,1
11684,2024,76,2025-01-17,2,Espanol,Valladolid,2,1,1,0
11685,2024,70,2025-01-17,3,Roma,Genoa,3,1,1,1
11686,2024,51,2025-01-17,4,Ein Frankfurt,Dortmund,2,0,1,0
11687,2024,53,2025-01-17,5,Lille,Nice,2,1,0,1
11688,2024,53,2025-01-17,5,Montpellier,Monaco,2,1,0,1
11689,2024,57,2025-01-18,1,Arsenal,Aston Villa,2,2,1,0
11690,2024,57,2025-01-18,1,Brentford,Liverpool,0,2,0,0
11691,2024,57,2025-01-18,1,Leicester,Fulham,0,2,0,0
11692,2024,57,2025-01-18,1,Newcastle,Bournemouth,1,4,1,2
11693,2024,57,2025-01-18,1,West Ham,Crystal Palace,0,2,0,0
11694,2024,77,2025-01-18,2,Betis,Alaves,1,3,1,1
11695,2024,77,2025-01-18,2,Getafe,Barcelona,1,1,1,1
11696,2024,77,2025-01-18,2,Girona,Sevilla,1,2,1,0
11697,2024,77,2025-01-18,2,Leganes,Ath Madrid,1,0,0,0
11698,2024,71,2025-01-18,3,Atalanta,Napoli,2,3,1,2
11699,2024,71,2025-01-18,3,Bologna,Monza,3,1,2,1
11700,2024,71,2025-01-18,3,Juventus,Milan,2,0,0,0
11701,2024,52,2025-01-18,4,Bayern Munich,Wolfsburg,3,2,2,1
11702,2024,52,2025-01-18,4,Bochum,RB Leipzig,3,3,0,3
11703,2024,52,2025-01-18,4,Heidenheim,St Pauli,0,2,0,1
11704,2024,52,2025-01-18,4,Holstein Kiel,Hoffenheim,1,3,0,2
11705,2024,52,2025-01-18,4,Leverkusen,M'gladbach,3,1,1,0
11706,2024,52,2025-01-18,4,Stuttgart,Freiburg,4,0,3,0
11707,2024,54,2025-01-18,5,Lens,Paris SG,1,2,1,0
11708,2024,54,2025-01-18,5,Lyon,Toulouse,0,0,0,0
11709,2024,54,2025-01-18,5,Rennes,Brest,1,2,0,1
11710,2024,58,2025-01-19,1,Everton,Tottenham,3,2,3,0
11711,2024,58,2025-01-19,1,Ipswich,Man City,0,6,0,3
11712,2024,58,2025-01-19,1,Man United,Brighton,1,3,1,1
11713,2024,58,2025-01-19,1,Nott'm Forest,Southampton,3,2,3,0
11714,2024,78,2025-01-19,2,Celta,Ath Bilbao,1,2,0,0
11715,2024,78,2025-01-19,2,Osasuna,Vallecano,1,1,0,1
11716,2024,78,2025-01-19,2,Real Madrid,Las Palmas,4,1,3,1
11717,2024,78,2025-01-19,2,Valencia,Sociedad,1,0,1,0
11718,2024,72,2025-01-19,3,Cagliari,Lecce,4,1,0,1
11719,2024,72,2025-01-19,3,Fiorentina,Torino,1,1,1,0
11720,2024,72,2025-01-19,3,Inter,Empoli,3,1,0,0
11721,2024,72,2025-01-19,3,Parma,Venezia,1,1,0,1
11722,2024,72,2025-01-19,3,Verona,Lazio,0,3,0,2
11723,2024,53,2025-01-19,4,Union Berlin,Mainz,2,1,2,1
11724,2024,53,2025-01-19,4,Werder Bremen,Augsburg,0,2,0,2
11725,2024,55,2025-01-19,5,Angers,Auxerre,2,0,1,0
11726,2024,55,2025-01-19,5,Marseille,Strasbourg,1,1,0,1
11727,2024,55,2025-01-19,5,Reims,Le Havre,1,1,1,0
11728,2024,55,2025-01-19,5,St Etienne,Nantes,1,1,0,1
11729,2024,59,2025-01-20,1,Chelsea,Wolves,3,1,1,1
11730,2024,79,2025-01-20,2,Villarreal,Mallorca,4,0,4,0
11731,2024,73,2025-01-20,3,Como,Udinese,4,1,2,0
11732,2024,80,2025-01-24,2,Las Palmas,Osasuna,1,1,0,0
11733,2024,74,2025-01-24,3,Torino,Cagliari,2,0,1,0
11734,2024,54,2025-01-24,4,Wolfsburg,Holstein Kiel,2,2,0,1
11735,2024,56,2025-01-24,5,Auxerre,St Etienne,1,1,1,1
11736,2024,60,2025-01-25,1,Bournemouth,Nott'm Forest,5,0,1,0
11737,2024,60,2025-01-25,1,Brighton,Everton,0,1,0,1
11738,2024,60,2025-01-25,1,Liverpool,Ipswich,4,1,3,0
11739,2024,60,2025-01-25,1,Man City,Chelsea,3,1,1,1
11740,2024,60,2025-01-25,1,Southampton,Newcastle,1,3,1,2
11741,2024,60,2025-01-25,1,Wolves,Arsenal,0,1,0,0
11742,2024,81,2025-01-25,2,Ath Madrid,Villarreal,1,1,0,1
11743,2024,81,2025-01-25,2,Mallorca,Betis,0,1,0,0
11744,2024,81,2025-01-25,2,Sevilla,Espanol,1,1,0,1
11745,2024,81,2025-01-25,2,Valladolid,Real Madrid,0,3,0,1
11746,2024,75,2025-01-25,3,Como,Atalanta,1,2,1,0
11747,2024,75,2025-01-25,3,Empoli,Bologna,1,1,1,1
11748,2024,75,2025-01-25,3,Napoli,Juventus,2,1,0,1
11749,2024,55,2025-01-25,4,Augsburg,Heidenheim,2,1,1,0
11750,2024,55,2025-01-25,4,Dortmund,Werder Bremen,2,2,1,0
11751,2024,55,2025-01-25,4,Freiburg,Bayern Munich,1,2,0,1
11752,2024,55,2025-01-25,4,M'gladbach,Bochum,3,0,1,0
11753,2024,55,2025-01-25,4,Mainz,Stuttgart,2,0,1,0
11754,2024,55,2025-01-25,4,RB Leipzig,Leverkusen,2,2,1,2
11755,2024,57,2025-01-25,5,Monaco,Rennes,3,2,1,1
11756,2024,57,2025-01-25,5,Paris SG,Reims,1,1,0,0
11757,2024,57,2025-01-25,5,Strasbourg,Lille,2,1,0,1
11758,2024,61,2025-01-26,1,Aston Villa,West Ham,1,1,1,0
11759,2024,61,2025-01-26,1,Crystal Palace,Brentford,1,2,0,0
11760,2024,61,2025-01-26,1,Fulham,Man United,0,1,0,0
11761,2024,61,2025-01-26,1,Tottenham,Leicester,1,2,1,0
11762,2024,82,2025-01-26,2,Ath Bilbao,Leganes,0,0,0,0
11763,2024,82,2025-01-26,2,Barcelona,Valencia,7,1,5,0
11764,2024,82,2025-01-26,2,Sociedad,Getafe,0,3,0,0
11765,2024,82,2025-01-26,2,Vallecano,Girona,2,1,0,0
11766,2024,76,2025-01-26,3,Lazio,Fiorentina,1,2,0,2
11767,2024,76,2025-01-26,3,Lecce,Inter,0,4,0,2
11768,2024,76,2025-01-26,3,Milan,Parma,3,2,1,1
11769,2024,76,2025-01-26,3,Udinese,Roma,1,2,1,0
11770,2024,56,2025-01-26,4,Hoffenheim,Ein Frankfurt,2,2,0,1
11771,2024,56,2025-01-26,4,St Pauli,Union Berlin,3,0,1,0
11772,2024,58,2025-01-26,5,Le Havre,Brest,0,1,0,1
11773,2024,58,2025-01-26,5,Lens,Angers,1,0,0,0
11774,2024,58,2025-01-26,5,Nantes,Lyon,1,1,0,1
11775,2024,58,2025-01-26,5,Nice,Marseille,2,0,1,0
11776,2024,58,2025-01-26,5,Toulouse,Montpellier,1,2,0,0
11777,2024,83,2025-01-27,2,Alaves,Celta,1,1,1,0
11778,2024,77,2025-01-27,3,Genoa,Monza,2,0,0,0
11779,2024,77,2025-01-27,3,Venezia,Verona,1,1,1,0
11780,2024,84,2025-01-31,2,Leganes,Vallecano,0,1,0,0
11781,2024,78,2025-01-31,3,Parma,Lecce,1,3,1,1
11782,2024,57,2025-01-31,4,Werder Bremen,Mainz,1,0,1,0
11783,2024,59,2025-01-31,5,Montpellier,Lens,0,2,0,1
11784,2024,62,2025-02-01,1,Bournemouth,Liverpool,0,2,0,1
11785,2024,62,2025-02-01,1,Everton,Leicester,4,0,3,0
11786,2024,62,2025-02-01,1,Ipswich,Southampton,1,2,1,1
11787,2024,62,2025-02-01,1,Newcastle,Fulham,1,2,1,0
11788,2024,62,2025-02-01,1,Nott'm Forest,Brighton,7,0,3,0
11789,2024,62,2025-02-01,1,Wolves,Aston Villa,2,0,1,0
11790,2024,85,2025-02-01,2,Ath Madrid,Mallorca,2,0,1,0
11791,2024,85,2025-02-01,2,Espanol,Real Madrid,1,0,0,0
11792,2024,85,2025-02-01,2,Getafe,Sevilla,0,0,0,0
11793,2024,85,2025-02-01,2,Villarreal,Valladolid,5,1,1,0
11794,2024,79,2025-02-01,3,Atalanta,Torino,1,1,1,1
11795,2024,79,2025-02-01,3,Bologna,Como,2,0,1,0
11796,2024,79,2025-02-01,3,Monza,Verona,0,1,0,1
11797,2024,79,2025-02-01,3,Udinese,Venezia,3,2,0,0
11798,2024,58,2025-02-01,4,Bayern Munich,Holstein Kiel,4,3,2,0
11799,2024,58,2025-02-01,4,Bochum,Freiburg,0,1,0,1
11800,2024,58,2025-02-01,4,Heidenheim,Dortmund,1,2,0,1
11801,2024,58,2025-02-01,4,St Pauli,Augsburg,1,1,1,0
11802,2024,58,2025-02-01,4,Stuttgart,M'gladbach,1,2,0,1
11803,2024,58,2025-02-01,4,Union Berlin,RB Leipzig,0,0,0,0
11804,2024,60,2025-02-01,5,Brest,Paris SG,2,5,0,1
11805,2024,60,2025-02-01,5,Lille,St Etienne,4,1,1,1
11806,2024,60,2025-02-01,5,Monaco,Auxerre,4,2,1,2
11807,2024,63,2025-02-02,1,Arsenal,Man City,5,1,1,0
11808,2024,63,2025-02-02,1,Brentford,Tottenham,0,2,0,1
11809,2024,63,2025-02-02,1,Man United,Crystal Palace,0,2,0,0
11810,2024,86,2025-02-02,2,Barcelona,Alaves,1,0,0,0
11811,2024,86,2025-02-02,2,Betis,Ath Bilbao,2,2,2,1
11812,2024,86,2025-02-02,2,Osasuna,Sociedad,2,1,1,0
11813,2024,86,2025-02-02,2,Valencia,Celta,2,1,1,0
11814,2024,80,2025-02-02,3,Fiorentina,Genoa,2,1,2,0
11815,2024,80,2025-02-02,3,Juventus,Empoli,4,1,0,1
11816,2024,80,2025-02-02,3,Milan,Inter,1,1,1,0
11817,2024,80,2025-02-02,3,Roma,Napoli,1,1,0,1
11818,2024,59,2025-02-02,4,Ein Frankfurt,Wolfsburg,1,1,0,0
11819,2024,59,2025-02-02,4,Leverkusen,Hoffenheim,3,1,2,0
11820,2024,61,2025-02-02,5,Angers,Le Havre,1,1,0,0
11821,2024,61,2025-02-02,5,Marseille,Lyon,3,2,0,0
11822,2024,61,2025-02-02,5,Reims,Nantes,1,2,1,1
11823,2024,61,2025-02-02,5,Rennes,Strasbourg,1,0,0,0
11824,2024,61,2025-02-02,5,Toulouse,Nice,1,1,0,1
11825,2024,64,2025-02-03,1,Chelsea,West Ham,2,1,0,1
11826,2024,87,2025-02-03,2,Girona,Las Palmas,2,1,1,0
11827,2024,81,2025-02-03,3,Cagliari,Lazio,1,2,0,1
11828,2024,82,2025-02-06,3,Fiorentina,Inter,3,0,0,0
11829,2024,88,2025-02-07,2,Vallecano,Valladolid,1,0,0,0
11830,2024,83,2025-02-07,3,Como,Juventus,1,2,1,1
11831,2024,60,2025-02-07,4,Bayern Munich,Werder Bremen,3,0,0,0
11832,2024,62,2025-02-07,5,Nantes,Brest,0,2,0,1
11833,2024,62,2025-02-07,5,Paris SG,Monaco,4,1,1,1
11834,2024,89,2025-02-08,2,Ath Bilbao,Girona,3,0,2,0
11835,2024,89,2025-02-08,2,Celta,Betis,3,2,0,2
11836,2024,89,2025-02-08,2,Las Palmas,Villarreal,1,2,0,0
11837,2024,89,2025-02-08,2,Real Madrid,Ath Madrid,1,1,0,1
11838,2024,84,2025-02-08,3,Empoli,Milan,0,2,0,0
11839,2024,84,2025-02-08,3,Torino,Genoa,1,1,1,0
11840,2024,84,2025-02-08,3,Verona,Atalanta,0,5,0,4
11841,2024,61,2025-02-08,4,Dortmund,Stuttgart,1,2,0,0
11842,2024,61,2025-02-08,4,Freiburg,Heidenheim,1,0,1,0
11843,2024,61,2025-02-08,4,Hoffenheim,Union Berlin,0,4,0,1
11844,2024,61,2025-02-08,4,M'gladbach,Ein Frankfurt,1,1,1,1
11845,2024,61,2025-02-08,4,Mainz,Augsburg,0,0,0,0
11846,2024,61,2025-02-08,4,Wolfsburg,Leverkusen,0,0,0,0
11847,2024,63,2025-02-08,5,Lille,Le Havre,1,2,0,1
11848,2024,63,2025-02-08,5,Nice,Lens,2,0,1,0
11849,2024,63,2025-02-08,5,St Etienne,Rennes,0,2,0,1
11850,2024,90,2025-02-09,2,Alaves,Getafe,0,1,0,1
11851,2024,90,2025-02-09,2,Sevilla,Barcelona,1,4,1,1
11852,2024,90,2025-02-09,2,Sociedad,Espanol,2,1,1,0
11853,2024,90,2025-02-09,2,Valencia,Leganes,2,0,2,0
11854,2024,85,2025-02-09,3,Cagliari,Parma,2,1,0,0
11855,2024,85,2025-02-09,3,Lazio,Monza,5,1,1,0
11856,2024,85,2025-02-09,3,Lecce,Bologna,0,0,0,0
11857,2024,85,2025-02-09,3,Napoli,Udinese,1,1,1,1
11858,2024,85,2025-02-09,3,Venezia,Roma,0,1,0,0
11859,2024,62,2025-02-09,4,Holstein Kiel,Bochum,2,2,1,2
11860,2024,62,2025-02-09,4,RB Leipzig,St Pauli,2,0,2,0
11861,2024,64,2025-02-09,5,Angers,Marseille,0,2,0,0
11862,2024,64,2025-02-09,5,Auxerre,Toulouse,2,2,0,0
11863,2024,64,2025-02-09,5,Lyon,Reims,4,0,1,0
11864,2024,64,2025-02-09,5,Strasbourg,Montpellier,2,0,1,0
11865,2024,91,2025-02-10,2,Mallorca,Osasuna,1,1,0,0
11866,2024,86,2025-02-10,3,Inter,Fiorentina,2,1,1,1
11867,2024,65,2025-02-12,1,Everton,Liverpool,2,2,1,1
11868,2024,66,2025-02-14,1,Brighton,Chelsea,3,0,2,0
11869,2024,92,2025-02-14,2,Girona,Getafe,1,2,0,1
11870,2024,87,2025-02-14,3,Bologna,Torino,3,2,1,1
11871,2024,63,2025-02-14,4,Augsburg,RB Leipzig,0,0,0,0
11872,2024,65,2025-02-14,5,Brest,Auxerre,2,2,0,1
11873,2024,67,2025-02-15,1,Aston Villa,Ipswich,1,1,0,0
11874,2024,67,2025-02-15,1,Crystal Palace,Everton,1,2,0,1
11875,2024,67,2025-02-15,1,Fulham,Nott'm Forest,2,1,1,1
11876,2024,67,2025-02-15,1,Leicester,Arsenal,0,2,0,0
11877,2024,67,2025-02-15,1,Man City,Newcastle,4,0,3,0
11878,2024,67,2025-02-15,1,Southampton,Bournemouth,1,3,0,2
11879,2024,67,2025-02-15,1,West Ham,Brentford,0,1,0,1
11880,2024,93,2025-02-15,2,Ath Madrid,Celta,1,1,0,0
11881,2024,93,2025-02-15,2,Leganes,Alaves,3,3,2,1
11882,2024,93,2025-02-15,2,Osasuna,Real Madrid,1,1,0,1
11883,2024,93,2025-02-15,2,Villarreal,Valencia,1,1,1,0
11884,2024,88,2025-02-15,3,Atalanta,Cagliari,0,0,0,0
11885,2024,88,2025-02-15,3,Lazio,Napoli,2,2,1,1
11886,2024,88,2025-02-15,3,Milan,Verona,1,0,0,0
11887,2024,64,2025-02-15,4,Bochum,Dortmund,2,0,2,0
11888,2024,64,2025-02-15,4,Leverkusen,Bayern Munich,0,0,0,0
11889,2024,64,2025-02-15,4,St Pauli,Freiburg,0,1,0,0
11890,2024,64,2025-02-15,4,Stuttgart,Wolfsburg,1,2,0,0
11891,2024,64,2025-02-15,4,Union Berlin,M'gladbach,1,2,0,2
11892,2024,66,2025-02-15,5,Marseille,St Etienne,5,1,1,0
11893,2024,66,2025-02-15,5,Monaco,Nantes,7,1,2,1
11894,2024,66,2025-02-15,5,Toulouse,Paris SG,0,1,0,0
11895,2024,68,2025-02-16,1,Liverpool,Wolves,2,1,2,0
11896,2024,68,2025-02-16,1,Tottenham,Man United,1,0,1,0
11897,2024,94,2025-02-16,2,Betis,Sociedad,3,0,0,0
11898,2024,94,2025-02-16,2,Espanol,Ath Bilbao,1,1,0,0
11899,2024,94,2025-02-16,2,Mallorca,Las Palmas,3,1,3,0
11900,2024,94,2025-02-16,2,Valladolid,Sevilla,0,4,0,2
11901,2024,89,2025-02-16,3,Fiorentina,Como,0,2,0,1
11902,2024,89,2025-02-16,3,Juventus,Inter,1,0,0,0
11903,2024,89,2025-02-16,3,Monza,Lecce,0,0,0,0
11904,2024,89,2025-02-16,3,Parma,Roma,0,1,0,1
11905,2024,89,2025-02-16,3,Udinese,Empoli,3,0,1,0
11906,2024,65,2025-02-16,4,Ein Frankfurt,Holstein Kiel,3,1,2,0
11907,2024,65,2025-02-16,4,Heidenheim,Mainz,0,2,0,1
11908,2024,65,2025-02-16,4,Werder Bremen,Hoffenheim,1,3,1,2
11909,2024,67,2025-02-16,5,Le Havre,Nice,1,3,1,2
11910,2024,67,2025-02-16,5,Lens,Strasbourg,0,2,0,0
11911,2024,67,2025-02-16,5,Montpellier,Lyon,1,4,1,1
11912,2024,67,2025-02-16,5,Reims,Angers,0,1,0,1
11913,2024,67,2025-02-16,5,Rennes,Lille,0,2,0,0
11914,2024,95,2025-02-17,2,Barcelona,Vallecano,1,0,1,0
11915,2024,90,2025-02-17,3,Genoa,Venezia,2,0,0,0
11916,2024,69,2025-02-19,1,Aston Villa,Liverpool,2,2,2,1
11917,2024,70,2025-02-21,1,Leicester,Brentford,0,4,0,3
11918,2024,96,2025-02-21,2,Celta,Osasuna,1,0,0,0
11919,2024,91,2025-02-21,3,Lecce,Udinese,0,1,0,1
11920,2024,66,2025-02-21,4,Freiburg,Werder Bremen,5,0,2,0
11921,2024,68,2025-02-21,5,Rennes,Reims,1,0,1,0
11922,2024,71,2025-02-22,1,Arsenal,West Ham,0,1,0,1
11923,2024,71,2025-02-22,1,Aston Villa,Chelsea,2,1,0,1
11924,2024,71,2025-02-22,1,Bournemouth,Wolves,0,1,0,1
11925,2024,71,2025-02-22,1,Everton,Man United,2,2,2,0
11926,2024,71,2025-02-22,1,Fulham,Crystal Palace,0,2,0,1
11927,2024,71,2025-02-22,1,Ipswich,Tottenham,1,4,1,2
11928,2024,71,2025-02-22,1,Southampton,Brighton,0,4,0,1
11929,2024,97,2025-02-22,2,Alaves,Espanol,0,1,0,0
11930,2024,97,2025-02-22,2,Las Palmas,Barcelona,0,2,0,0
11931,2024,97,2025-02-22,2,Valencia,Ath Madrid,0,3,0,2
11932,2024,97,2025-02-22,2,Vallecano,Villarreal,0,1,0,0
11933,2024,92,2025-02-22,3,Inter,Genoa,1,0,0,0
11934,2024,92,2025-02-22,3,Parma,Bologna,2,0,1,0
11935,2024,92,2025-02-22,3,Torino,Milan,2,1,1,0
11936,2024,92,2025-02-22,3,Venezia,Lazio,0,0,0,0
11937,2024,67,2025-02-22,4,Dortmund,Union Berlin,6,0,2,0
11938,2024,67,2025-02-22,4,Holstein Kiel,Leverkusen,0,2,0,2
11939,2024,67,2025-02-22,4,M'gladbach,Augsburg,0,3,0,0
11940,2024,67,2025-02-22,4,Mainz,St Pauli,2,0,0,0
11941,2024,67,2025-02-22,4,Wolfsburg,Bochum,1,1,0,0
11942,2024,69,2025-02-22,5,Auxerre,Marseille,3,0,1,0
11943,2024,69,2025-02-22,5,Lille,Monaco,2,1,2,1
11944,2024,69,2025-02-22,5,St Etienne,Angers,3,3,1,2
11945,2024,72,2025-02-23,1,Man City,Liverpool,0,2,0,2
11946,2024,72,2025-02-23,1,Newcastle,Nott'm Forest,4,3,4,1
11947,2024,98,2025-02-23,2,Ath Bilbao,Valladolid,7,1,4,0
11948,2024,98,2025-02-23,2,Getafe,Betis,1,2,0,1
11949,2024,98,2025-02-23,2,Real Madrid,Girona,2,0,1,0
11950,2024,98,2025-02-23,2,Sociedad,Leganes,3,0,1,0
11951,2024,93,2025-02-23,3,Cagliari,Juventus,0,1,0,1
11952,2024,93,2025-02-23,3,Como,Napoli,2,1,1,1
11953,2024,93,2025-02-23,3,Empoli,Atalanta,0,5,0,3
11954,2024,93,2025-02-23,3,Verona,Fiorentina,1,0,0,0
11955,2024,68,2025-02-23,4,Bayern Munich,Ein Frankfurt,4,0,1,0
11956,2024,68,2025-02-23,4,Hoffenheim,Stuttgart,1,1,0,1
11957,2024,68,2025-02-23,4,RB Leipzig,Heidenheim,2,2,1,2
11958,2024,70,2025-02-23,5,Le Havre,Toulouse,1,4,0,1
11959,2024,70,2025-02-23,5,Lyon,Paris SG,2,3,0,0
11960,2024,70,2025-02-23,5,Nantes,Lens,3,1,1,0
11961,2024,70,2025-02-23,5,Nice,Montpellier,2,0,1,0
11962,2024,70,2025-02-23,5,Strasbourg,Brest,0,0,0,0
11963,2024,99,2025-02-24,2,Sevilla,Mallorca,1,1,1,0
11964,2024,94,2025-02-24,3,Roma,Monza,4,0,2,0
11965,2024,73,2025-02-25,1,Brighton,Bournemouth,2,1,1,0
11966,2024,73,2025-02-25,1,Chelsea,Southampton,4,0,3,0
11967,2024,73,2025-02-25,1,Crystal Palace,Aston Villa,4,1,1,0
11968,2024,73,2025-02-25,1,Wolves,Fulham,1,2,1,1
11969,2024,74,2025-02-26,1,Brentford,Everton,1,1,1,0
11970,2024,74,2025-02-26,1,Liverpool,Newcastle,2,0,1,0
11971,2024,74,2025-02-26,1,Man United,Ipswich,3,2,2,2
11972,2024,74,2025-02-26,1,Nott'm Forest,Arsenal,0,0,0,0
11973,2024,74,2025-02-26,1,Tottenham,Man City,0,1,0,1
11974,2024,75,2025-02-27,1,West Ham,Leicester,2,0,2,0
11975,2024,95,2025-02-27,3,Bologna,Milan,2,1,0,1
11976,2024,100,2025-02-28,2,Valladolid,Las Palmas,1,1,0,1
11977,2024,96,2025-02-28,3,Fiorentina,Lecce,1,0,1,0
11978,2024,69,2025-02-28,4,Stuttgart,Bayern Munich,1,3,1,1
11979,2024,71,2025-02-28,5,Monaco,Reims,3,0,2,0
11980,2024,101,2025-03-01,2,Ath Madrid,Ath Bilbao,1,0,0,0
11981,2024,101,2025-03-01,2,Betis,Real Madrid,2,1,1,1
11982,2024,101,2025-03-01,2,Girona,Celta,2,2,1,1
11983,2024,101,2025-03-01,2,Vallecano,Sevilla,1,1,0,0
11984,2024,97,2025-03-01,3,Atalanta,Venezia,0,0,0,0
11985,2024,97,2025-03-01,3,Napoli,Inter,1,1,0,1
11986,2024,97,2025-03-01,3,Udinese,Parma,1,0,1,0
11987,2024,70,2025-03-01,4,Bochum,Hoffenheim,0,1,0,0
11988,2024,70,2025-03-01,4,Ein Frankfurt,Leverkusen,1,4,1,3
11989,2024,70,2025-03-01,4,Heidenheim,M'gladbach,0,3,0,2
11990,2024,70,2025-03-01,4,RB Leipzig,Mainz,1,2,1,0
11991,2024,70,2025-03-01,4,St Pauli,Dortmund,0,2,0,0
11992,2024,70,2025-03-01,4,Werder Bremen,Wolfsburg,1,2,0,1
11993,2024,72,2025-03-01,5,Lens,Le Havre,3,4,2,2
11994,2024,72,2025-03-01,5,Paris SG,Lille,4,1,4,0
11995,2024,72,2025-03-01,5,St Etienne,Nice,1,3,1,1
11996,2024,102,2025-03-02,2,Barcelona,Sociedad,4,0,2,0
11997,2024,102,2025-03-02,2,Leganes,Getafe,1,0,0,0
11998,2024,102,2025-03-02,2,Mallorca,Alaves,1,1,1,0
11999,2024,102,2025-03-02,2,Osasuna,Valencia,3,3,3,2
12000,2024,98,2025-03-02,3,Bologna,Cagliari,2,1,0,1
12001,2024,98,2025-03-02,3,Genoa,Empoli,1,1,0,1
12002,2024,98,2025-03-02,3,Milan,Lazio,1,2,0,1
12003,2024,98,2025-03-02,3,Monza,Torino,0,2,0,1
12004,2024,98,2025-03-02,3,Roma,Como,2,1,0,1
12005,2024,71,2025-03-02,4,Augsburg,Freiburg,0,0,0,0
12006,2024,71,2025-03-02,4,Union Berlin,Holstein Kiel,0,1,0,1
12007,2024,73,2025-03-02,5,Angers,Toulouse,0,4,0,0
12008,2024,73,2025-03-02,5,Auxerre,Strasbourg,0,1,0,0
12009,2024,73,2025-03-02,5,Lyon,Brest,2,1,1,1
12010,2024,73,2025-03-02,5,Marseille,Nantes,2,0,0,0
12011,2024,73,2025-03-02,5,Montpellier,Rennes,0,4,0,1
12012,2024,99,2025-03-03,3,Juventus,Verona,2,0,0,0
12013,2024,100,2025-03-07,3,Cagliari,Genoa,1,1,1,0
12014,2024,72,2025-03-07,4,M'gladbach,Mainz,1,3,0,1
12015,2024,74,2025-03-07,5,Toulouse,Monaco,1,1,0,1
12016,2024,76,2025-03-08,1,Brentford,Aston Villa,0,1,0,0
12017,2024,76,2025-03-08,1,Brighton,Fulham,2,1,1,1
12018,2024,76,2025-03-08,1,Crystal Palace,Ipswich,1,0,0,0
12019,2024,76,2025-03-08,1,Liverpool,Southampton,3,1,0,1
12020,2024,76,2025-03-08,1,Nott'm Forest,Man City,1,0,0,0
12021,2024,76,2025-03-08,1,Wolves,Everton,1,1,1,1
12022,2024,103,2025-03-08,2,Alaves,Villarreal,1,0,1,0
12023,2024,103,2025-03-08,2,Celta,Leganes,2,1,2,1
12024,2024,103,2025-03-08,2,Valencia,Valladolid,2,1,1,1
12025,2024,101,2025-03-08,3,Como,Venezia,1,1,0,0
12026,2024,101,2025-03-08,3,Inter,Monza,3,2,1,2
12027,2024,101,2025-03-08,3,Lecce,Milan,2,3,1,0
12028,2024,101,2025-03-08,3,Parma,Torino,2,2,0,1
12029,2024,73,2025-03-08,4,Bayern Munich,Bochum,2,3,2,1
12030,2024,73,2025-03-08,4,Dortmund,Augsburg,0,1,0,1
12031,2024,73,2025-03-08,4,Freiburg,RB Leipzig,0,0,0,0
12032,2024,73,2025-03-08,4,Holstein Kiel,Stuttgart,2,2,1,1
12033,2024,73,2025-03-08,4,Leverkusen,Werder Bremen,0,2,0,1
12034,2024,73,2025-03-08,4,Wolfsburg,St Pauli,1,1,0,1
12035,2024,75,2025-03-08,5,Lille,Montpellier,1,0,0,0
12036,2024,75,2025-03-08,5,Marseille,Lens,0,1,0,0
12037,2024,75,2025-03-08,5,Rennes,Paris SG,1,4,0,1
12038,2024,77,2025-03-09,1,Chelsea,Leicester,1,0,0,0
12039,2024,77,2025-03-09,1,Man United,Arsenal,1,1,1,0
12040,2024,77,2025-03-09,1,Tottenham,Bournemouth,2,2,0,1
12041,2024,104,2025-03-09,2,Ath Bilbao,Mallorca,1,1,0,0
12042,2024,104,2025-03-09,2,Betis,Las Palmas,1,0,0,0
12043,2024,104,2025-03-09,2,Getafe,Ath Madrid,2,1,0,0
12044,2024,104,2025-03-09,2,Real Madrid,Vallecano,2,1,2,1
12045,2024,104,2025-03-09,2,Sociedad,Sevilla,0,1,0,0
12046,2024,102,2025-03-09,3,Empoli,Roma,0,1,0,1
12047,2024,102,2025-03-09,3,Juventus,Atalanta,0,4,0,1
12048,2024,102,2025-03-09,3,Napoli,Fiorentina,2,1,1,0
12049,2024,102,2025-03-09,3,Verona,Bologna,1,2,0,1
12050,2024,74,2025-03-09,4,Ein Frankfurt,Union Berlin,1,2,1,0
12051,2024,74,2025-03-09,4,Hoffenheim,Heidenheim,1,1,1,0
12052,2024,76,2025-03-09,5,Brest,Angers,2,0,1,0
12053,2024,76,2025-03-09,5,Le Havre,St Etienne,1,1,1,1
12054,2024,76,2025-03-09,5,Nantes,Strasbourg,0,1,0,0
12055,2024,76,2025-03-09,5,Nice,Lyon,0,2,0,0
12056,2024,76,2025-03-09,5,Reims,Auxerre,0,2,0,2
12057,2024,78,2025-03-10,1,West Ham,Newcastle,0,1,0,0
12058,2024,105,2025-03-10,2,Espanol,Girona,1,1,0,0
12059,2024,103,2025-03-10,3,Lazio,Udinese,1,1,1,1
12060,2024,106,2025-03-14,2,Las Palmas,Alaves,2,2,0,1
12061,2024,104,2025-03-14,3,Genoa,Lecce,2,1,2,0
12062,2024,75,2025-03-14,4,St Pauli,Hoffenheim,1,0,0,0
12063,2024,77,2025-03-14,5,Nice,Auxerre,1,1,1,0
12064,2024,79,2025-03-15,1,Bournemouth,Brentford,1,2,1,1
12065,2024,79,2025-03-15,1,Everton,West Ham,1,1,0,0
12066,2024,79,2025-03-15,1,Ipswich,Nott'm Forest,2,4,0,3
12067,2024,79,2025-03-15,1,Man City,Brighton,2,2,2,1
12068,2024,79,2025-03-15,1,Southampton,Wolves,1,2,0,1
12069,2024,107,2025-03-15,2,Girona,Valencia,1,1,0,0
12070,2024,107,2025-03-15,2,Mallorca,Espanol,2,1,0,0
12071,2024,107,2025-03-15,2,Valladolid,Celta,0,1,0,0
12072,2024,107,2025-03-15,2,Villarreal,Real Madrid,1,2,1,2
12073,2024,105,2025-03-15,3,Milan,Como,2,1,0,1
12074,2024,105,2025-03-15,3,Monza,Parma,1,1,0,0
12075,2024,105,2025-03-15,3,Torino,Empoli,1,0,0,0
12076,2024,105,2025-03-15,3,Udinese,Verona,0,1,0,0
12077,2024,76,2025-03-15,4,Augsburg,Wolfsburg,1,0,0,0
12078,2024,76,2025-03-15,4,Mainz,Freiburg,2,2,1,0
12079,2024,76,2025-03-15,4,RB Leipzig,Dortmund,2,0,1,0
12080,2024,76,2025-03-15,4,Union Berlin,Bayern Munich,1,1,0,0
12081,2024,76,2025-03-15,4,Werder Bremen,M'gladbach,2,4,2,2
12082,2024,78,2025-03-15,5,Angers,Monaco,0,2,0,0
12083,2024,78,2025-03-15,5,Lens,Rennes,1,0,0,0
12084,2024,78,2025-03-15,5,Nantes,Lille,1,0,0,0
12085,2024,80,2025-03-16,1,Arsenal,Chelsea,1,0,1,0
12086,2024,80,2025-03-16,1,Fulham,Tottenham,2,0,0,0
12087,2024,80,2025-03-16,1,Leicester,Man United,0,3,0,1
12088,2024,108,2025-03-16,2,Ath Madrid,Barcelona,2,4,1,0
12089,2024,108,2025-03-16,2,Leganes,Betis,2,3,2,0
12090,2024,108,2025-03-16,2,Osasuna,Getafe,1,2,1,0
12091,2024,108,2025-03-16,2,Sevilla,Ath Bilbao,0,1,0,0
12092,2024,108,2025-03-16,2,Vallecano,Sociedad,2,2,0,1
12093,2024,106,2025-03-16,3,Atalanta,Inter,0,2,0,0
12094,2024,106,2025-03-16,3,Bologna,Lazio,5,0,1,0
12095,2024,106,2025-03-16,3,Fiorentina,Juventus,3,0,2,0
12096,2024,106,2025-03-16,3,Roma,Cagliari,1,0,0,0
12097,2024,106,2025-03-16,3,Venezia,Napoli,0,0,0,0
12098,2024,77,2025-03-16,4,Bochum,Ein Frankfurt,1,3,0,2
12099,2024,77,2025-03-16,4,Heidenheim,Holstein Kiel,3,1,1,0
12100,2024,77,2025-03-16,4,Stuttgart,Leverkusen,3,4,1,0
12101,2024,79,2025-03-16,5,Brest,Reims,0,0,0,0
12102,2024,79,2025-03-16,5,Lyon,Le Havre,4,2,1,2
12103,2024,79,2025-03-16,5,Montpellier,St Etienne,0,2,0,1
12104,2024,79,2025-03-16,5,Paris SG,Marseille,3,1,2,0
12105,2024,79,2025-03-16,5,Strasbourg,Toulouse,2,1,0,1
12106,2024,109,2025-03-27,2,Barcelona,Osasuna,3,0,2,0
12107,2024,78,2025-03-28,4,Leverkusen,Bochum,3,1,1,1
12108,2024,80,2025-03-28,5,Strasbourg,Lyon,4,2,0,0
12109,2024,110,2025-03-29,2,Alaves,Vallecano,0,2,0,1
12110,2024,110,2025-03-29,2,Espanol,Ath Madrid,1,1,0,1
12111,2024,110,2025-03-29,2,Real Madrid,Leganes,3,2,1,2
12112,2024,110,2025-03-29,2,Sociedad,Valladolid,2,1,1,0
12113,2024,107,2025-03-29,3,Como,Empoli,1,1,0,0
12114,2024,107,2025-03-29,3,Juventus,Genoa,1,0,1,0
12115,2024,107,2025-03-29,3,Lecce,Roma,0,1,0,0
12116,2024,107,2025-03-29,3,Venezia,Bologna,0,1,0,0
12117,2024,79,2025-03-29,4,Bayern Munich,St Pauli,3,2,1,1
12118,2024,79,2025-03-29,4,Ein Frankfurt,Stuttgart,1,0,0,0
12119,2024,79,2025-03-29,4,Hoffenheim,Augsburg,1,1,0,0
12120,2024,79,2025-03-29,4,Holstein Kiel,Werder Bremen,0,3,0,1
12121,2024,79,2025-03-29,4,M'gladbach,RB Leipzig,1,0,0,0
12122,2024,79,2025-03-29,4,Wolfsburg,Heidenheim,0,1,0,1
12123,2024,81,2025-03-29,5,Monaco,Nice,2,1,0,1
12124,2024,81,2025-03-29,5,Reims,Marseille,3,1,1,0
12125,2024,81,2025-03-29,5,St Etienne,Paris SG,1,6,1,1
12126,2024,111,2025-03-30,2,Ath Bilbao,Osasuna,0,0,0,0
12127,2024,111,2025-03-30,2,Barcelona,Girona,4,1,1,0
12128,2024,111,2025-03-30,2,Betis,Sevilla,2,1,2,1
12129,2024,111,2025-03-30,2,Getafe,Villarreal,1,2,1,2
12130,2024,111,2025-03-30,2,Valencia,Mallorca,1,0,0,0
12131,2024,108,2025-03-30,3,Cagliari,Monza,3,0,0,0
12132,2024,108,2025-03-30,3,Fiorentina,Atalanta,1,0,1,0
12133,2024,108,2025-03-30,3,Inter,Udinese,2,1,2,0
12134,2024,108,2025-03-30,3,Napoli,Milan,2,1,2,0
12135,2024,80,2025-03-30,4,Dortmund,Mainz,3,1,2,0
12136,2024,80,2025-03-30,4,Freiburg,Union Berlin,1,2,1,1
12137,2024,82,2025-03-30,5,Angers,Rennes,0,3,0,1
12138,2024,82,2025-03-30,5,Auxerre,Montpellier,1,0,0,0
12139,2024,82,2025-03-30,5,Le Havre,Nantes,3,2,2,1
12140,2024,82,2025-03-30,5,Lille,Lens,1,0,1,0
12141,2024,82,2025-03-30,5,Toulouse,Brest,2,4,0,2
12142,2024,112,2025-03-31,2,Celta,Las Palmas,1,1,1,0
12143,2024,109,2025-03-31,3,Lazio,Torino,1,1,0,0
12144,2024,109,2025-03-31,3,Verona,Parma,0,0,0,0
12145,2024,81,2025-04-01,1,Arsenal,Fulham,2,1,1,0
12146,2024,81,2025-04-01,1,Nott'm Forest,Man United,1,0,1,0
12147,2024,81,2025-04-01,1,Wolves,West Ham,1,0,1,0
12148,2024,82,2025-04-02,1,Bournemouth,Ipswich,1,2,0,1
12149,2024,82,2025-04-02,1,Brighton,Aston Villa,0,3,0,0
12150,2024,82,2025-04-02,1,Liverpool,Everton,1,0,0,0
12151,2024,82,2025-04-02,1,Man City,Leicester,2,0,2,0
12152,2024,82,2025-04-02,1,Newcastle,Brentford,2,1,1,0
12153,2024,82,2025-04-02,1,Southampton,Crystal Palace,1,1,1,0
12154,2024,83,2025-04-03,1,Chelsea,Tottenham,1,0,0,0
12155,2024,113,2025-04-04,2,Vallecano,Espanol,0,4,0,2
12156,2024,110,2025-04-04,3,Genoa,Udinese,1,0,0,0
12157,2024,81,2025-04-04,4,Augsburg,Bayern Munich,1,3,1,1
12158,2024,83,2025-04-04,5,Nice,Nantes,1,2,1,2
12159,2024,84,2025-04-05,1,Aston Villa,Nott'm Forest,2,1,2,0
12160,2024,84,2025-04-05,1,Crystal Palace,Brighton,2,1,1,1
12161,2024,84,2025-04-05,1,Everton,Arsenal,1,1,0,1
12162,2024,84,2025-04-05,1,Ipswich,Wolves,1,2,1,0
12163,2024,84,2025-04-05,1,West Ham,Bournemouth,2,2,0,1
12164,2024,114,2025-04-05,2,Barcelona,Betis,1,1,1,1
12165,2024,114,2025-04-05,2,Girona,Alaves,0,1,0,0
12166,2024,114,2025-04-05,2,Mallorca,Celta,1,2,1,0
12167,2024,114,2025-04-05,2,Real Madrid,Valencia,1,2,0,1
12168,2024,111,2025-04-05,3,Milan,Fiorentina,2,2,1,2
12169,2024,111,2025-04-05,3,Monza,Como,1,3,1,2
12170,2024,111,2025-04-05,3,Parma,Inter,2,2,0,2
12171,2024,82,2025-04-05,4,Bochum,Stuttgart,0,4,0,2
12172,2024,82,2025-04-05,4,Freiburg,Dortmund,1,4,0,1
12173,2024,82,2025-04-05,4,Heidenheim,Leverkusen,0,1,0,0
12174,2024,82,2025-04-05,4,Mainz,Holstein Kiel,1,1,0,1
12175,2024,82,2025-04-05,4,RB Leipzig,Hoffenheim,3,1,2,1
12176,2024,82,2025-04-05,4,Werder Bremen,Ein Frankfurt,2,0,1,0
12177,2024,84,2025-04-05,5,Brest,Monaco,2,1,1,0
12178,2024,84,2025-04-05,5,Lyon,Lille,2,1,1,1
12179,2024,84,2025-04-05,5,Paris SG,Angers,1,0,0,0
12180,2024,85,2025-04-06,1,Brentford,Chelsea,0,0,0,0
12181,2024,85,2025-04-06,1,Fulham,Liverpool,3,2,3,1
12182,2024,85,2025-04-06,1,Man United,Man City,0,0,0,0
12183,2024,85,2025-04-06,1,Tottenham,Southampton,3,1,2,0
12184,2024,115,2025-04-06,2,Las Palmas,Sociedad,1,3,0,1
12185,2024,115,2025-04-06,2,Sevilla,Ath Madrid,1,2,1,1
12186,2024,115,2025-04-06,2,Valladolid,Getafe,0,4,0,3
12187,2024,115,2025-04-06,2,Villarreal,Ath Bilbao,0,0,0,0
12188,2024,112,2025-04-06,3,Atalanta,Lazio,0,1,0,0
12189,2024,112,2025-04-06,3,Empoli,Cagliari,0,0,0,0
12190,2024,112,2025-04-06,3,Lecce,Venezia,1,1,0,0
12191,2024,112,2025-04-06,3,Roma,Juventus,1,1,0,1
12192,2024,112,2025-04-06,3,Torino,Verona,1,1,0,0
12193,2024,83,2025-04-06,4,St Pauli,M'gladbach,1,1,0,1
12194,2024,83,2025-04-06,4,Union Berlin,Wolfsburg,1,0,0,0
12195,2024,85,2025-04-06,5,Lens,St Etienne,1,0,0,0
12196,2024,85,2025-04-06,5,Marseille,Toulouse,3,2,1,1
12197,2024,85,2025-04-06,5,Montpellier,Le Havre,0,2,0,2
12198,2024,85,2025-04-06,5,Reims,Strasbourg,0,1,0,1
12199,2024,85,2025-04-06,5,Rennes,Auxerre,0,1,0,0
12200,2024,86,2025-04-07,1,Leicester,Newcastle,0,3,0,3
12201,2024,116,2025-04-07,2,Leganes,Osasuna,1,1,0,0
12202,2024,113,2025-04-07,3,Bologna,Napoli,1,1,0,1
12203,2024,117,2025-04-11,2,Valencia,Sevilla,1,0,1,0
12204,2024,114,2025-04-11,3,Udinese,Milan,0,4,0,2
12205,2024,84,2025-04-11,4,Wolfsburg,RB Leipzig,2,3,0,2
12206,2024,86,2025-04-11,5,Lens,Reims,0,2,0,1
12207,2024,87,2025-04-12,1,Arsenal,Brentford,1,1,0,0
12208,2024,87,2025-04-12,1,Brighton,Leicester,2,2,1,1
12209,2024,87,2025-04-12,1,Man City,Crystal Palace,5,2,2,2
12210,2024,87,2025-04-12,1,Nott'm Forest,Everton,0,1,0,0
12211,2024,87,2025-04-12,1,Southampton,Aston Villa,0,3,0,0
12212,2024,118,2025-04-12,2,Celta,Espanol,0,2,0,1
12213,2024,118,2025-04-12,2,Getafe,Las Palmas,1,3,1,0
12214,2024,118,2025-04-12,2,Leganes,Barcelona,0,1,0,0
12215,2024,118,2025-04-12,2,Sociedad,Mallorca,0,2,0,1
12216,2024,115,2025-04-12,3,Inter,Cagliari,3,1,2,0
12217,2024,115,2025-04-12,3,Juventus,Lecce,2,1,2,0
12218,2024,115,2025-04-12,3,Venezia,Monza,1,0,0,0
12219,2024,85,2025-04-12,4,Bayern Munich,Dortmund,2,2,0,0
12220,2024,85,2025-04-12,4,Bochum,Augsburg,1,2,0,1
12221,2024,85,2025-04-12,4,Hoffenheim,Mainz,2,0,2,0
12222,2024,85,2025-04-12,4,Holstein Kiel,St Pauli,1,2,1,1
12223,2024,85,2025-04-12,4,Leverkusen,Union Berlin,0,0,0,0
12224,2024,85,2025-04-12,4,M'gladbach,Freiburg,1,2,1,1
12225,2024,87,2025-04-12,5,Monaco,Marseille,3,0,1,0
12226,2024,87,2025-04-12,5,Strasbourg,Nice,2,2,0,1
12227,2024,87,2025-04-12,5,Toulouse,Lille,1,2,1,2
12228,2024,88,2025-04-13,1,Chelsea,Ipswich,2,2,0,2
12229,2024,88,2025-04-13,1,Liverpool,West Ham,2,1,1,0
12230,2024,88,2025-04-13,1,Newcastle,Man United,4,1,1,1
12231,2024,88,2025-04-13,1,Wolves,Tottenham,4,2,2,0
12232,2024,119,2025-04-13,2,Alaves,Real Madrid,0,1,0,1
12233,2024,119,2025-04-13,2,Ath Bilbao,Vallecano,3,1,0,1
12234,2024,119,2025-04-13,2,Betis,Villarreal,1,2,1,1
12235,2024,119,2025-04-13,2,Osasuna,Girona,2,1,1,0
12236,2024,116,2025-04-13,3,Atalanta,Bologna,2,0,2,0
12237,2024,116,2025-04-13,3,Como,Torino,1,0,1,0
12238,2024,116,2025-04-13,3,Fiorentina,Parma,0,0,0,0
12239,2024,116,2025-04-13,3,Lazio,Roma,1,1,0,0
12240,2024,116,2025-04-13,3,Verona,Genoa,0,0,0,0
12241,2024,86,2025-04-13,4,Ein Frankfurt,Heidenheim,3,0,2,0
12242,2024,86,2025-04-13,4,Stuttgart,Werder Bremen,1,2,1,1
12243,2024,88,2025-04-13,5,Angers,Montpellier,2,0,2,0
12244,2024,88,2025-04-13,5,Auxerre,Lyon,1,3,0,0
12245,2024,88,2025-04-13,5,Le Havre,Rennes,1,5,1,3
12246,2024,88,2025-04-13,5,St Etienne,Brest,3,3,2,3
12247,2024,89,2025-04-14,1,Bournemouth,Fulham,1,0,1,0
12248,2024,120,2025-04-14,2,Ath Madrid,Valladolid,4,2,2,1
12249,2024,117,2025-04-14,3,Napoli,Empoli,3,0,1,0
12250,2024,90,2025-04-16,1,Newcastle,Crystal Palace,5,0,4,0
12251,2024,121,2025-04-18,2,Espanol,Getafe,1,0,1,0
12252,2024,89,2025-04-18,5,Rennes,Nantes,2,1,1,0
12253,2024,91,2025-04-19,1,Aston Villa,Newcastle,4,1,1,1
12254,2024,91,2025-04-19,1,Brentford,Brighton,4,2,1,1
12255,2024,91,2025-04-19,1,Crystal Palace,Bournemouth,0,0,0,0
12256,2024,91,2025-04-19,1,Everton,Man City,0,2,0,0
12257,2024,91,2025-04-19,1,West Ham,Southampton,1,1,0,0
12258,2024,122,2025-04-19,2,Barcelona,Celta,4,3,1,1
12259,2024,122,2025-04-19,2,Las Palmas,Ath Madrid,1,0,0,0
12260,2024,122,2025-04-19,2,Mallorca,Leganes,0,0,0,0
12261,2024,122,2025-04-19,2,Vallecano,Valencia,1,1,1,0
12262,2024,118,2025-04-19,3,Lecce,Como,0,3,0,1
12263,2024,118,2025-04-19,3,Monza,Napoli,0,1,0,0
12264,2024,118,2025-04-19,3,Roma,Verona,1,0,1,0
12265,2024,87,2025-04-19,4,Freiburg,Hoffenheim,3,2,2,2
12266,2024,87,2025-04-19,4,Heidenheim,Bayern Munich,0,4,0,3
12267,2024,87,2025-04-19,4,Mainz,Wolfsburg,2,2,2,1
12268,2024,87,2025-04-19,4,RB Leipzig,Holstein Kiel,1,1,0,1
12269,2024,87,2025-04-19,4,Union Berlin,Stuttgart,4,4,4,4
12270,2024,87,2025-04-19,4,Werder Bremen,Bochum,1,0,0,0
12271,2024,90,2025-04-19,5,Marseille,Montpellier,5,1,1,0
12272,2024,90,2025-04-19,5,Monaco,Strasbourg,0,0,0,0
12273,2024,90,2025-04-19,5,Paris SG,Le Havre,2,1,1,0
12274,2024,92,2025-04-20,1,Fulham,Chelsea,1,2,1,0
12275,2024,92,2025-04-20,1,Ipswich,Arsenal,0,4,0,2
12276,2024,92,2025-04-20,1,Leicester,Liverpool,0,1,0,0
12277,2024,92,2025-04-20,1,Man United,Wolves,0,1,0,0
12278,2024,123,2025-04-20,2,Real Madrid,Ath Bilbao,1,0,0,0
12279,2024,123,2025-04-20,2,Sevilla,Alaves,1,1,1,1
12280,2024,123,2025-04-20,2,Valladolid,Osasuna,2,3,0,2
12281,2024,123,2025-04-20,2,Villarreal,Sociedad,2,2,1,1
12282,2024,119,2025-04-20,3,Bologna,Inter,1,0,0,0
12283,2024,119,2025-04-20,3,Empoli,Venezia,2,2,0,0
12284,2024,119,2025-04-20,3,Milan,Atalanta,0,1,0,0
12285,2024,88,2025-04-20,4,Augsburg,Ein Frankfurt,0,0,0,0
12286,2024,88,2025-04-20,4,Dortmund,M'gladbach,3,2,3,1
12287,2024,88,2025-04-20,4,St Pauli,Leverkusen,1,1,0,1
12288,2024,91,2025-04-20,5,Brest,Lens,1,3,1,2
12289,2024,91,2025-04-20,5,Lille,Auxerre,3,1,2,0
12290,2024,91,2025-04-20,5,Nice,Angers,2,1,1,0
12291,2024,91,2025-04-20,5,Reims,Toulouse,1,0,1,0
12292,2024,91,2025-04-20,5,St Etienne,Lyon,2,1,1,0
12293,2024,93,2025-04-21,1,Tottenham,Nott'm Forest,1,2,0,2
12294,2024,124,2025-04-21,2,Girona,Betis,1,3,0,3
12295,2024,94,2025-04-22,1,Man City,Aston Villa,2,1,1,1
12296,2024,125,2025-04-22,2,Barcelona,Mallorca,1,0,0,0
12297,2024,125,2025-04-22,2,Valencia,Espanol,1,1,0,1
12298,2024,92,2025-04-22,5,Nantes,Paris SG,1,1,0,1
12299,2024,95,2025-04-23,1,Arsenal,Crystal Palace,2,2,2,1
12300,2024,126,2025-04-23,2,Alaves,Sociedad,1,0,0,0
12301,2024,126,2025-04-23,2,Ath Bilbao,Las Palmas,1,0,1,0
12302,2024,126,2025-04-23,2,Celta,Villarreal,3,0,1,0
12303,2024,126,2025-04-23,2,Getafe,Real Madrid,0,1,0,1
12304,2024,120,2025-04-23,3,Cagliari,Fiorentina,1,2,1,1
12305,2024,120,2025-04-23,3,Genoa,Lazio,0,2,0,1
12306,2024,120,2025-04-23,3,Parma,Juventus,1,0,1,0
12307,2024,120,2025-04-23,3,Torino,Udinese,2,0,1,0
12308,2024,127,2025-04-24,2,Ath Madrid,Vallecano,3,0,2,0
12309,2024,127,2025-04-24,2,Betis,Valladolid,5,1,1,1
12310,2024,127,2025-04-24,2,Leganes,Girona,1,1,0,0
12311,2024,127,2025-04-24,2,Osasuna,Sevilla,1,0,1,0
12312,2024,89,2025-04-25,4,Stuttgart,Heidenheim,0,1,0,0
12313,2024,93,2025-04-25,5,Paris SG,Nice,1,3,1,1
12314,2024,96,2025-04-26,1,Brighton,West Ham,3,2,1,0
12315,2024,96,2025-04-26,1,Chelsea,Everton,1,0,1,0
12316,2024,96,2025-04-26,1,Newcastle,Ipswich,3,0,1,0
12317,2024,96,2025-04-26,1,Southampton,Fulham,1,2,1,0
12318,2024,96,2025-04-26,1,Wolves,Leicester,3,0,1,0
12319,2024,90,2025-04-26,4,Bayern Munich,Mainz,3,0,2,0
12320,2024,90,2025-04-26,4,Ein Frankfurt,RB Leipzig,4,0,1,0
12321,2024,90,2025-04-26,4,Hoffenheim,Dortmund,2,3,0,1
12322,2024,90,2025-04-26,4,Holstein Kiel,M'gladbach,4,3,2,0
12323,2024,90,2025-04-26,4,Leverkusen,Augsburg,2,0,2,0
12324,2024,90,2025-04-26,4,Wolfsburg,Freiburg,0,1,0,0
12325,2024,94,2025-04-26,5,Le Havre,Monaco,1,1,1,0
12326,2024,94,2025-04-26,5,Lyon,Rennes,4,1,3,0
12327,2024,94,2025-04-26,5,Strasbourg,St Etienne,3,1,1,1
12328,2024,97,2025-04-27,1,Bournemouth,Man United,1,1,1,0
12329,2024,97,2025-04-27,1,Liverpool,Tottenham,5,1,3,1
12330,2024,128,2025-04-27,2,Villarreal,Espanol,1,0,0,0
12331,2024,121,2025-04-27,3,Atalanta,Lecce,1,1,0,1
12332,2024,121,2025-04-27,3,Como,Genoa,1,0,0,0
12333,2024,121,2025-04-27,3,Fiorentina,Empoli,2,1,2,0
12334,2024,121,2025-04-27,3,Inter,Roma,0,1,0,1
12335,2024,121,2025-04-27,3,Juventus,Monza,2,0,2,0
12336,2024,121,2025-04-27,3,Napoli,Torino,2,0,2,0
12337,2024,121,2025-04-27,3,Venezia,Milan,0,2,0,1
12338,2024,91,2025-04-27,4,Bochum,Union Berlin,1,1,0,1
12339,2024,91,2025-04-27,4,Werder Bremen,St Pauli,0,0,0,0
12340,2024,95,2025-04-27,5,Angers,Lille,0,2,0,1
12341,2024,95,2025-04-27,5,Lens,Auxerre,0,4,0,3
12342,2024,95,2025-04-27,5,Marseille,Brest,4,1,3,1
12343,2024,95,2025-04-27,5,Montpellier,Reims,0,0,0,0
12344,2024,95,2025-04-27,5,Nantes,Toulouse,0,0,0,0
12345,2024,122,2025-04-28,3,Lazio,Parma,2,2,0,1
12346,2024,122,2025-04-28,3,Udinese,Bologna,0,0,0,0
12347,2024,122,2025-04-28,3,Verona,Cagliari,0,2,0,1
12348,2024,98,2025-05-01,1,Nott'm Forest,Brentford,0,2,0,1
12349,2024,99,2025-05-02,1,Man City,Wolves,1,0,1,0
12350,2024,129,2025-05-02,2,Vallecano,Getafe,1,0,1,0
12351,2024,123,2025-05-02,3,Torino,Venezia,1,1,0,1
12352,2024,92,2025-05-02,4,Heidenheim,Bochum,0,0,0,0
12353,2024,96,2025-05-02,5,Nice,Reims,1,0,1,0
12354,2024,100,2025-05-03,1,Arsenal,Bournemouth,1,2,1,0
12355,2024,100,2025-05-03,1,Aston Villa,Fulham,1,0,1,0
12356,2024,100,2025-05-03,1,Everton,Ipswich,2,2,2,1
12357,2024,100,2025-05-03,1,Leicester,Southampton,2,0,2,0
12358,2024,130,2025-05-03,2,Alaves,Ath Madrid,0,0,0,0
12359,2024,130,2025-05-03,2,Las Palmas,Valencia,2,3,1,1
12360,2024,130,2025-05-03,2,Valladolid,Barcelona,1,2,1,0
12361,2024,130,2025-05-03,2,Villarreal,Osasuna,4,2,3,0
12362,2024,124,2025-05-03,3,Cagliari,Udinese,1,2,1,1
12363,2024,124,2025-05-03,3,Inter,Verona,1,0,1,0
12364,2024,124,2025-05-03,3,Lecce,Napoli,0,1,0,1
12365,2024,124,2025-05-03,3,Parma,Como,0,1,0,0
12366,2024,93,2025-05-03,4,Dortmund,Wolfsburg,4,0,1,0
12367,2024,93,2025-05-03,4,M'gladbach,Hoffenheim,4,4,2,1
12368,2024,93,2025-05-03,4,RB Leipzig,Bayern Munich,3,3,2,0
12369,2024,93,2025-05-03,4,St Pauli,Stuttgart,0,1,0,0
12370,2024,93,2025-05-03,4,Union Berlin,Werder Bremen,2,2,1,2
12371,2024,97,2025-05-03,5,St Etienne,Monaco,1,3,0,1
12372,2024,97,2025-05-03,5,Strasbourg,Paris SG,2,1,2,0
12373,2024,97,2025-05-03,5,Toulouse,Rennes,2,1,1,0
12374,2024,101,2025-05-04,1,Brentford,Man United,4,3,2,1
12375,2024,101,2025-05-04,1,Brighton,Newcastle,1,1,1,0
12376,2024,101,2025-05-04,1,Chelsea,Liverpool,3,1,1,0
12377,2024,101,2025-05-04,1,West Ham,Tottenham,1,1,1,1
12378,2024,131,2025-05-04,2,Espanol,Betis,1,2,1,0
12379,2024,131,2025-05-04,2,Real Madrid,Celta,3,2,2,0
12380,2024,131,2025-05-04,2,Sevilla,Leganes,2,2,1,1
12381,2024,131,2025-05-04,2,Sociedad,Ath Bilbao,0,0,0,0
12382,2024,125,2025-05-04,3,Bologna,Juventus,1,1,0,1
12383,2024,125,2025-05-04,3,Empoli,Lazio,0,1,0,1
12384,2024,125,2025-05-04,3,Monza,Atalanta,0,4,0,2
12385,2024,125,2025-05-04,3,Roma,Fiorentina,1,0,1,0
12386,2024,94,2025-05-04,4,Augsburg,Holstein Kiel,1,3,0,2
12387,2024,94,2025-05-04,4,Freiburg,Leverkusen,2,2,1,0
12388,2024,94,2025-05-04,4,Mainz,Ein Frankfurt,1,1,0,1
12389,2024,98,2025-05-04,5,Auxerre,Le Havre,1,2,0,0
12390,2024,98,2025-05-04,5,Brest,Montpellier,1,0,1,0
12391,2024,98,2025-05-04,5,Lille,Marseille,1,1,0,0
12392,2024,98,2025-05-04,5,Lyon,Lens,1,2,0,1
12393,2024,98,2025-05-04,5,Nantes,Angers,0,1,0,0
12394,2024,102,2025-05-05,1,Crystal Palace,Nott'm Forest,1,1,0,0
12395,2024,132,2025-05-05,2,Girona,Mallorca,1,0,1,0
12396,2024,126,2025-05-05,3,Genoa,Milan,1,2,0,0
12397,2024,133,2025-05-09,2,Las Palmas,Vallecano,0,1,0,0
12398,2024,127,2025-05-09,3,Milan,Bologna,3,1,0,0
12399,2024,95,2025-05-09,4,Wolfsburg,Hoffenheim,2,2,1,1
12400,2024,103,2025-05-10,1,Bournemouth,Aston Villa,0,1,0,1
12401,2024,103,2025-05-10,1,Fulham,Everton,1,3,1,1
12402,2024,103,2025-05-10,1,Ipswich,Brentford,0,1,0,1
12403,2024,103,2025-05-10,1,Southampton,Man City,0,0,0,0
12404,2024,103,2025-05-10,1,Wolves,Brighton,0,2,0,1
12405,2024,134,2025-05-10,2,Ath Madrid,Sociedad,4,0,4,0
12406,2024,134,2025-05-10,2,Celta,Sevilla,3,2,1,1
12407,2024,134,2025-05-10,2,Girona,Villarreal,0,1,0,0
12408,2024,134,2025-05-10,2,Mallorca,Valladolid,2,1,1,1
12409,2024,134,2025-05-10,2,Valencia,Getafe,3,0,3,0
12410,2024,128,2025-05-10,3,Como,Cagliari,3,1,2,1
12411,2024,128,2025-05-10,3,Empoli,Parma,2,1,1,0
12412,2024,128,2025-05-10,3,Lazio,Juventus,1,1,0,0
12413,2024,96,2025-05-10,4,Bayern Munich,M'gladbach,2,0,1,0
12414,2024,96,2025-05-10,4,Bochum,Mainz,1,4,0,1
12415,2024,96,2025-05-10,4,Holstein Kiel,Freiburg,1,2,1,1
12416,2024,96,2025-05-10,4,Union Berlin,Heidenheim,0,3,0,1
12417,2024,96,2025-05-10,4,Werder Bremen,RB Leipzig,0,0,0,0
12418,2024,99,2025-05-10,5,Angers,Strasbourg,2,1,1,1
12419,2024,99,2025-05-10,5,Auxerre,Nantes,1,1,1,0
12420,2024,99,2025-05-10,5,Brest,Lille,2,0,1,0
12421,2024,99,2025-05-10,5,Le Havre,Marseille,1,3,0,0
12422,2024,99,2025-05-10,5,Monaco,Lyon,2,0,0,0
12423,2024,99,2025-05-10,5,Montpellier,Paris SG,1,4,0,1
12424,2024,99,2025-05-10,5,Reims,St Etienne,0,2,0,2
12425,2024,99,2025-05-10,5,Rennes,Nice,2,0,1,0
12426,2024,99,2025-05-10,5,Toulouse,Lens,1,1,0,0
12427,2024,104,2025-05-11,1,Liverpool,Arsenal,2,2,2,0
12428,2024,104,2025-05-11,1,Man United,West Ham,0,2,0,1
12429,2024,104,2025-05-11,1,Newcastle,Chelsea,2,0,1,0
12430,2024,104,2025-05-11,1,Nott'm Forest,Leicester,2,2,1,1
12431,2024,104,2025-05-11,1,Tottenham,Crystal Palace,0,2,0,1
12432,2024,135,2025-05-11,2,Ath Bilbao,Alaves,1,0,0,0
12433,2024,135,2025-05-11,2,Barcelona,Real Madrid,4,3,4,2
12434,2024,135,2025-05-11,2,Betis,Osasuna,1,1,0,0
12435,2024,135,2025-05-11,2,Leganes,Espanol,3,2,2,0
12436,2024,129,2025-05-11,3,Napoli,Genoa,2,2,1,1
12437,2024,129,2025-05-11,3,Torino,Inter,0,2,0,1
12438,2024,129,2025-05-11,3,Udinese,Monza,1,2,0,0
12439,2024,129,2025-05-11,3,Verona,Lecce,1,1,1,1
12440,2024,97,2025-05-11,4,Ein Frankfurt,St Pauli,2,2,1,2
12441,2024,97,2025-05-11,4,Leverkusen,Dortmund,2,4,1,2
12442,2024,97,2025-05-11,4,Stuttgart,Augsburg,4,0,1,0
12443,2024,130,2025-05-12,3,Atalanta,Roma,2,1,1,1
12444,2024,130,2025-05-12,3,Venezia,Fiorentina,2,1,0,0
12445,2024,136,2025-05-13,2,Sevilla,Las Palmas,1,0,0,0
12446,2024,136,2025-05-13,2,Sociedad,Celta,0,1,0,1
12447,2024,136,2025-05-13,2,Valladolid,Girona,0,1,0,0
12448,2024,137,2025-05-14,2,Alaves,Valencia,1,0,0,0
12449,2024,137,2025-05-14,2,Real Madrid,Mallorca,2,1,0,1
12450,2024,137,2025-05-14,2,Villarreal,Leganes,3,0,3,0
12451,2024,138,2025-05-15,2,Espanol,Barcelona,0,2,0,0
12452,2024,138,2025-05-15,2,Getafe,Ath Bilbao,0,2,0,0
12453,2024,138,2025-05-15,2,Osasuna,Ath Madrid,2,0,1,0
12454,2024,138,2025-05-15,2,Vallecano,Betis,2,2,2,0
12455,2024,105,2025-05-16,1,Aston Villa,Tottenham,2,0,0,0
12456,2024,105,2025-05-16,1,Chelsea,Man United,1,0,0,0
12457,2024,131,2025-05-17,3,Genoa,Atalanta,2,3,1,0
12458,2024,98,2025-05-17,4,Augsburg,Union Berlin,1,2,1,0
12459,2024,98,2025-05-17,4,Dortmund,Holstein Kiel,3,0,1,0
12460,2024,98,2025-05-17,4,Freiburg,Ein Frankfurt,1,3,1,1
12461,2024,98,2025-05-17,4,Heidenheim,Werder Bremen,1,4,0,2
12462,2024,98,2025-05-17,4,Hoffenheim,Bayern Munich,0,4,0,1
12463,2024,98,2025-05-17,4,M'gladbach,Wolfsburg,0,1,0,0
12464,2024,98,2025-05-17,4,Mainz,Leverkusen,2,2,1,0
12465,2024,98,2025-05-17,4,RB Leipzig,Stuttgart,2,3,2,1
12466,2024,98,2025-05-17,4,St Pauli,Bochum,0,2,0,1
12467,2024,100,2025-05-17,5,Lens,Monaco,4,0,1,0
12468,2024,100,2025-05-17,5,Lille,Reims,2,1,1,0
12469,2024,100,2025-05-17,5,Lyon,Angers,2,0,0,0
12470,2024,100,2025-05-17,5,Marseille,Rennes,4,2,3,1
12471,2024,100,2025-05-17,5,Nantes,Montpellier,3,0,2,0
12472,2024,100,2025-05-17,5,Nice,Brest,6,0,3,0
12473,2024,100,2025-05-17,5,Paris SG,Auxerre,3,1,0,1
12474,2024,100,2025-05-17,5,St Etienne,Toulouse,2,3,1,2
12475,2024,100,2025-05-17,5,Strasbourg,Le Havre,2,3,1,1
12476,2024,106,2025-05-18,1,Arsenal,Newcastle,1,0,0,0
12477,2024,106,2025-05-18,1,Brentford,Fulham,2,3,2,1
12478,2024,106,2025-05-18,1,Everton,Southampton,2,0,2,0
12479,2024,106,2025-05-18,1,Leicester,Ipswich,2,0,1,0
12480,2024,106,2025-05-18,1,West Ham,Nott'm Forest,1,2,0,1
12481,2024,139,2025-05-18,2,Ath Madrid,Betis,4,1,2,0
12482,2024,139,2025-05-18,2,Barcelona,Villarreal,2,3,2,1
12483,2024,139,2025-05-18,2,Celta,Vallecano,1,2,1,2
12484,2024,139,2025-05-18,2,Las Palmas,Leganes,0,1,0,1
12485,2024,139,2025-05-18,2,Mallorca,Getafe,1,2,0,0
12486,2024,139,2025-05-18,2,Osasuna,Espanol,2,0,1,0
12487,2024,139,2025-05-18,2,Sevilla,Real Madrid,0,2,0,0
12488,2024,139,2025-05-18,2,Sociedad,Girona,3,2,2,1
12489,2024,139,2025-05-18,2,Valencia,Ath Bilbao,0,1,0,0
12490,2024,139,2025-05-18,2,Valladolid,Alaves,0,1,0,1
12491,2024,132,2025-05-18,3,Cagliari,Venezia,3,0,2,0
12492,2024,132,2025-05-18,3,Fiorentina,Bologna,3,2,1,0
12493,2024,132,2025-05-18,3,Inter,Lazio,2,2,1,0
12494,2024,132,2025-05-18,3,Juventus,Udinese,2,0,0,0
12495,2024,132,2025-05-18,3,Lecce,Torino,1,0,0,0
12496,2024,132,2025-05-18,3,Monza,Empoli,1,3,1,0
12497,2024,132,2025-05-18,3,Parma,Napoli,0,0,0,0
12498,2024,132,2025-05-18,3,Roma,Milan,3,1,1,1
12499,2024,132,2025-05-18,3,Verona,Como,1,1,0,1
12500,2024,107,2025-05-19,1,Brighton,Liverpool,3,2,1,2
12501,2024,108,2025-05-20,1,Crystal Palace,Wolves,4,2,2,1
12502,2024,108,2025-05-20,1,Man City,Bournemouth,3,1,2,0
12503,2024,140,2025-05-23,2,Betis,Valencia,1,1,1,0
12504,2024,133,2025-05-23,3,Como,Inter,0,2,0,1
12505,2024,133,2025-05-23,3,Napoli,Cagliari,2,0,1,0
12506,2024,141,2025-05-24,2,Alaves,Osasuna,1,1,0,0
12507,2024,141,2025-05-24,2,Espanol,Las Palmas,2,0,0,0
12508,2024,141,2025-05-24,2,Getafe,Celta,1,2,1,1
12509,2024,141,2025-05-24,2,Leganes,Valladolid,3,0,3,0
12510,2024,141,2025-05-24,2,Real Madrid,Sociedad,2,0,1,0
12511,2024,141,2025-05-24,2,Vallecano,Mallorca,0,0,0,0
12512,2024,134,2025-05-24,3,Bologna,Genoa,1,3,0,3
12513,2024,134,2025-05-24,3,Milan,Monza,2,0,0,0
12514,2024,109,2025-05-25,1,Bournemouth,Leicester,2,0,0,0
12515,2024,109,2025-05-25,1,Fulham,Man City,0,2,0,1
12516,2024,109,2025-05-25,1,Ipswich,West Ham,1,3,0,1
12517,2024,109,2025-05-25,1,Liverpool,Crystal Palace,1,1,0,1
12518,2024,109,2025-05-25,1,Man United,Aston Villa,2,0,0,0
12519,2024,109,2025-05-25,1,Newcastle,Everton,0,1,0,0
12520,2024,109,2025-05-25,1,Nott'm Forest,Chelsea,0,1,0,0
12521,2024,109,2025-05-25,1,Southampton,Arsenal,1,2,0,1
12522,2024,109,2025-05-25,1,Tottenham,Brighton,1,4,1,0
12523,2024,109,2025-05-25,1,Wolves,Brentford,1,1,0,1
12524,2024,142,2025-05-25,2,Ath Bilbao,Barcelona,0,3,0,2
12525,2024,142,2025-05-25,2,Girona,Ath Madrid,0,4,0,0
12526,2024,142,2025-05-25,2,Villarreal,Sevilla,4,2,3,1
12527,2024,135,2025-05-25,3,Atalanta,Parma,2,3,2,0
12528,2024,135,2025-05-25,3,Empoli,Verona,1,2,1,1
12529,2024,135,2025-05-25,3,Lazio,Lecce,0,1,0,1
12530,2024,135,2025-05-25,3,Torino,Roma,0,2,0,1
12531,2024,135,2025-05-25,3,Udinese,Fiorentina,2,3,1,0
12532,2024,135,2025-05-25,3,Venezia,Juventus,2,3,1,2
